1	0	edc_0	0	1000	0	0	0	0	0	0	0	0	0
2	0	edc_1	0	1000	0	0	0	0	0	0	0	0	0
3	0	edc_2	0	1000	0	0	0	0	0	0	0	0	0
4	1	edc_0	0	1000	1	176.557510375977	0	176.557510375977	0	0	0	0	0
5	1	edc_1	0	1000	1	176.557510375977	0	176.557510375977	0	0	0	0	0
6	1	edc_2	0	1000	1	176.557510375977	0	176.557510375977	0	0	0	0	0
7	1.2	edc_0	20	1000	1	185.543907165527	0	185.543907165527	0	0	0	0	0
8	1.2	edc_1	20	1000	1	185.543907165527	0	185.543907165527	0	0	0	0	0
9	1.2	edc_2	20	1000	1	185.543907165527	0	185.543907165527	0	0	0	0	0
10	1.4	edc_0	40	1000	1	193.471015930176	0	193.471015930176	0	0	0	0	0
11	1.4	edc_1	40	1000	1	193.471015930176	0	193.471015930176	0	0	0	0	0
12	1.5	edc_0	40	1000	1	281.749771118164	0	281.749771118164	0	0	0	0	0
13	1.5	edc_1	40	1000	1	281.749771118164	0	281.749771118164	0	0	0	0	0
14	1.5	edc_2	20	1000	1	273.822662353516	0	273.822662353516	0	0	0	0	0
15	1.6	edc_0	60	1000	1	284.328437805176	0	284.328437805176	0	0	0	0	0
16	1.6	edc_1	60	1000	1	284.328437805176	0	284.328437805176	0	0	0	0	0
17	1.8	edc_0	80	1000	1	285.673316955566	0	285.673316955566	0	0	0	0	0
18	1.8	edc_1	80	1000	1	285.673316955566	0	285.673316955566	0	0	0	0	0
19	2	edc_0	100	1000	1	286.975952148438	0	286.975952148438	0	0	0	0	0
20	11.4	edc_0	80	1000	1	285.673316955566	0	285.673316955566	0	0	0	0	0
21	11.4	edc_1	60	1000	1	284.328437805176	0	284.328437805176	0	0	0	0	0
22	11.4	edc_2	0	1000	1	264.836265563965	0	264.836265563965	0	0	0	0	0
23	11.6	edc_0	60	1000	1	284.328437805176	0	284.328437805176	0	0	0	0	0
24	11.6	edc_1	40	1000	1	281.749771118164	0	281.749771118164	0	0	0	0	0
25	11.8	edc_0	40	1000	1	281.749771118164	0	281.749771118164	0	0	0	0	0
26	11.8	edc_1	20	1000	1	273.822662353516	0	273.822662353516	0	0	0	0	0
27	12	edc_0	20	1000	1	273.822662353516	0	273.822662353516	0	0	0	0	0
28	12	edc_1	0	1000	1	264.836265563965	0	264.836265563965	0	0	0	0	0
29	12.1	edc_2	20	1000	1	273.822662353516	0	273.822662353516	0	0	0	0	0
30	12.2	edc_0	40	1000	1	281.749771118164	0	281.749771118164	0	0	0	0	0
31	12.2	edc_1	20	1000	1	273.822662353516	0	273.822662353516	0	0	0	0	0
32	12.2	edc_2	20	1000	1	185.543907165527	0	185.543907165527	0	0	0	0	0
33	12.4	edc_0	20	1000	1	273.822662353516	0	273.822662353516	0	0	0	0	0
34	12.4	edc_1	40	1000	1	281.749771118164	0	281.749771118164	0	0	0	0	0
35	12.6	edc_0	40	1000	1	281.749771118164	0	281.749771118164	0	0	0	0	0
36	12.6	edc_1	60	1000	1	284.328437805176	0	284.328437805176	0	0	0	0	0
37	12.8	edc_0	60	1000	1	284.328437805176	0	284.328437805176	0	0	0	0	0
39	12.8	edc_1	80	1000	1	197.394561767578	0	197.394561767578	0	0	0	0	0
40	13	edc_0	80	1000	1	285.673316955566	0	285.673316955566	0	0	0	0	0
41	13.2	edc_0	100	1000	1	286.975952148438	0	286.975952148438	0	0	0	0	0
42	13.2	edc_2	20	1000	1	273.822662353516	0	273.822662353516	0	0	0	0	0
43	13.8	edc_1	80	1000	1	285.673316955566	0	285.673316955566	0	0	0	0	0
44	22.3	edc_2	0	1000	1	264.836265563965	0	264.836265563965	0	0	0	0	0
45	22.4	edc_0	80	1000	1	285.673316955566	0	285.673316955566	0	0	0	0	0
46	22.4	edc_1	60	1000	1	284.328437805176	0	284.328437805176	0	0	0	0	0
47	22.6	edc_1	40	1000	1	281.749771118164	0	281.749771118164	0	0	0	0	0
48	22.8	edc_0	60	1000	1	284.328437805176	0	284.328437805176	0	0	0	0	0
49	22.8	edc_1	20	1000	1	273.822662353516	0	273.822662353516	0	0	0	0	0
50	23	edc_0	40	1000	1	281.749771118164	0	281.749771118164	0	0	0	0	0
51	23	edc_1	0	1000	1	264.836265563965	0	264.836265563965	0	0	0	0	0
52	23	edc_2	20	1000	1	273.822662353516	0	273.822662353516	0	0	0	0	0
53	23.1	edc_2	20	1000	1	185.543907165527	0	185.543907165527	0	0	0	0	0
54	23.2	edc_0	20	1000	1	273.822662353516	0	273.822662353516	0	0	0	0	0
55	23.2	edc_1	20	1000	1	273.822662353516	0	273.822662353516	0	0	0	0	0
56	23.4	edc_0	0	1000	1	264.836265563965	0	264.836265563965	0	0	0	0	0
57	23.4	edc_1	40	1000	1	281.749771118164	0	281.749771118164	0	0	0	0	0
58	23.6	edc_0	20	1000	1	273.822662353516	0	273.822662353516	0	0	0	0	0
59	23.6	edc_1	60	1000	1	284.328437805176	0	284.328437805176	0	0	0	0	0
60	23.8	edc_0	40	1000	1	281.749771118164	0	281.749771118164	0	0	0	0	0
61	23.8	edc_1	80	1000	1	197.394561767578	0	197.394561767578	0	0	0	0	0
62	24	edc_0	60	1000	1	284.328437805176	0	284.328437805176	0	0	0	0	0
63	24.1	edc_2	20	1000	1	273.822662353516	0	273.822662353516	0	0	0	0	0
64	24.2	edc_0	80	1000	1	285.673316955566	0	285.673316955566	0	0	0	0	0
65	24.4	edc_0	100	1000	1	286.975952148438	0	286.975952148438	0	0	0	0	0
66	24.8	edc_1	80	1000	1	285.673316955566	0	285.673316955566	0	0	0	0	0
67	33.2	edc_2	0	1000	1	264.836265563965	0	264.836265563965	0	0	0	0	0
68	33.4	edc_1	60	1000	1	284.328437805176	0	284.328437805176	0	0	0	0	0
69	33.6	edc_1	40	1000	1	281.749771118164	0	281.749771118164	0	0	0	0	0
70	33.8	edc_0	80	1000	1	285.673316955566	0	285.673316955566	0	0	0	0	0
71	33.8	edc_1	20	1000	1	273.822662353516	0	273.822662353516	0	0	0	0	0
72	33.9	edc_2	20	1000	1	273.822662353516	0	273.822662353516	0	0	0	0	0
73	34	edc_2	20	1000	1	185.543907165527	0	185.543907165527	0	0	0	0	0
74	34	edc_0	60	1000	1	284.328437805176	0	284.328437805176	0	0	0	0	0
75	34	edc_1	0	1000	1	264.836265563965	0	264.836265563965	0	0	0	0	0
76	34.2	edc_0	40	1000	1	281.749771118164	0	281.749771118164	0	0	0	0	0
77	34.2	edc_1	20	1000	1	273.822662353516	0	273.822662353516	0	0	0	0	0
78	34.4	edc_0	20	1000	1	273.822662353516	0	273.822662353516	0	0	0	0	0
79	34.4	edc_1	40	1000	1	281.749771118164	0	281.749771118164	0	0	0	0	0
80	34.6	edc_0	0	1000	1	264.836265563965	0	264.836265563965	0	0	0	0	0
81	34.6	edc_1	60	1000	1	284.328437805176	0	284.328437805176	0	0	0	0	0
83	34.8	edc_0	20	1000	1	273.822662353516	0	273.822662353516	0	0	0	0	0
84	34.8	edc_1	80	1000	1	197.394561767578	0	197.394561767578	0	0	0	0	0
85	35	edc_2	20	1000	1	273.822662353516	0	273.822662353516	0	0	0	0	0
86	35	edc_0	40	1000	1	281.749771118164	0	281.749771118164	0	0	0	0	0
87	35.2	edc_0	60	1000	1	284.328437805176	0	284.328437805176	0	0	0	0	0
88	35.4	edc_0	80	1000	1	285.673316955566	0	285.673316955566	0	0	0	0	0
89	35.6	edc_0	100	1000	1	286.975952148438	0	286.975952148438	0	0	0	0	0
90	35.8	edc_1	80	1000	1	285.673316955566	0	285.673316955566	0	0	0	0	0
91	44.1	edc_2	0	1000	1	264.836265563965	0	264.836265563965	0	0	0	0	0
92	44.4	edc_1	60	1000	1	284.328437805176	0	284.328437805176	0	0	0	0	0
93	44.6	edc_1	40	1000	1	281.749771118164	0	281.749771118164	0	0	0	0	0
94	44.8	edc_2	20	1000	1	273.822662353516	0	273.822662353516	0	0	0	0	0
95	44.8	edc_1	20	1000	1	273.822662353516	0	273.822662353516	0	0	0	0	0
96	44.9	edc_2	20	1000	1	185.543907165527	0	185.543907165527	0	0	0	0	0
97	45	edc_0	80	1000	1	285.673316955566	0	285.673316955566	0	0	0	0	0
98	45	edc_1	0	1000	1	264.836265563965	0	264.836265563965	0	0	0	0	0
99	45.2	edc_1	20	1000	1	273.822662353516	0	273.822662353516	0	0	0	0	0
100	45.3	edc_0	60	1000	1	284.328437805176	0	284.328437805176	0	0	0	0	0
101	45.4	edc_1	40	1000	1	281.749771118164	0	281.749771118164	0	0	0	0	0
102	45.5	edc_0	40	1000	1	281.749771118164	0	281.749771118164	0	0	0	0	0
103	45.6	edc_1	60	1000	1	284.328437805176	0	284.328437805176	0	0	0	0	0
104	45.7	edc_0	20	1000	1	273.822662353516	0	273.822662353516	0	0	0	0	0
106	45.8	edc_1	80	1000	1	197.394561767578	0	197.394561767578	0	0	0	0	0
107	45.9	edc_2	20	1000	1	273.822662353516	0	273.822662353516	0	0	0	0	0
108	45.9	edc_0	0	1000	1	264.836265563965	0	264.836265563965	0	0	0	0	0
109	46.1	edc_0	20	1000	1	273.822662353516	0	273.822662353516	0	0	0	0	0
110	46.3	edc_0	40	1000	1	281.749771118164	0	281.749771118164	0	0	0	0	0
111	46.5	edc_0	60	1000	1	284.328437805176	0	284.328437805176	0	0	0	0	0
112	46.7	edc_0	80	1000	1	285.673316955566	0	285.673316955566	0	0	0	0	0
113	46.8	edc_1	80	1000	1	285.673316955566	0	285.673316955566	0	0	0	0	0
114	46.9	edc_0	100	1000	1	286.975952148438	0	286.975952148438	0	0	0	0	0
115	55	edc_2	0	1000	1	264.836265563965	0	264.836265563965	0	0	0	0	0
116	55.4	edc_1	60	1000	1	284.328437805176	0	284.328437805176	0	0	0	0	0
117	55.6	edc_1	40	1000	1	281.749771118164	0	281.749771118164	0	0	0	0	0
118	55.7	edc_2	20	1000	1	273.822662353516	0	273.822662353516	0	0	0	0	0
119	55.8	edc_2	20	1000	1	185.543907165527	0	185.543907165527	0	0	0	0	0
120	55.8	edc_1	20	1000	1	273.822662353516	0	273.822662353516	0	0	0	0	0
121	56	edc_1	0	1000	1	264.836265563965	0	264.836265563965	0	0	0	0	0
122	56.2	edc_1	20	1000	1	273.822662353516	0	273.822662353516	0	0	0	0	0
123	56.3	edc_0	80	1000	1	285.673316955566	0	285.673316955566	0	0	0	0	0
124	56.4	edc_1	40	1000	1	281.749771118164	0	281.749771118164	0	0	0	0	0
125	56.5	edc_0	60	1000	1	284.328437805176	0	284.328437805176	0	0	0	0	0
126	56.6000000000001	edc_1	60	1000	1	284.328437805176	0	284.328437805176	0	0	0	0	0
127	56.8	edc_0	40	1000	1	281.749771118164	0	281.749771118164	0	0	0	0	0
128	56.8	edc_2	20	1000	1	273.822662353516	0	273.822662353516	0	0	0	0	0
129	56.8	edc_1	60	1000	1	196.049682617188	0	196.049682617188	0	0	0	0	0
130	56.8000000000001	edc_1	80	1000	1	197.394561767578	0	197.394561767578	0	0	0	0	0
131	57	edc_0	20	1000	1	273.822662353516	0	273.822662353516	0	0	0	0	0
132	57.2	edc_0	0	1000	1	264.836265563965	0	264.836265563965	0	0	0	0	0
133	57.4	edc_0	20	1000	1	273.822662353516	0	273.822662353516	0	0	0	0	0
134	57.6	edc_0	40	1000	1	281.749771118164	0	281.749771118164	0	0	0	0	0
135	57.8	edc_0	60	1000	1	284.328437805176	0	284.328437805176	0	0	0	0	0
136	57.8	edc_1	80	1000	1	285.673316955566	0	285.673316955566	0	0	0	0	0
137	58	edc_0	80	1000	1	285.673316955566	0	285.673316955566	0	0	0	0	0
138	58.2	edc_0	100	1000	1	286.975952148438	0	286.975952148438	0	0	0	0	0
139	65.9	edc_2	0	1000	1	264.836265563965	0	264.836265563965	0	0	0	0	0
140	66.4	edc_1	60	1000	1	284.328437805176	0	284.328437805176	0	0	0	0	0
141	66.6	edc_2	20	1000	1	273.822662353516	0	273.822662353516	0	0	0	0	0
142	66.6000000000001	edc_1	40	1000	1	281.749771118164	0	281.749771118164	0	0	0	0	0
143	66.7	edc_2	20	1000	1	185.543907165527	0	185.543907165527	0	0	0	0	0
144	66.8000000000001	edc_1	20	1000	1	273.822662353516	0	273.822662353516	0	0	0	0	0
145	67.0000000000001	edc_1	0	1000	1	264.836265563965	0	264.836265563965	0	0	0	0	0
146	67.2000000000001	edc_1	20	1000	1	273.822662353516	0	273.822662353516	0	0	0	0	0
147	67.4000000000001	edc_1	40	1000	1	281.749771118164	0	281.749771118164	0	0	0	0	0
148	67.6	edc_0	80	1000	1	285.673316955566	0	285.673316955566	0	0	0	0	0
149	67.6000000000001	edc_1	60	1000	1	284.328437805176	0	284.328437805176	0	0	0	0	0
150	67.7	edc_2	20	1000	1	273.822662353516	0	273.822662353516	0	0	0	0	0
151	67.8	edc_0	60	1000	1	284.328437805176	0	284.328437805176	0	0	0	0	0
153	67.8000000000001	edc_1	80	1000	1	197.394561767578	0	197.394561767578	0	0	0	0	0
154	68	edc_0	40	1000	1	281.749771118164	0	281.749771118164	0	0	0	0	0
155	68.3	edc_0	20	1000	1	273.822662353516	0	273.822662353516	0	0	0	0	0
156	68.5	edc_0	0	1000	1	264.836265563965	0	264.836265563965	0	0	0	0	0
157	68.7	edc_0	20	1000	1	273.822662353516	0	273.822662353516	0	0	0	0	0
158	68.8000000000001	edc_1	80	1000	1	285.673316955566	0	285.673316955566	0	0	0	0	0
159	68.9	edc_0	40	1000	1	281.749771118164	0	281.749771118164	0	0	0	0	0
160	69.1	edc_0	60	1000	1	284.328437805176	0	284.328437805176	0	0	0	0	0
161	69.3	edc_0	80	1000	1	285.673316955566	0	285.673316955566	0	0	0	0	0
162	69.5	edc_0	100	1000	1	286.975952148438	0	286.975952148438	0	0	0	0	0
163	76.8	edc_2	0	1000	1	264.836265563965	0	264.836265563965	0	0	0	0	0
164	77.4000000000001	edc_1	60	1000	1	284.328437805176	0	284.328437805176	0	0	0	0	0
165	77.5	edc_2	20	1000	1	273.822662353516	0	273.822662353516	0	0	0	0	0
166	77.6	edc_2	20	1000	1	185.543907165527	0	185.543907165527	0	0	0	0	0
167	77.6000000000001	edc_1	40	1000	1	281.749771118164	0	281.749771118164	0	0	0	0	0
168	77.8000000000001	edc_1	20	1000	1	273.822662353516	0	273.822662353516	0	0	0	0	0
169	78.0000000000001	edc_1	0	1000	1	264.836265563965	0	264.836265563965	0	0	0	0	0
170	78.2000000000001	edc_1	20	1000	1	273.822662353516	0	273.822662353516	0	0	0	0	0
171	78.4000000000001	edc_1	40	1000	1	281.749771118164	0	281.749771118164	0	0	0	0	0
172	78.6	edc_2	20	1000	1	273.822662353516	0	273.822662353516	0	0	0	0	0
173	78.6000000000001	edc_1	60	1000	1	284.328437805176	0	284.328437805176	0	0	0	0	0
175	78.8000000000001	edc_1	80	1000	1	197.394561767578	0	197.394561767578	0	0	0	0	0
176	78.9	edc_0	80	1000	1	285.673316955566	0	285.673316955566	0	0	0	0	0
177	79.1	edc_0	60	1000	1	284.328437805176	0	284.328437805176	0	0	0	0	0
178	79.3	edc_0	40	1000	1	281.749771118164	0	281.749771118164	0	0	0	0	0
179	79.5	edc_0	20	1000	1	273.822662353516	0	273.822662353516	0	0	0	0	0
180	79.7	edc_0	40	1000	1	281.749771118164	0	281.749771118164	0	0	0	0	0
181	79.8000000000001	edc_1	80	1000	1	285.673316955566	0	285.673316955566	0	0	0	0	0
182	79.9	edc_0	20	1000	1	273.822662353516	0	273.822662353516	0	0	0	0	0
183	80.1	edc_0	40	1000	1	281.749771118164	0	281.749771118164	0	0	0	0	0
184	80.3	edc_0	60	1000	1	284.328437805176	0	284.328437805176	0	0	0	0	0
185	80.5	edc_0	80	1000	1	285.673316955566	0	285.673316955566	0	0	0	0	0
186	80.7	edc_0	100	1000	1	286.975952148438	0	286.975952148438	0	0	0	0	0
187	87.8	edc_2	0	1000	1	264.836265563965	0	264.836265563965	0	0	0	0	0
188	88.4000000000001	edc_1	60	1000	1	284.328437805176	0	284.328437805176	0	0	0	0	0
189	88.5	edc_2	20	1000	1	273.822662353516	0	273.822662353516	0	0	0	0	0
190	88.6	edc_2	20	1000	1	185.543907165527	0	185.543907165527	0	0	0	0	0
191	88.6000000000001	edc_1	40	1000	1	281.749771118164	0	281.749771118164	0	0	0	0	0
192	88.8000000000001	edc_1	20	1000	1	273.822662353516	0	273.822662353516	0	0	0	0	0
193	89.0000000000001	edc_1	0	1000	1	264.836265563965	0	264.836265563965	0	0	0	0	0
194	89.2000000000001	edc_1	20	1000	1	273.822662353516	0	273.822662353516	0	0	0	0	0
195	89.4000000000001	edc_1	40	1000	1	281.749771118164	0	281.749771118164	0	0	0	0	0
196	89.6	edc_2	20	1000	1	273.822662353516	0	273.822662353516	0	0	0	0	0
197	89.6000000000001	edc_1	60	1000	1	284.328437805176	0	284.328437805176	0	0	0	0	0
199	89.8000000000001	edc_1	80	1000	1	197.394561767578	0	197.394561767578	0	0	0	0	0
200	89.9	edc_0	80	1000	1	285.673316955566	0	285.673316955566	0	0	0	0	0
201	90.3	edc_0	60	1000	1	284.328437805176	0	284.328437805176	0	0	0	0	0
202	90.5	edc_0	40	1000	1	281.749771118164	0	281.749771118164	0	0	0	0	0
203	90.7	edc_0	60	1000	1	284.328437805176	0	284.328437805176	0	0	0	0	0
204	90.8000000000001	edc_1	80	1000	1	285.673316955566	0	285.673316955566	0	0	0	0	0
205	90.9	edc_0	40	1000	1	281.749771118164	0	281.749771118164	0	0	0	0	0
206	91.1	edc_0	20	1000	1	273.822662353516	0	273.822662353516	0	0	0	0	0
207	91.3	edc_0	40	1000	1	281.749771118164	0	281.749771118164	0	0	0	0	0
208	91.5	edc_0	60	1000	1	284.328437805176	0	284.328437805176	0	0	0	0	0
209	91.7	edc_0	80	1000	1	285.673316955566	0	285.673316955566	0	0	0	0	0
210	91.9	edc_0	100	1000	1	286.975952148438	0	286.975952148438	0	0	0	0	0
211	98.7	edc_2	0	1000	1	264.836265563965	0	264.836265563965	0	0	0	0	0
212	99.4	edc_2	20	1000	1	273.822662353516	0	273.822662353516	0	0	0	0	0
213	99.4000000000001	edc_1	60	1000	1	284.328437805176	0	284.328437805176	0	0	0	0	0
214	99.5	edc_2	20	1000	1	185.543907165527	0	185.543907165527	0	0	0	0	0
215	99.6000000000001	edc_1	40	1000	1	281.749771118164	0	281.749771118164	0	0	0	0	0
216	99.8000000000001	edc_1	20	1000	1	273.822662353516	0	273.822662353516	0	0	0	0	0
217	100	edc_1	0	1000	1	264.836265563965	0	264.836265563965	0	0	0	0	0
218	100.2	edc_1	20	1000	1	273.822662353516	0	273.822662353516	0	0	0	0	0
219	100.4	edc_1	40	1000	1	281.749771118164	0	281.749771118164	0	0	0	0	0
220	100.5	edc_2	20	1000	1	273.822662353516	0	273.822662353516	0	0	0	0	0
221	100.6	edc_1	60	1000	1	284.328437805176	0	284.328437805176	0	0	0	0	0
223	100.8	edc_1	80	1000	1	197.394561767578	0	197.394561767578	0	0	0	0	0
224	100.9	edc_0	80	1000	1	285.673316955566	0	285.673316955566	0	0	0	0	0
225	101.5	edc_0	60	1000	1	284.328437805176	0	284.328437805176	0	0	0	0	0
226	101.7	edc_0	80	1000	1	285.673316955566	0	285.673316955566	0	0	0	0	0
227	101.8	edc_1	80	1000	1	285.673316955566	0	285.673316955566	0	0	0	0	0
228	101.9	edc_0	60	1000	1	284.328437805176	0	284.328437805176	0	0	0	0	0
229	102.1	edc_0	40	1000	1	281.749771118164	0	281.749771118164	0	0	0	0	0
230	102.3	edc_0	20	1000	1	273.822662353516	0	273.822662353516	0	0	0	0	0
231	102.5	edc_0	40	1000	1	281.749771118164	0	281.749771118164	0	0	0	0	0
232	102.7	edc_0	60	1000	1	284.328437805176	0	284.328437805176	0	0	0	0	0
233	102.9	edc_0	80	1000	1	285.673316955566	0	285.673316955566	0	0	0	0	0
234	103.1	edc_0	100	1000	1	286.975952148438	0	286.975952148438	0	0	0	0	0
235	109.6	edc_2	0	1000	1	264.836265563965	0	264.836265563965	0	0	0	0	0
236	110.3	edc_2	20	1000	1	273.822662353516	0	273.822662353516	0	0	0	0	0
237	110.4	edc_2	20	1000	1	185.543907165527	0	185.543907165527	0	0	0	0	0
238	110.4	edc_1	60	1000	1	284.328437805176	0	284.328437805176	0	0	0	0	0
239	110.6	edc_1	40	1000	1	281.749771118164	0	281.749771118164	0	0	0	0	0
240	110.8	edc_1	20	1000	1	273.822662353516	0	273.822662353516	0	0	0	0	0
241	111	edc_1	0	1000	1	264.836265563965	0	264.836265563965	0	0	0	0	0
242	111.2	edc_1	20	1000	1	273.822662353516	0	273.822662353516	0	0	0	0	0
243	111.4	edc_2	20	1000	1	273.822662353516	0	273.822662353516	0	0	0	0	0
244	111.4	edc_1	40	1000	1	281.749771118164	0	281.749771118164	0	0	0	0	0
245	111.6	edc_1	60	1000	1	284.328437805176	0	284.328437805176	0	0	0	0	0
247	111.8	edc_1	80	1000	1	197.394561767578	0	197.394561767578	0	0	0	0	0
248	111.9	edc_0	80	1000	1	285.673316955566	0	285.673316955566	0	0	0	0	0
249	112.6	edc_0	100	1000	1	286.975952148438	0	286.975952148438	0	0	0	0	0
250	112.8	edc_0	80	1000	1	285.673316955566	0	285.673316955566	0	0	0	0	0
251	112.8	edc_1	80	1000	1	285.673316955566	0	285.673316955566	0	0	0	0	0
252	113	edc_0	60	1000	1	284.328437805176	0	284.328437805176	0	0	0	0	0
253	113.2	edc_0	40	1000	1	281.749771118164	0	281.749771118164	0	0	0	0	0
254	113.4	edc_0	20	1000	1	273.822662353516	0	273.822662353516	0	0	0	0	0
255	113.6	edc_0	40	1000	1	281.749771118164	0	281.749771118164	0	0	0	0	0
256	113.8	edc_0	60	1000	1	284.328437805176	0	284.328437805176	0	0	0	0	0
257	114	edc_0	80	1000	1	285.673316955566	0	285.673316955566	0	0	0	0	0
258	114.2	edc_0	100	1000	1	286.975952148438	0	286.975952148438	0	0	0	0	0
259	120.5	edc_2	0	1000	1	264.836265563965	0	264.836265563965	0	0	0	0	0
260	121.2	edc_2	20	1000	1	273.822662353516	0	273.822662353516	0	0	0	0	0
261	121.3	edc_2	20	1000	1	185.543907165527	0	185.543907165527	0	0	0	0	0
262	121.4	edc_1	60	1000	1	284.328437805176	0	284.328437805176	0	0	0	0	0
263	121.6	edc_1	40	1000	1	281.749771118164	0	281.749771118164	0	0	0	0	0
264	121.8	edc_1	20	1000	1	273.822662353516	0	273.822662353516	0	0	0	0	0
265	122	edc_1	0	1000	1	264.836265563965	0	264.836265563965	0	0	0	0	0
266	122.2	edc_1	20	1000	1	273.822662353516	0	273.822662353516	0	0	0	0	0
267	122.3	edc_2	20	1000	1	273.822662353516	0	273.822662353516	0	0	0	0	0
268	122.4	edc_1	40	1000	1	281.749771118164	0	281.749771118164	0	0	0	0	0
269	122.6	edc_1	60	1000	1	284.328437805176	0	284.328437805176	0	0	0	0	0
270	122.8	edc_0	80	1000	1	285.673316955566	0	285.673316955566	0	0	0	0	0
272	122.8	edc_1	80	1000	1	197.394561767578	0	197.394561767578	0	0	0	0	0
273	123.5	edc_0	100	1000	1	286.975952148438	0	286.975952148438	0	0	0	0	0
274	123.8	edc_0	80	1000	1	285.673316955566	0	285.673316955566	0	0	0	0	0
275	123.8	edc_1	80	1000	1	285.673316955566	0	285.673316955566	0	0	0	0	0
276	124	edc_0	60	1000	1	284.328437805176	0	284.328437805176	0	0	0	0	0
277	124.3	edc_0	40	1000	1	281.749771118164	0	281.749771118164	0	0	0	0	0
278	124.5	edc_0	20	1000	1	273.822662353516	0	273.822662353516	0	0	0	0	0
279	124.7	edc_0	40	1000	1	281.749771118164	0	281.749771118164	0	0	0	0	0
280	124.9	edc_0	60	1000	1	284.328437805176	0	284.328437805176	0	0	0	0	0
281	125.1	edc_0	80	1000	1	285.673316955566	0	285.673316955566	0	0	0	0	0
282	125.3	edc_0	100	1000	1	286.975952148438	0	286.975952148438	0	0	0	0	0
283	131.4	edc_2	0	1000	1	264.836265563965	0	264.836265563965	0	0	0	0	0
284	132.1	edc_2	20	1000	1	273.822662353516	0	273.822662353516	0	0	0	0	0
285	132.2	edc_2	20	1000	1	185.543907165527	0	185.543907165527	0	0	0	0	0
286	132.4	edc_1	60	1000	1	284.328437805176	0	284.328437805176	0	0	0	0	0
287	132.6	edc_1	40	1000	1	281.749771118164	0	281.749771118164	0	0	0	0	0
288	132.8	edc_1	20	1000	1	273.822662353516	0	273.822662353516	0	0	0	0	0
289	133	edc_1	0	1000	1	264.836265563965	0	264.836265563965	0	0	0	0	0
290	133.2	edc_2	20	1000	1	273.822662353516	0	273.822662353516	0	0	0	0	0
291	133.2	edc_1	20	1000	1	273.822662353516	0	273.822662353516	0	0	0	0	0
292	133.4	edc_1	40	1000	1	281.749771118164	0	281.749771118164	0	0	0	0	0
293	133.6	edc_1	60	1000	1	284.328437805176	0	284.328437805176	0	0	0	0	0
294	133.8	edc_0	80	1000	1	285.673316955566	0	285.673316955566	0	0	0	0	0
296	133.8	edc_1	80	1000	1	197.394561767578	0	197.394561767578	0	0	0	0	0
297	134.5	edc_0	100	1000	1	286.975952148438	0	286.975952148438	0	0	0	0	0
298	134.8	edc_1	80	1000	1	285.673316955566	0	285.673316955566	0	0	0	0	0
299	134.9	edc_0	80	1000	1	285.673316955566	0	285.673316955566	0	0	0	0	0
300	135.1	edc_0	60	1000	1	284.328437805176	0	284.328437805176	0	0	0	0	0
301	135.3	edc_0	40	1000	1	281.749771118164	0	281.749771118164	0	0	0	0	0
302	135.5	edc_0	20	1000	1	273.822662353516	0	273.822662353516	0	0	0	0	0
303	135.7	edc_0	40	1000	1	281.749771118164	0	281.749771118164	0	0	0	0	0
304	135.9	edc_0	60	1000	1	284.328437805176	0	284.328437805176	0	0	0	0	0
305	136.1	edc_0	80	1000	1	285.673316955566	0	285.673316955566	0	0	0	0	0
306	136.3	edc_0	100	1000	1	286.975952148438	0	286.975952148438	0	0	0	0	0
307	142.3	edc_2	0	1000	1	264.836265563965	0	264.836265563965	0	0	0	0	0
308	143	edc_2	20	1000	1	273.822662353516	0	273.822662353516	0	0	0	0	0
309	143.1	edc_2	20	1000	1	185.543907165527	0	185.543907165527	0	0	0	0	0
310	143.4	edc_1	60	1000	1	284.328437805176	0	284.328437805176	0	0	0	0	0
311	143.6	edc_1	40	1000	1	281.749771118164	0	281.749771118164	0	0	0	0	0
312	143.8	edc_1	20	1000	1	273.822662353516	0	273.822662353516	0	0	0	0	0
313	144	edc_1	0	1000	1	264.836265563965	0	264.836265563965	0	0	0	0	0
314	144.1	edc_2	20	1000	1	273.822662353516	0	273.822662353516	0	0	0	0	0
315	144.2	edc_1	20	1000	1	273.822662353516	0	273.822662353516	0	0	0	0	0
316	144.4	edc_1	40	1000	1	281.749771118164	0	281.749771118164	0	0	0	0	0
317	144.6	edc_1	60	1000	1	284.328437805176	0	284.328437805176	0	0	0	0	0
318	144.7	edc_0	80	1000	1	285.673316955566	0	285.673316955566	0	0	0	0	0
320	144.8	edc_1	80	1000	1	197.394561767578	0	197.394561767578	0	0	0	0	0
321	145.4	edc_0	100	1000	1	286.975952148438	0	286.975952148438	0	0	0	0	0
322	145.8	edc_1	80	1000	1	285.673316955566	0	285.673316955566	0	0	0	0	0
323	145.9	edc_0	80	1000	1	285.673316955566	0	285.673316955566	0	0	0	0	0
324	146.1	edc_0	60	1000	1	284.328437805176	0	284.328437805176	0	0	0	0	0
325	146.3	edc_0	40	1000	1	281.749771118164	0	281.749771118164	0	0	0	0	0
326	146.5	edc_0	20	1000	1	273.822662353516	0	273.822662353516	0	0	0	0	0
327	146.7	edc_0	40	1000	1	281.749771118164	0	281.749771118164	0	0	0	0	0
328	146.9	edc_0	60	1000	1	284.328437805176	0	284.328437805176	0	0	0	0	0
329	147.1	edc_0	80	1000	1	285.673316955566	0	285.673316955566	0	0	0	0	0
330	147.2	edc_2	40	1000	1	281.749771118164	0	281.749771118164	0	0	0	0	0
331	153.2	edc_2	20	1000	1	273.822662353516	0	273.822662353516	0	0	0	0	0
332	153.9	edc_2	40	1000	1	281.749771118164	0	281.749771118164	0	0	0	0	0
333	154.4	edc_1	60	1000	1	284.328437805176	0	284.328437805176	0	0	0	0	0
334	154.6	edc_1	40	1000	1	281.749771118164	0	281.749771118164	0	0	0	0	0
335	154.8	edc_1	20	1000	1	273.822662353516	0	273.822662353516	0	0	0	0	0
336	155	edc_1	0	1000	1	264.836265563965	0	264.836265563965	0	0	0	0	0
337	155.2	edc_1	20	1000	1	273.822662353516	0	273.822662353516	0	0	0	0	0
338	155.4	edc_1	40	1000	1	281.749771118164	0	281.749771118164	0	0	0	0	0
339	155.6	edc_0	60	1000	1	284.328437805176	0	284.328437805176	0	0	0	0	0
340	155.6	edc_1	60	1000	1	284.328437805176	0	284.328437805176	0	0	0	0	0
342	155.8	edc_1	80	1000	1	197.394561767578	0	197.394561767578	0	0	0	0	0
343	156.3	edc_0	80	1000	1	285.673316955566	0	285.673316955566	0	0	0	0	0
344	156.8	edc_1	80	1000	1	285.673316955566	0	285.673316955566	0	0	0	0	0
345	156.9	edc_0	60	1000	1	284.328437805176	0	284.328437805176	0	0	0	0	0
346	157.1	edc_0	40	1000	1	281.749771118164	0	281.749771118164	0	0	0	0	0
347	157.3	edc_0	20	1000	1	273.822662353516	0	273.822662353516	0	0	0	0	0
348	157.4	edc_2	20	1000	1	273.822662353516	0	273.822662353516	0	0	0	0	0
349	157.6	edc_0	40	1000	1	281.749771118164	0	281.749771118164	0	0	0	0	0
350	157.8	edc_0	60	1000	1	284.328437805176	0	284.328437805176	0	0	0	0	0
351	158	edc_0	80	1000	1	285.673316955566	0	285.673316955566	0	0	0	0	0
352	158.1	edc_2	40	1000	1	281.749771118164	0	281.749771118164	0	0	0	0	0
353	164.1	edc_2	20	1000	1	273.822662353516	0	273.822662353516	0	0	0	0	0
354	164.8	edc_2	40	1000	1	281.749771118164	0	281.749771118164	0	0	0	0	0
355	165.4	edc_1	60	1000	1	284.328437805176	0	284.328437805176	0	0	0	0	0
356	165.6	edc_1	40	1000	1	281.749771118164	0	281.749771118164	0	0	0	0	0
357	165.8	edc_1	20	1000	1	273.822662353516	0	273.822662353516	0	0	0	0	0
358	166	edc_1	0	1000	1	264.836265563965	0	264.836265563965	0	0	0	0	0
359	166.2	edc_1	20	1000	1	273.822662353516	0	273.822662353516	0	0	0	0	0
360	166.4	edc_1	40	1000	1	281.749771118164	0	281.749771118164	0	0	0	0	0
361	166.5	edc_0	60	1000	1	284.328437805176	0	284.328437805176	0	0	0	0	0
362	166.6	edc_1	60	1000	1	284.328437805176	0	284.328437805176	0	0	0	0	0
364	166.8	edc_1	80	1000	1	197.394561767578	0	197.394561767578	0	0	0	0	0
365	167.2	edc_0	80	1000	1	285.673316955566	0	285.673316955566	0	0	0	0	0
366	167.8	edc_1	80	1000	1	285.673316955566	0	285.673316955566	0	0	0	0	0
367	167.8	edc_0	60	1000	1	284.328437805176	0	284.328437805176	0	0	0	0	0
368	168	edc_0	40	1000	1	281.749771118164	0	281.749771118164	0	0	0	0	0
369	168.2	edc_0	20	1000	1	273.822662353516	0	273.822662353516	0	0	0	0	0
370	168.3	edc_2	20	1000	1	273.822662353516	0	273.822662353516	0	0	0	0	0
371	168.5	edc_0	40	1000	1	281.749771118164	0	281.749771118164	0	0	0	0	0
372	168.7	edc_0	60	1000	1	284.328437805176	0	284.328437805176	0	0	0	0	0
373	168.9	edc_0	80	1000	1	285.673316955566	0	285.673316955566	0	0	0	0	0
374	169	edc_2	40	1000	1	281.749771118164	0	281.749771118164	0	0	0	0	0
375	175	edc_2	20	1000	1	273.822662353516	0	273.822662353516	0	0	0	0	0
376	175.7	edc_2	40	1000	1	281.749771118164	0	281.749771118164	0	0	0	0	0
377	176.4	edc_1	60	1000	1	284.328437805176	0	284.328437805176	0	0	0	0	0
378	176.6	edc_1	40	1000	1	281.749771118164	0	281.749771118164	0	0	0	0	0
379	176.8	edc_1	20	1000	1	273.822662353516	0	273.822662353516	0	0	0	0	0
380	177	edc_1	0	1000	1	264.836265563965	0	264.836265563965	0	0	0	0	0
381	177.2	edc_1	20	1000	1	273.822662353516	0	273.822662353516	0	0	0	0	0
382	177.4	edc_0	60	1000	1	284.328437805176	0	284.328437805176	0	0	0	0	0
383	177.4	edc_1	40	1000	1	281.749771118164	0	281.749771118164	0	0	0	0	0
384	177.6	edc_1	60	1000	1	284.328437805176	0	284.328437805176	0	0	0	0	0
385	177.8	edc_1	80	1000	1	197.394561767578	0	197.394561767578	0	0	0	0	0
386	178.1	edc_0	80	1000	1	285.673316955566	0	285.673316955566	0	0	0	0	0
387	178.7	edc_0	60	1000	1	284.328437805176	0	284.328437805176	0	0	0	0	0
388	178.8	edc_1	80	1000	1	285.673316955566	0	285.673316955566	0	0	0	0	0
389	178.9	edc_0	40	1000	1	281.749771118164	0	281.749771118164	0	0	0	0	0
390	179.1	edc_0	20	1000	1	273.822662353516	0	273.822662353516	0	0	0	0	0
391	179.2	edc_2	20	1000	1	273.822662353516	0	273.822662353516	0	0	0	0	0
392	179.4	edc_0	40	1000	1	281.749771118164	0	281.749771118164	0	0	0	0	0
393	179.6	edc_0	60	1000	1	284.328437805176	0	284.328437805176	0	0	0	0	0
394	179.8	edc_0	80	1000	1	285.673316955566	0	285.673316955566	0	0	0	0	0
395	179.9	edc_2	40	1000	1	281.749771118164	0	281.749771118164	0	0	0	0	0
396	185.9	edc_2	20	1000	1	273.822662353516	0	273.822662353516	0	0	0	0	0
397	186.6	edc_2	40	1000	1	281.749771118164	0	281.749771118164	0	0	0	0	0
398	187.4	edc_1	60	1000	1	284.328437805176	0	284.328437805176	0	0	0	0	0
399	187.6	edc_1	40	1000	1	281.749771118164	0	281.749771118164	0	0	0	0	0
400	187.8	edc_1	20	1000	1	273.822662353516	0	273.822662353516	0	0	0	0	0
401	188	edc_1	0	1000	1	264.836265563965	0	264.836265563965	0	0	0	0	0
402	188.2	edc_1	20	1000	1	273.822662353516	0	273.822662353516	0	0	0	0	0
403	188.3	edc_0	60	1000	1	284.328437805176	0	284.328437805176	0	0	0	0	0
404	188.4	edc_1	40	1000	1	281.749771118164	0	281.749771118164	0	0	0	0	0
405	188.6	edc_1	60	1000	1	284.328437805176	0	284.328437805176	0	0	0	0	0
406	188.8	edc_1	80	1000	1	197.394561767578	0	197.394561767578	0	0	0	0	0
407	189	edc_0	80	1000	1	285.673316955566	0	285.673316955566	0	0	0	0	0
408	189.6	edc_0	60	1000	1	284.328437805176	0	284.328437805176	0	0	0	0	0
409	189.8	edc_1	80	1000	1	285.673316955566	0	285.673316955566	0	0	0	0	0
410	189.8	edc_0	40	1000	1	281.749771118164	0	281.749771118164	0	0	0	0	0
411	190	edc_0	20	1000	1	273.822662353516	0	273.822662353516	0	0	0	0	0
412	190.1	edc_2	20	1000	1	273.822662353516	0	273.822662353516	0	0	0	0	0
413	190.3	edc_0	40	1000	1	281.749771118164	0	281.749771118164	0	0	0	0	0
414	190.5	edc_1	100	1000	1	286.975952148438	0	286.975952148438	0	0	0	0	0
415	190.7	edc_0	60	1000	1	284.328437805176	0	284.328437805176	0	0	0	0	0
416	190.8	edc_2	40	1000	1	281.749771118164	0	281.749771118164	0	0	0	0	0
417	196.8	edc_2	20	1000	1	273.822662353516	0	273.822662353516	0	0	0	0	0
418	197.5	edc_2	40	1000	1	281.749771118164	0	281.749771118164	0	0	0	0	0
419	198.4	edc_1	80	1000	1	285.673316955566	0	285.673316955566	0	0	0	0	0
420	198.6	edc_1	60	1000	1	284.328437805176	0	284.328437805176	0	0	0	0	0
421	198.8	edc_1	40	1000	1	281.749771118164	0	281.749771118164	0	0	0	0	0
422	199	edc_1	20	1000	1	273.822662353516	0	273.822662353516	0	0	0	0	0
423	199.2	edc_0	40	1000	1	281.749771118164	0	281.749771118164	0	0	0	0	0
424	199.2	edc_1	40	1000	1	281.749771118164	0	281.749771118164	0	0	0	0	0
425	199.4	edc_1	60	1000	1	284.328437805176	0	284.328437805176	0	0	0	0	0
426	199.6	edc_1	80	1000	1	285.673316955566	0	285.673316955566	0	0	0	0	0
427	199.8	edc_1	100	1000	1	286.975952148438	0	286.975952148438	0	0	0	0	0
428	199.9	edc_0	60	1000	1	284.328437805176	0	284.328437805176	0	0	0	0	0
429	200.5	edc_0	40	1000	1	281.749771118164	0	281.749771118164	0	0	0	0	0
430	200.7	edc_1	80	1000	1	285.673316955566	0	285.673316955566	0	0	0	0	0
431	200.9	edc_0	20	1000	1	273.822662353516	0	273.822662353516	0	0	0	0	0
432	201	edc_2	20	1000	1	273.822662353516	0	273.822662353516	0	0	0	0	0
433	201.2	edc_0	40	1000	1	281.749771118164	0	281.749771118164	0	0	0	0	0
434	201.4	edc_1	100	1000	1	286.975952148438	0	286.975952148438	0	0	0	0	0
435	201.6	edc_0	60	1000	1	284.328437805176	0	284.328437805176	0	0	0	0	0
436	201.7	edc_2	40	1000	1	281.749771118164	0	281.749771118164	0	0	0	0	0
437	207.7	edc_2	20	1000	1	273.822662353516	0	273.822662353516	0	0	0	0	0
438	208.4	edc_2	40	1000	1	281.749771118164	0	281.749771118164	0	0	0	0	0
439	209.4	edc_1	80	1000	1	285.673316955566	0	285.673316955566	0	0	0	0	0
440	209.6	edc_1	60	1000	1	284.328437805176	0	284.328437805176	0	0	0	0	0
441	209.8	edc_1	40	1000	1	281.749771118164	0	281.749771118164	0	0	0	0	0
442	210	edc_1	20	1000	1	273.822662353516	0	273.822662353516	0	0	0	0	0
443	210.1	edc_0	40	1000	1	281.749771118164	0	281.749771118164	0	0	0	0	0
444	210.2	edc_1	40	1000	1	281.749771118164	0	281.749771118164	0	0	0	0	0
445	210.4	edc_1	60	1000	1	284.328437805176	0	284.328437805176	0	0	0	0	0
446	210.6	edc_1	80	1000	1	285.673316955566	0	285.673316955566	0	0	0	0	0
447	210.8	edc_0	60	1000	1	284.328437805176	0	284.328437805176	0	0	0	0	0
448	210.8	edc_1	100	1000	1	286.975952148438	0	286.975952148438	0	0	0	0	0
449	211.4	edc_0	40	1000	1	281.749771118164	0	281.749771118164	0	0	0	0	0
450	211.6	edc_1	80	1000	1	285.673316955566	0	285.673316955566	0	0	0	0	0
451	211.8	edc_0	20	1000	1	273.822662353516	0	273.822662353516	0	0	0	0	0
452	211.9	edc_2	20	1000	1	273.822662353516	0	273.822662353516	0	0	0	0	0
453	212.1	edc_0	40	1000	1	281.749771118164	0	281.749771118164	0	0	0	0	0
454	212.3	edc_1	100	1000	1	286.975952148438	0	286.975952148438	0	0	0	0	0
455	212.5	edc_0	60	1000	1	284.328437805176	0	284.328437805176	0	0	0	0	0
456	212.6	edc_1	120	1000	1	295.962348937988	0	295.962348937988	0	0	0	0	0
457	213.4	edc_1	120	1000	1	384.241104125977	0	384.241104125977	0	0	0	0	0
458	218.6	edc_2	0	1000	1	264.836265563965	0	264.836265563965	0	0	0	0	0
459	219.3	edc_2	20	1000	1	273.822662353516	0	273.822662353516	0	0	0	0	0
460	219.4	edc_2	20	1000	1	185.543907165527	0	185.543907165527	0	0	0	0	0
461	220.4	edc_1	100	1000	1	382.938468933105	0	382.938468933105	0	0	0	0	0
462	220.4	edc_2	20	1000	1	273.822662353516	0	273.822662353516	0	0	0	0	0
463	220.6	edc_1	80	1000	1	381.593589782715	0	381.593589782715	0	0	0	0	0
464	220.8	edc_1	60	1000	1	379.014923095703	0	379.014923095703	0	0	0	0	0
465	221	edc_0	40	1000	1	281.749771118164	0	281.749771118164	0	0	0	0	0
466	221	edc_1	40	1000	1	371.087814331055	0	371.087814331055	0	0	0	0	0
467	221.2	edc_1	60	1000	1	379.014923095703	0	379.014923095703	0	0	0	0	0
468	221.4	edc_1	80	1000	1	381.593589782715	0	381.593589782715	0	0	0	0	0
469	221.6	edc_1	100	1000	1	382.938468933105	0	382.938468933105	0	0	0	0	0
470	221.7	edc_0	60	1000	1	284.328437805176	0	284.328437805176	0	0	0	0	0
471	221.8	edc_1	120	1000	1	384.241104125977	0	384.241104125977	0	0	0	0	0
472	222.3	edc_0	40	1000	1	281.749771118164	0	281.749771118164	0	0	0	0	0
473	222.5	edc_1	100	1000	1	382.938468933105	0	382.938468933105	0	0	0	0	0
474	222.7	edc_0	20	1000	1	273.822662353516	0	273.822662353516	0	0	0	0	0
475	222.8	edc_1	80	1000	1	373.952072143555	0	373.952072143555	0	0	0	0	0
476	223	edc_0	40	1000	1	281.749771118164	0	281.749771118164	0	0	0	0	0
477	223.2	edc_1	100	1000	1	375.254707336426	0	375.254707336426	0	0	0	0	0
478	223.4	edc_0	60	1000	1	284.328437805176	0	284.328437805176	0	0	0	0	0
479	223.5	edc_1	120	1000	1	384.241104125977	0	384.241104125977	0	0	0	0	0
480	223.6	edc_1	120	1000	1	295.962348937988	0	295.962348937988	0	0	0	0	0
481	224.6	edc_1	120	1000	1	384.241104125977	0	384.241104125977	0	0	0	0	0
482	229.5	edc_2	0	1000	1	264.836265563965	0	264.836265563965	0	0	0	0	0
483	230.2	edc_2	20	1000	1	273.822662353516	0	273.822662353516	0	0	0	0	0
484	230.3	edc_2	20	1000	1	185.543907165527	0	185.543907165527	0	0	0	0	0
485	231.3	edc_2	20	1000	1	273.822662353516	0	273.822662353516	0	0	0	0	0
486	231.4	edc_1	100	1000	1	382.938468933105	0	382.938468933105	0	0	0	0	0
487	231.6	edc_1	80	1000	1	381.593589782715	0	381.593589782715	0	0	0	0	0
488	231.8	edc_1	60	1000	1	379.014923095703	0	379.014923095703	0	0	0	0	0
489	231.9	edc_0	40	1000	1	281.749771118164	0	281.749771118164	0	0	0	0	0
490	232	edc_1	40	1000	1	371.087814331055	0	371.087814331055	0	0	0	0	0
491	232.2	edc_1	60	1000	1	379.014923095703	0	379.014923095703	0	0	0	0	0
492	232.4	edc_1	80	1000	1	381.593589782715	0	381.593589782715	0	0	0	0	0
493	232.6	edc_0	60	1000	1	284.328437805176	0	284.328437805176	0	0	0	0	0
494	232.6	edc_1	100	1000	1	382.938468933105	0	382.938468933105	0	0	0	0	0
495	232.8	edc_1	120	1000	1	384.241104125977	0	384.241104125977	0	0	0	0	0
496	233.2	edc_0	40	1000	1	281.749771118164	0	281.749771118164	0	0	0	0	0
497	233.4	edc_1	100	1000	1	382.938468933105	0	382.938468933105	0	0	0	0	0
498	233.6	edc_0	20	1000	1	273.822662353516	0	273.822662353516	0	0	0	0	0
499	233.7	edc_1	80	1000	1	373.952072143555	0	373.952072143555	0	0	0	0	0
500	233.9	edc_0	40	1000	1	281.749771118164	0	281.749771118164	0	0	0	0	0
501	234.1	edc_1	100	1000	1	375.254707336426	0	375.254707336426	0	0	0	0	0
502	234.3	edc_0	60	1000	1	284.328437805176	0	284.328437805176	0	0	0	0	0
503	234.4	edc_1	120	1000	1	384.241104125977	0	384.241104125977	0	0	0	0	0
504	234.5	edc_1	120	1000	1	295.962348937988	0	295.962348937988	0	0	0	0	0
505	235.5	edc_1	120	1000	1	384.241104125977	0	384.241104125977	0	0	0	0	0
506	240.4	edc_2	0	1000	1	264.836265563965	0	264.836265563965	0	0	0	0	0
507	241.1	edc_2	20	1000	1	273.822662353516	0	273.822662353516	0	0	0	0	0
508	241.2	edc_2	20	1000	1	185.543907165527	0	185.543907165527	0	0	0	0	0
509	242.2	edc_2	20	1000	1	273.822662353516	0	273.822662353516	0	0	0	0	0
510	242.4	edc_1	100	1000	1	382.938468933105	0	382.938468933105	0	0	0	0	0
511	242.6	edc_1	80	1000	1	381.593589782715	0	381.593589782715	0	0	0	0	0
512	242.8	edc_0	40	1000	1	281.749771118164	0	281.749771118164	0	0	0	0	0
513	242.8	edc_1	60	1000	1	379.014923095703	0	379.014923095703	0	0	0	0	0
514	243	edc_1	40	1000	1	371.087814331055	0	371.087814331055	0	0	0	0	0
515	243.2	edc_1	60	1000	1	379.014923095703	0	379.014923095703	0	0	0	0	0
516	243.4	edc_1	80	1000	1	381.593589782715	0	381.593589782715	0	0	0	0	0
517	243.5	edc_0	60	1000	1	284.328437805176	0	284.328437805176	0	0	0	0	0
518	243.6	edc_1	100	1000	1	382.938468933105	0	382.938468933105	0	0	0	0	0
519	243.8	edc_1	120	1000	1	384.241104125977	0	384.241104125977	0	0	0	0	0
520	244.1	edc_0	40	1000	1	281.749771118164	0	281.749771118164	0	0	0	0	0
521	244.3	edc_1	100	1000	1	382.938468933105	0	382.938468933105	0	0	0	0	0
522	244.5	edc_0	20	1000	1	273.822662353516	0	273.822662353516	0	0	0	0	0
523	244.6	edc_1	80	1000	1	373.952072143555	0	373.952072143555	0	0	0	0	0
524	244.8	edc_0	40	1000	1	281.749771118164	0	281.749771118164	0	0	0	0	0
525	245	edc_1	100	1000	1	375.254707336426	0	375.254707336426	0	0	0	0	0
526	245.2	edc_0	60	1000	1	284.328437805176	0	284.328437805176	0	0	0	0	0
527	245.3	edc_1	120	1000	1	384.241104125977	0	384.241104125977	0	0	0	0	0
528	245.4	edc_1	120	1000	1	295.962348937988	0	295.962348937988	0	0	0	0	0
529	246.4	edc_1	120	1000	1	384.241104125977	0	384.241104125977	0	0	0	0	0
530	251.3	edc_2	0	1000	1	264.836265563965	0	264.836265563965	0	0	0	0	0
531	252	edc_2	20	1000	1	273.822662353516	0	273.822662353516	0	0	0	0	0
532	252.1	edc_2	20	1000	1	185.543907165527	0	185.543907165527	0	0	0	0	0
533	253.1	edc_2	20	1000	1	273.822662353516	0	273.822662353516	0	0	0	0	0
534	253.4	edc_1	100	1000	1	382.938468933105	0	382.938468933105	0	0	0	0	0
535	253.6	edc_1	80	1000	1	381.593589782715	0	381.593589782715	0	0	0	0	0
536	253.7	edc_0	40	1000	1	281.749771118164	0	281.749771118164	0	0	0	0	0
537	253.8	edc_1	60	1000	1	379.014923095703	0	379.014923095703	0	0	0	0	0
538	254	edc_1	40	1000	1	371.087814331055	0	371.087814331055	0	0	0	0	0
539	254.2	edc_1	60	1000	1	379.014923095703	0	379.014923095703	0	0	0	0	0
540	254.4	edc_0	60	1000	1	284.328437805176	0	284.328437805176	0	0	0	0	0
541	254.4	edc_1	80	1000	1	381.593589782715	0	381.593589782715	0	0	0	0	0
542	254.6	edc_1	100	1000	1	382.938468933105	0	382.938468933105	0	0	0	0	0
543	254.8	edc_1	120	1000	1	384.241104125977	0	384.241104125977	0	0	0	0	0
544	255	edc_0	40	1000	1	281.749771118164	0	281.749771118164	0	0	0	0	0
545	255.2	edc_1	100	1000	1	382.938468933105	0	382.938468933105	0	0	0	0	0
546	255.4	edc_0	20	1000	1	273.822662353516	0	273.822662353516	0	0	0	0	0
547	255.5	edc_1	80	1000	1	373.952072143555	0	373.952072143555	0	0	0	0	0
548	255.7	edc_0	40	1000	1	281.749771118164	0	281.749771118164	0	0	0	0	0
549	255.9	edc_1	100	1000	1	375.254707336426	0	375.254707336426	0	0	0	0	0
550	256.1	edc_1	120	1000	1	384.241104125977	0	384.241104125977	0	0	0	0	0
552	256.3	edc_1	140	1000	1	303.889457702637	0	303.889457702637	0	0	0	0	0
553	257.3	edc_1	140	1000	1	392.168212890625	0	392.168212890625	0	0	0	0	0
554	262.2	edc_2	0	1000	1	264.836265563965	0	264.836265563965	0	0	0	0	0
555	262.9	edc_2	20	1000	1	273.822662353516	0	273.822662353516	0	0	0	0	0
556	263	edc_2	20	1000	1	185.543907165527	0	185.543907165527	0	0	0	0	0
557	264	edc_2	20	1000	1	273.822662353516	0	273.822662353516	0	0	0	0	0
558	264.4	edc_1	120	1000	1	390.865577697754	0	390.865577697754	0	0	0	0	0
559	264.6	edc_0	20	1000	1	273.822662353516	0	273.822662353516	0	0	0	0	0
560	264.6	edc_1	100	1000	1	389.520698547363	0	389.520698547363	0	0	0	0	0
561	264.8	edc_1	80	1000	1	386.942031860352	0	386.942031860352	0	0	0	0	0
562	265	edc_1	60	1000	1	379.014923095703	0	379.014923095703	0	0	0	0	0
563	265.1	edc_1	80	1000	1	381.593589782715	0	381.593589782715	0	0	0	0	0
564	265.3	edc_0	40	1000	1	281.749771118164	0	281.749771118164	0	0	0	0	0
565	265.3	edc_1	100	1000	1	382.938468933105	0	382.938468933105	0	0	0	0	0
566	265.5	edc_1	120	1000	1	384.241104125977	0	384.241104125977	0	0	0	0	0
567	265.7	edc_0	60	1000	1	284.328437805176	0	284.328437805176	0	0	0	0	0
568	265.9	edc_0	40	1000	1	281.749771118164	0	281.749771118164	0	0	0	0	0
569	266.1	edc_1	100	1000	1	375.254707336426	0	375.254707336426	0	0	0	0	0
570	266.3	edc_1	80	1000	1	373.952072143555	0	373.952072143555	0	0	0	0	0
571	266.5	edc_1	60	1000	1	372.607192993164	0	372.607192993164	0	0	0	0	0
572	266.6	edc_0	60	1000	1	284.328437805176	0	284.328437805176	0	0	0	0	0
573	266.8	edc_1	80	1000	1	373.952072143555	0	373.952072143555	0	0	0	0	0
574	266.9	edc_1	80	1000	1	285.673316955566	0	285.673316955566	0	0	0	0	0
575	267	edc_1	100	1000	1	286.975952148438	0	286.975952148438	0	0	0	0	0
576	267.2	edc_1	120	1000	1	295.962348937988	0	295.962348937988	0	0	0	0	0
577	268	edc_1	120	1000	1	384.241104125977	0	384.241104125977	0	0	0	0	0
578	273.1	edc_2	0	1000	1	264.836265563965	0	264.836265563965	0	0	0	0	0
579	273.8	edc_2	20	1000	1	273.822662353516	0	273.822662353516	0	0	0	0	0
580	273.9	edc_2	20	1000	1	185.543907165527	0	185.543907165527	0	0	0	0	0
581	274.9	edc_2	20	1000	1	273.822662353516	0	273.822662353516	0	0	0	0	0
582	275.3	edc_1	100	1000	1	382.938468933105	0	382.938468933105	0	0	0	0	0
583	275.5	edc_0	40	1000	1	281.749771118164	0	281.749771118164	0	0	0	0	0
584	275.5	edc_1	80	1000	1	381.593589782715	0	381.593589782715	0	0	0	0	0
585	275.7	edc_1	60	1000	1	379.014923095703	0	379.014923095703	0	0	0	0	0
586	275.9	edc_0	20	1000	1	273.822662353516	0	273.822662353516	0	0	0	0	0
587	276	edc_1	80	1000	1	381.593589782715	0	381.593589782715	0	0	0	0	0
588	276.2	edc_0	40	1000	1	281.749771118164	0	281.749771118164	0	0	0	0	0
589	276.2	edc_1	100	1000	1	382.938468933105	0	382.938468933105	0	0	0	0	0
590	276.4	edc_1	120	1000	1	384.241104125977	0	384.241104125977	0	0	0	0	0
591	276.6	edc_0	60	1000	1	284.328437805176	0	284.328437805176	0	0	0	0	0
592	276.8	edc_0	40	1000	1	281.749771118164	0	281.749771118164	0	0	0	0	0
593	277	edc_1	100	1000	1	382.938468933105	0	382.938468933105	0	0	0	0	0
594	277.2	edc_1	80	1000	1	381.593589782715	0	381.593589782715	0	0	0	0	0
595	277.4	edc_1	60	1000	1	372.607192993164	0	372.607192993164	0	0	0	0	0
596	277.5	edc_0	60	1000	1	284.328437805176	0	284.328437805176	0	0	0	0	0
597	277.7	edc_1	80	1000	1	373.952072143555	0	373.952072143555	0	0	0	0	0
598	277.9	edc_1	100	1000	1	375.254707336426	0	375.254707336426	0	0	0	0	0
599	278.1	edc_1	120	1000	1	384.241104125977	0	384.241104125977	0	0	0	0	0
600	278.2	edc_1	120	1000	1	295.962348937988	0	295.962348937988	0	0	0	0	0
601	279.2	edc_1	120	1000	1	384.241104125977	0	384.241104125977	0	0	0	0	0
602	284	edc_2	0	1000	1	264.836265563965	0	264.836265563965	0	0	0	0	0
603	284.7	edc_2	20	1000	1	273.822662353516	0	273.822662353516	0	0	0	0	0
604	284.8	edc_2	20	1000	1	185.543907165527	0	185.543907165527	0	0	0	0	0
605	285.8	edc_2	20	1000	1	273.822662353516	0	273.822662353516	0	0	0	0	0
606	286.2	edc_1	100	1000	1	382.938468933105	0	382.938468933105	0	0	0	0	0
607	286.4	edc_0	40	1000	1	281.749771118164	0	281.749771118164	0	0	0	0	0
608	286.4	edc_1	80	1000	1	381.593589782715	0	381.593589782715	0	0	0	0	0
609	286.6	edc_1	60	1000	1	379.014923095703	0	379.014923095703	0	0	0	0	0
610	286.8	edc_0	20	1000	1	273.822662353516	0	273.822662353516	0	0	0	0	0
611	286.9	edc_1	80	1000	1	381.593589782715	0	381.593589782715	0	0	0	0	0
612	287.1	edc_0	40	1000	1	281.749771118164	0	281.749771118164	0	0	0	0	0
613	287.1	edc_1	100	1000	1	382.938468933105	0	382.938468933105	0	0	0	0	0
614	287.3	edc_1	120	1000	1	384.241104125977	0	384.241104125977	0	0	0	0	0
615	287.5	edc_0	60	1000	1	284.328437805176	0	284.328437805176	0	0	0	0	0
616	287.7	edc_0	40	1000	1	281.749771118164	0	281.749771118164	0	0	0	0	0
617	287.9	edc_1	100	1000	1	382.938468933105	0	382.938468933105	0	0	0	0	0
618	288.1	edc_1	80	1000	1	381.593589782715	0	381.593589782715	0	0	0	0	0
619	288.3	edc_1	60	1000	1	372.607192993164	0	372.607192993164	0	0	0	0	0
620	288.4	edc_0	60	1000	1	284.328437805176	0	284.328437805176	0	0	0	0	0
621	288.6	edc_1	80	1000	1	373.952072143555	0	373.952072143555	0	0	0	0	0
622	288.8	edc_1	100	1000	1	375.254707336426	0	375.254707336426	0	0	0	0	0
623	289	edc_1	120	1000	1	384.241104125977	0	384.241104125977	0	0	0	0	0
624	289.1	edc_1	120	1000	1	295.962348937988	0	295.962348937988	0	0	0	0	0
625	290.1	edc_1	120	1000	1	384.241104125977	0	384.241104125977	0	0	0	0	0
626	294.9	edc_2	0	1000	1	264.836265563965	0	264.836265563965	0	0	0	0	0
627	295.6	edc_2	20	1000	1	273.822662353516	0	273.822662353516	0	0	0	0	0
628	295.7	edc_2	20	1000	1	185.543907165527	0	185.543907165527	0	0	0	0	0
629	296.7	edc_2	20	1000	1	273.822662353516	0	273.822662353516	0	0	0	0	0
630	297.1	edc_1	100	1000	1	382.938468933105	0	382.938468933105	0	0	0	0	0
631	297.3	edc_0	40	1000	1	281.749771118164	0	281.749771118164	0	0	0	0	0
632	297.3	edc_1	80	1000	1	381.593589782715	0	381.593589782715	0	0	0	0	0
633	297.5	edc_1	60	1000	1	379.014923095703	0	379.014923095703	0	0	0	0	0
634	297.7	edc_0	20	1000	1	273.822662353516	0	273.822662353516	0	0	0	0	0
635	297.8	edc_1	80	1000	1	381.593589782715	0	381.593589782715	0	0	0	0	0
636	298	edc_0	40	1000	1	281.749771118164	0	281.749771118164	0	0	0	0	0
637	298	edc_1	100	1000	1	382.938468933105	0	382.938468933105	0	0	0	0	0
638	298.2	edc_1	120	1000	1	384.241104125977	0	384.241104125977	0	0	0	0	0
639	298.4	edc_0	60	1000	1	284.328437805176	0	284.328437805176	0	0	0	0	0
640	298.6	edc_0	40	1000	1	281.749771118164	0	281.749771118164	0	0	0	0	0
641	298.8	edc_1	100	1000	1	382.938468933105	0	382.938468933105	0	0	0	0	0
642	299	edc_1	80	1000	1	381.593589782715	0	381.593589782715	0	0	0	0	0
643	299.2	edc_1	60	1000	1	372.607192993164	0	372.607192993164	0	0	0	0	0
644	299.3	edc_0	60	1000	1	284.328437805176	0	284.328437805176	0	0	0	0	0
645	299.5	edc_1	80	1000	1	373.952072143555	0	373.952072143555	0	0	0	0	0
646	299.7	edc_1	100	1000	1	375.254707336426	0	375.254707336426	0	0	0	0	0
647	299.9	edc_1	120	1000	1	384.241104125977	0	384.241104125977	0	0	0	0	0
648	300	edc_1	120	1000	1	295.962348937988	0	295.962348937988	0	0	0	0	0
649	301	edc_1	120	1000	1	384.241104125977	0	384.241104125977	0	0	0	0	0
650	305.8	edc_2	0	1000	1	264.836265563965	0	264.836265563965	0	0	0	0	0
651	306.5	edc_2	20	1000	1	273.822662353516	0	273.822662353516	0	0	0	0	0
652	306.6	edc_2	20	1000	1	185.543907165527	0	185.543907165527	0	0	0	0	0
653	307.6	edc_2	20	1000	1	273.822662353516	0	273.822662353516	0	0	0	0	0
654	308	edc_1	100	1000	1	382.938468933105	0	382.938468933105	0	0	0	0	0
655	308.2	edc_0	40	1000	1	281.749771118164	0	281.749771118164	0	0	0	0	0
656	308.2	edc_1	80	1000	1	381.593589782715	0	381.593589782715	0	0	0	0	0
657	308.4	edc_1	60	1000	1	379.014923095703	0	379.014923095703	0	0	0	0	0
658	308.6	edc_0	20	1000	1	273.822662353516	0	273.822662353516	0	0	0	0	0
659	308.7	edc_1	80	1000	1	381.593589782715	0	381.593589782715	0	0	0	0	0
660	308.9	edc_0	40	1000	1	281.749771118164	0	281.749771118164	0	0	0	0	0
661	308.9	edc_1	100	1000	1	382.938468933105	0	382.938468933105	0	0	0	0	0
662	309.1	edc_1	120	1000	1	384.241104125977	0	384.241104125977	0	0	0	0	0
663	309.3	edc_0	60	1000	1	284.328437805176	0	284.328437805176	0	0	0	0	0
664	309.5	edc_0	40	1000	1	281.749771118164	0	281.749771118164	0	0	0	0	0
665	309.7	edc_1	100	1000	1	382.938468933105	0	382.938468933105	0	0	0	0	0
666	309.9	edc_1	80	1000	1	381.593589782715	0	381.593589782715	0	0	0	0	0
667	310.1	edc_1	60	1000	1	372.607192993164	0	372.607192993164	0	0	0	0	0
668	310.2	edc_0	60	1000	1	284.328437805176	0	284.328437805176	0	0	0	0	0
669	310.4	edc_1	80	1000	1	373.952072143555	0	373.952072143555	0	0	0	0	0
670	310.6	edc_1	100	1000	1	375.254707336426	0	375.254707336426	0	0	0	0	0
671	310.8	edc_1	120	1000	1	384.241104125977	0	384.241104125977	0	0	0	0	0
672	310.9	edc_1	120	1000	1	295.962348937988	0	295.962348937988	0	0	0	0	0
673	311.9	edc_1	120	1000	1	384.241104125977	0	384.241104125977	0	0	0	0	0
674	316.7	edc_2	0	1000	1	264.836265563965	0	264.836265563965	0	0	0	0	0
675	317.4	edc_2	20	1000	1	273.822662353516	0	273.822662353516	0	0	0	0	0
676	317.5	edc_2	20	1000	1	185.543907165527	0	185.543907165527	0	0	0	0	0
677	318.5	edc_2	20	1000	1	273.822662353516	0	273.822662353516	0	0	0	0	0
678	318.9	edc_1	100	1000	1	382.938468933105	0	382.938468933105	0	0	0	0	0
679	319.1	edc_0	40	1000	1	281.749771118164	0	281.749771118164	0	0	0	0	0
680	319.1	edc_1	80	1000	1	381.593589782715	0	381.593589782715	0	0	0	0	0
681	319.3	edc_1	60	1000	1	379.014923095703	0	379.014923095703	0	0	0	0	0
682	319.5	edc_0	20	1000	1	273.822662353516	0	273.822662353516	0	0	0	0	0
683	319.6	edc_1	80	1000	1	381.593589782715	0	381.593589782715	0	0	0	0	0
684	319.8	edc_0	40	1000	1	281.749771118164	0	281.749771118164	0	0	0	0	0
685	319.8	edc_1	100	1000	1	382.938468933105	0	382.938468933105	0	0	0	0	0
686	320	edc_1	120	1000	1	384.241104125977	0	384.241104125977	0	0	0	0	0
687	320.2	edc_0	60	1000	1	284.328437805176	0	284.328437805176	0	0	0	0	0
688	320.4	edc_0	40	1000	1	281.749771118164	0	281.749771118164	0	0	0	0	0
689	320.6	edc_1	100	1000	1	382.938468933105	0	382.938468933105	0	0	0	0	0
690	320.8	edc_1	80	1000	1	381.593589782715	0	381.593589782715	0	0	0	0	0
691	321	edc_1	60	1000	1	372.607192993164	0	372.607192993164	0	0	0	0	0
692	321.1	edc_0	60	1000	1	284.328437805176	0	284.328437805176	0	0	0	0	0
693	321.3	edc_1	80	1000	1	373.952072143555	0	373.952072143555	0	0	0	0	0
694	321.5	edc_1	100	1000	1	375.254707336426	0	375.254707336426	0	0	0	0	0
695	321.7	edc_1	120	1000	1	384.241104125977	0	384.241104125977	0	0	0	0	0
696	321.8	edc_1	120	1000	1	295.962348937988	0	295.962348937988	0	0	0	0	0
697	322.8	edc_1	120	1000	1	384.241104125977	0	384.241104125977	0	0	0	0	0
698	327.6	edc_2	0	1000	1	264.836265563965	0	264.836265563965	0	0	0	0	0
699	328.3	edc_2	20	1000	1	273.822662353516	0	273.822662353516	0	0	0	0	0
700	328.4	edc_2	20	1000	1	185.543907165527	0	185.543907165527	0	0	0	0	0
701	329.4	edc_2	20	1000	1	273.822662353516	0	273.822662353516	0	0	0	0	0
702	329.8	edc_1	100	1000	1	382.938468933105	0	382.938468933105	0	0	0	0	0
703	330	edc_0	40	1000	1	281.749771118164	0	281.749771118164	0	0	0	0	0
704	330	edc_1	80	1000	1	381.593589782715	0	381.593589782715	0	0	0	0	0
705	330.2	edc_1	60	1000	1	379.014923095703	0	379.014923095703	0	0	0	0	0
706	330.4	edc_0	20	1000	1	273.822662353516	0	273.822662353516	0	0	0	0	0
707	330.5	edc_1	80	1000	1	381.593589782715	0	381.593589782715	0	0	0	0	0
708	330.7	edc_0	40	1000	1	281.749771118164	0	281.749771118164	0	0	0	0	0
709	330.7	edc_1	100	1000	1	382.938468933105	0	382.938468933105	0	0	0	0	0
710	330.9	edc_1	120	1000	1	384.241104125977	0	384.241104125977	0	0	0	0	0
711	331.1	edc_0	60	1000	1	284.328437805176	0	284.328437805176	0	0	0	0	0
712	331.3	edc_0	40	1000	1	281.749771118164	0	281.749771118164	0	0	0	0	0
713	331.5	edc_1	100	1000	1	382.938468933105	0	382.938468933105	0	0	0	0	0
714	331.7	edc_1	80	1000	1	381.593589782715	0	381.593589782715	0	0	0	0	0
715	331.9	edc_1	60	1000	1	372.607192993164	0	372.607192993164	0	0	0	0	0
716	332	edc_0	60	1000	1	284.328437805176	0	284.328437805176	0	0	0	0	0
717	332.2	edc_1	80	1000	1	373.952072143555	0	373.952072143555	0	0	0	0	0
718	332.4	edc_1	100	1000	1	375.254707336426	0	375.254707336426	0	0	0	0	0
719	332.6	edc_1	120	1000	1	384.241104125977	0	384.241104125977	0	0	0	0	0
720	332.7	edc_1	120	1000	1	295.962348937988	0	295.962348937988	0	0	0	0	0
721	333.7	edc_1	120	1000	1	384.241104125977	0	384.241104125977	0	0	0	0	0
722	338.5	edc_2	0	1000	1	264.836265563965	0	264.836265563965	0	0	0	0	0
723	339.2	edc_2	20	1000	1	273.822662353516	0	273.822662353516	0	0	0	0	0
724	339.3	edc_2	20	1000	1	185.543907165527	0	185.543907165527	0	0	0	0	0
725	340.3	edc_2	20	1000	1	273.822662353516	0	273.822662353516	0	0	0	0	0
726	340.7	edc_1	100	1000	1	382.938468933105	0	382.938468933105	0	0	0	0	0
727	340.9	edc_0	40	1000	1	281.749771118164	0	281.749771118164	0	0	0	0	0
728	340.9	edc_1	80	1000	1	381.593589782715	0	381.593589782715	0	0	0	0	0
729	341.1	edc_1	60	1000	1	379.014923095703	0	379.014923095703	0	0	0	0	0
730	341.3	edc_0	20	1000	1	273.822662353516	0	273.822662353516	0	0	0	0	0
731	341.4	edc_1	80	1000	1	381.593589782715	0	381.593589782715	0	0	0	0	0
732	341.6	edc_0	40	1000	1	281.749771118164	0	281.749771118164	0	0	0	0	0
733	341.6	edc_1	100	1000	1	382.938468933105	0	382.938468933105	0	0	0	0	0
734	341.8	edc_1	120	1000	1	384.241104125977	0	384.241104125977	0	0	0	0	0
735	342	edc_0	60	1000	1	284.328437805176	0	284.328437805176	0	0	0	0	0
736	342.2	edc_0	40	1000	1	281.749771118164	0	281.749771118164	0	0	0	0	0
737	342.4	edc_1	100	1000	1	382.938468933105	0	382.938468933105	0	0	0	0	0
738	342.6	edc_1	80	1000	1	381.593589782715	0	381.593589782715	0	0	0	0	0
739	342.8	edc_1	60	1000	1	372.607192993164	0	372.607192993164	0	0	0	0	0
740	342.9	edc_0	60	1000	1	284.328437805176	0	284.328437805176	0	0	0	0	0
741	343.1	edc_1	80	1000	1	373.952072143555	0	373.952072143555	0	0	0	0	0
742	343.3	edc_1	100	1000	1	375.254707336426	0	375.254707336426	0	0	0	0	0
743	343.5	edc_1	120	1000	1	384.241104125977	0	384.241104125977	0	0	0	0	0
744	343.6	edc_1	120	1000	1	295.962348937988	0	295.962348937988	0	0	0	0	0
745	344.6	edc_1	120	1000	1	384.241104125977	0	384.241104125977	0	0	0	0	0
746	349.4	edc_2	0	1000	1	264.836265563965	0	264.836265563965	0	0	0	0	0
747	350.1	edc_2	20	1000	1	273.822662353516	0	273.822662353516	0	0	0	0	0
748	350.2	edc_2	20	1000	1	185.543907165527	0	185.543907165527	0	0	0	0	0
749	351.2	edc_2	20	1000	1	273.822662353516	0	273.822662353516	0	0	0	0	0
750	351.6	edc_1	100	1000	1	382.938468933105	0	382.938468933105	0	0	0	0	0
751	351.8	edc_0	40	1000	1	281.749771118164	0	281.749771118164	0	0	0	0	0
752	351.8	edc_1	80	1000	1	381.593589782715	0	381.593589782715	0	0	0	0	0
753	352	edc_1	60	1000	1	379.014923095703	0	379.014923095703	0	0	0	0	0
754	352.2	edc_0	20	1000	1	273.822662353516	0	273.822662353516	0	0	0	0	0
755	352.3	edc_1	80	1000	1	381.593589782715	0	381.593589782715	0	0	0	0	0
756	352.5	edc_0	40	1000	1	281.749771118164	0	281.749771118164	0	0	0	0	0
757	352.5	edc_1	100	1000	1	382.938468933105	0	382.938468933105	0	0	0	0	0
758	352.7	edc_1	120	1000	1	384.241104125977	0	384.241104125977	0	0	0	0	0
759	352.9	edc_0	60	1000	1	284.328437805176	0	284.328437805176	0	0	0	0	0
760	353.1	edc_0	40	1000	1	281.749771118164	0	281.749771118164	0	0	0	0	0
761	353.3	edc_1	100	1000	1	382.938468933105	0	382.938468933105	0	0	0	0	0
762	353.5	edc_1	80	1000	1	381.593589782715	0	381.593589782715	0	0	0	0	0
763	353.7	edc_1	60	1000	1	372.607192993164	0	372.607192993164	0	0	0	0	0
764	353.8	edc_0	60	1000	1	284.328437805176	0	284.328437805176	0	0	0	0	0
765	354	edc_1	80	1000	1	373.952072143555	0	373.952072143555	0	0	0	0	0
766	354.2	edc_1	100	1000	1	375.254707336426	0	375.254707336426	0	0	0	0	0
767	354.4	edc_1	120	1000	1	384.241104125977	0	384.241104125977	0	0	0	0	0
768	354.5	edc_1	120	1000	1	295.962348937988	0	295.962348937988	0	0	0	0	0
769	355.5	edc_1	120	1000	1	384.241104125977	0	384.241104125977	0	0	0	0	0
770	360.3	edc_2	0	1000	1	264.836265563965	0	264.836265563965	0	0	0	0	0
771	361	edc_2	20	1000	1	273.822662353516	0	273.822662353516	0	0	0	0	0
772	361.1	edc_2	20	1000	1	185.543907165527	0	185.543907165527	0	0	0	0	0
773	362.1	edc_2	20	1000	1	273.822662353516	0	273.822662353516	0	0	0	0	0
774	362.5	edc_1	100	1000	1	382.938468933105	0	382.938468933105	0	0	0	0	0
775	362.7	edc_0	40	1000	1	281.749771118164	0	281.749771118164	0	0	0	0	0
776	362.7	edc_1	80	1000	1	381.593589782715	0	381.593589782715	0	0	0	0	0
777	362.9	edc_1	60	1000	1	379.014923095703	0	379.014923095703	0	0	0	0	0
778	363.1	edc_0	20	1000	1	273.822662353516	0	273.822662353516	0	0	0	0	0
779	363.2	edc_1	80	1000	1	381.593589782715	0	381.593589782715	0	0	0	0	0
780	363.4	edc_0	40	1000	1	281.749771118164	0	281.749771118164	0	0	0	0	0
781	363.4	edc_1	100	1000	1	382.938468933105	0	382.938468933105	0	0	0	0	0
782	363.6	edc_1	120	1000	1	384.241104125977	0	384.241104125977	0	0	0	0	0
783	363.8	edc_0	60	1000	1	284.328437805176	0	284.328437805176	0	0	0	0	0
784	364	edc_0	40	1000	1	281.749771118164	0	281.749771118164	0	0	0	0	0
785	364.2	edc_1	100	1000	1	382.938468933105	0	382.938468933105	0	0	0	0	0
786	364.4	edc_1	80	1000	1	381.593589782715	0	381.593589782715	0	0	0	0	0
787	364.6	edc_1	60	1000	1	372.607192993164	0	372.607192993164	0	0	0	0	0
788	364.7	edc_0	60	1000	1	284.328437805176	0	284.328437805176	0	0	0	0	0
789	364.9	edc_1	80	1000	1	373.952072143555	0	373.952072143555	0	0	0	0	0
790	365.1	edc_1	100	1000	1	375.254707336426	0	375.254707336426	0	0	0	0	0
791	365.3	edc_1	120	1000	1	384.241104125977	0	384.241104125977	0	0	0	0	0
792	365.4	edc_1	120	1000	1	295.962348937988	0	295.962348937988	0	0	0	0	0
793	366.4	edc_1	120	1000	1	384.241104125977	0	384.241104125977	0	0	0	0	0
794	371.2	edc_2	0	1000	1	264.836265563965	0	264.836265563965	0	0	0	0	0
795	371.9	edc_2	20	1000	1	273.822662353516	0	273.822662353516	0	0	0	0	0
796	372	edc_2	20	1000	1	185.543907165527	0	185.543907165527	0	0	0	0	0
797	373	edc_2	20	1000	1	273.822662353516	0	273.822662353516	0	0	0	0	0
798	373.4	edc_1	100	1000	1	382.938468933105	0	382.938468933105	0	0	0	0	0
799	373.6	edc_0	40	1000	1	281.749771118164	0	281.749771118164	0	0	0	0	0
800	373.6	edc_1	80	1000	1	381.593589782715	0	381.593589782715	0	0	0	0	0
801	373.8	edc_1	60	1000	1	379.014923095703	0	379.014923095703	0	0	0	0	0
802	374	edc_0	20	1000	1	273.822662353516	0	273.822662353516	0	0	0	0	0
803	374.1	edc_1	80	1000	1	381.593589782715	0	381.593589782715	0	0	0	0	0
804	374.3	edc_0	40	1000	1	281.749771118164	0	281.749771118164	0	0	0	0	0
805	374.3	edc_1	100	1000	1	382.938468933105	0	382.938468933105	0	0	0	0	0
806	374.5	edc_1	120	1000	1	384.241104125977	0	384.241104125977	0	0	0	0	0
807	374.7	edc_0	60	1000	1	284.328437805176	0	284.328437805176	0	0	0	0	0
808	374.9	edc_0	40	1000	1	281.749771118164	0	281.749771118164	0	0	0	0	0
809	375.1	edc_1	100	1000	1	382.938468933105	0	382.938468933105	0	0	0	0	0
810	375.3	edc_1	80	1000	1	381.593589782715	0	381.593589782715	0	0	0	0	0
811	375.5	edc_1	60	1000	1	372.607192993164	0	372.607192993164	0	0	0	0	0
812	375.6	edc_0	60	1000	1	284.328437805176	0	284.328437805176	0	0	0	0	0
813	375.8	edc_1	80	1000	1	373.952072143555	0	373.952072143555	0	0	0	0	0
814	376	edc_1	100	1000	1	375.254707336426	0	375.254707336426	0	0	0	0	0
815	376.2	edc_1	120	1000	1	384.241104125977	0	384.241104125977	0	0	0	0	0
816	376.3	edc_1	120	1000	1	295.962348937988	0	295.962348937988	0	0	0	0	0
817	377.3	edc_1	120	1000	1	384.241104125977	0	384.241104125977	0	0	0	0	0
818	382.1	edc_2	0	1000	1	264.836265563965	0	264.836265563965	0	0	0	0	0
819	382.8	edc_2	20	1000	1	273.822662353516	0	273.822662353516	0	0	0	0	0
820	382.9	edc_2	20	1000	1	185.543907165527	0	185.543907165527	0	0	0	0	0
821	383.9	edc_2	20	1000	1	273.822662353516	0	273.822662353516	0	0	0	0	0
822	384.3	edc_1	100	1000	1	382.938468933105	0	382.938468933105	0	0	0	0	0
823	384.5	edc_0	40	1000	1	281.749771118164	0	281.749771118164	0	0	0	0	0
824	384.5	edc_1	80	1000	1	381.593589782715	0	381.593589782715	0	0	0	0	0
825	384.7	edc_1	60	1000	1	379.014923095703	0	379.014923095703	0	0	0	0	0
826	384.9	edc_0	20	1000	1	273.822662353516	0	273.822662353516	0	0	0	0	0
827	385	edc_1	80	1000	1	381.593589782715	0	381.593589782715	0	0	0	0	0
828	385.2	edc_0	40	1000	1	281.749771118164	0	281.749771118164	0	0	0	0	0
829	385.2	edc_1	100	1000	1	382.938468933105	0	382.938468933105	0	0	0	0	0
830	385.4	edc_1	120	1000	1	384.241104125977	0	384.241104125977	0	0	0	0	0
831	385.6	edc_0	60	1000	1	284.328437805176	0	284.328437805176	0	0	0	0	0
832	385.8	edc_0	40	1000	1	281.749771118164	0	281.749771118164	0	0	0	0	0
833	386	edc_1	100	1000	1	382.938468933105	0	382.938468933105	0	0	0	0	0
834	386.2	edc_1	80	1000	1	381.593589782715	0	381.593589782715	0	0	0	0	0
835	386.4	edc_1	60	1000	1	372.607192993164	0	372.607192993164	0	0	0	0	0
836	386.5	edc_0	60	1000	1	284.328437805176	0	284.328437805176	0	0	0	0	0
837	386.7	edc_1	80	1000	1	373.952072143555	0	373.952072143555	0	0	0	0	0
838	386.9	edc_1	100	1000	1	375.254707336426	0	375.254707336426	0	0	0	0	0
839	387.1	edc_1	120	1000	1	384.241104125977	0	384.241104125977	0	0	0	0	0
840	387.2	edc_1	120	1000	1	295.962348937988	0	295.962348937988	0	0	0	0	0
841	388.2	edc_1	120	1000	1	384.241104125977	0	384.241104125977	0	0	0	0	0
842	393	edc_2	0	1000	1	264.836265563965	0	264.836265563965	0	0	0	0	0
843	393.7	edc_2	20	1000	1	273.822662353516	0	273.822662353516	0	0	0	0	0
844	393.8	edc_2	20	1000	1	185.543907165527	0	185.543907165527	0	0	0	0	0
845	394.8	edc_2	20	1000	1	273.822662353516	0	273.822662353516	0	0	0	0	0
846	395.2	edc_1	100	1000	1	382.938468933105	0	382.938468933105	0	0	0	0	0
847	395.4	edc_0	40	1000	1	281.749771118164	0	281.749771118164	0	0	0	0	0
848	395.4	edc_1	80	1000	1	381.593589782715	0	381.593589782715	0	0	0	0	0
849	395.6	edc_1	60	1000	1	379.014923095703	0	379.014923095703	0	0	0	0	0
850	395.8	edc_0	20	1000	1	273.822662353516	0	273.822662353516	0	0	0	0	0
851	395.9	edc_1	80	1000	1	381.593589782715	0	381.593589782715	0	0	0	0	0
852	396.1	edc_0	40	1000	1	281.749771118164	0	281.749771118164	0	0	0	0	0
853	396.1	edc_1	100	1000	1	382.938468933105	0	382.938468933105	0	0	0	0	0
854	396.3	edc_1	120	1000	1	384.241104125977	0	384.241104125977	0	0	0	0	0
855	396.5	edc_0	60	1000	1	284.328437805176	0	284.328437805176	0	0	0	0	0
856	396.7	edc_0	40	1000	1	281.749771118164	0	281.749771118164	0	0	0	0	0
857	396.9	edc_1	100	1000	1	382.938468933105	0	382.938468933105	0	0	0	0	0
858	397.1	edc_1	80	1000	1	381.593589782715	0	381.593589782715	0	0	0	0	0
859	397.3	edc_1	60	1000	1	372.607192993164	0	372.607192993164	0	0	0	0	0
860	397.4	edc_0	60	1000	1	284.328437805176	0	284.328437805176	0	0	0	0	0
861	397.6	edc_1	80	1000	1	373.952072143555	0	373.952072143555	0	0	0	0	0
862	397.8	edc_1	100	1000	1	375.254707336426	0	375.254707336426	0	0	0	0	0
863	398	edc_1	120	1000	1	384.241104125977	0	384.241104125977	0	0	0	0	0
864	398.1	edc_1	120	1000	1	295.962348937988	0	295.962348937988	0	0	0	0	0
865	399.1	edc_1	120	1000	1	384.241104125977	0	384.241104125977	0	0	0	0	0
866	403.9	edc_2	0	1000	1	264.836265563965	0	264.836265563965	0	0	0	0	0
867	404.6	edc_2	20	1000	1	273.822662353516	0	273.822662353516	0	0	0	0	0
868	404.7	edc_2	20	1000	1	185.543907165527	0	185.543907165527	0	0	0	0	0
869	405.7	edc_2	20	1000	1	273.822662353516	0	273.822662353516	0	0	0	0	0
870	406.1	edc_1	100	1000	1	382.938468933105	0	382.938468933105	0	0	0	0	0
871	406.3	edc_0	40	1000	1	281.749771118164	0	281.749771118164	0	0	0	0	0
872	406.3	edc_1	80	1000	1	381.593589782715	0	381.593589782715	0	0	0	0	0
873	406.5	edc_1	60	1000	1	379.014923095703	0	379.014923095703	0	0	0	0	0
874	406.7	edc_0	20	1000	1	273.822662353516	0	273.822662353516	0	0	0	0	0
875	406.8	edc_1	80	1000	1	381.593589782715	0	381.593589782715	0	0	0	0	0
876	407	edc_0	40	1000	1	281.749771118164	0	281.749771118164	0	0	0	0	0
877	407	edc_1	100	1000	1	382.938468933105	0	382.938468933105	0	0	0	0	0
878	407.2	edc_1	120	1000	1	384.241104125977	0	384.241104125977	0	0	0	0	0
879	407.4	edc_0	60	1000	1	284.328437805176	0	284.328437805176	0	0	0	0	0
880	407.6	edc_0	40	1000	1	281.749771118164	0	281.749771118164	0	0	0	0	0
881	407.8	edc_1	100	1000	1	382.938468933105	0	382.938468933105	0	0	0	0	0
882	408	edc_1	80	1000	1	381.593589782715	0	381.593589782715	0	0	0	0	0
883	408.2	edc_1	60	1000	1	372.607192993164	0	372.607192993164	0	0	0	0	0
884	408.3	edc_0	60	1000	1	284.328437805176	0	284.328437805176	0	0	0	0	0
885	408.5	edc_1	80	1000	1	373.952072143555	0	373.952072143555	0	0	0	0	0
886	408.7	edc_1	100	1000	1	375.254707336426	0	375.254707336426	0	0	0	0	0
887	408.9	edc_1	120	1000	1	384.241104125977	0	384.241104125977	0	0	0	0	0
888	409	edc_1	120	1000	1	295.962348937988	0	295.962348937988	0	0	0	0	0
889	410	edc_1	120	1000	1	384.241104125977	0	384.241104125977	0	0	0	0	0
890	414.8	edc_2	0	1000	1	264.836265563965	0	264.836265563965	0	0	0	0	0
891	415.5	edc_2	20	1000	1	273.822662353516	0	273.822662353516	0	0	0	0	0
892	415.6	edc_2	20	1000	1	185.543907165527	0	185.543907165527	0	0	0	0	0
893	416.6	edc_2	20	1000	1	273.822662353516	0	273.822662353516	0	0	0	0	0
894	417	edc_1	100	1000	1	382.938468933105	0	382.938468933105	0	0	0	0	0
895	417.2	edc_0	40	1000	1	281.749771118164	0	281.749771118164	0	0	0	0	0
896	417.2	edc_1	80	1000	1	381.593589782715	0	381.593589782715	0	0	0	0	0
897	417.4	edc_1	60	1000	1	379.014923095703	0	379.014923095703	0	0	0	0	0
898	417.6	edc_0	20	1000	1	273.822662353516	0	273.822662353516	0	0	0	0	0
899	417.7	edc_1	80	1000	1	381.593589782715	0	381.593589782715	0	0	0	0	0
900	417.9	edc_0	40	1000	1	281.749771118164	0	281.749771118164	0	0	0	0	0
901	417.9	edc_1	100	1000	1	382.938468933105	0	382.938468933105	0	0	0	0	0
902	418.1	edc_1	120	1000	1	384.241104125977	0	384.241104125977	0	0	0	0	0
903	418.3	edc_0	60	1000	1	284.328437805176	0	284.328437805176	0	0	0	0	0
904	418.5	edc_0	40	1000	1	281.749771118164	0	281.749771118164	0	0	0	0	0
905	418.7	edc_1	100	1000	1	382.938468933105	0	382.938468933105	0	0	0	0	0
906	418.9	edc_1	80	1000	1	381.593589782715	0	381.593589782715	0	0	0	0	0
907	419.1	edc_1	60	1000	1	372.607192993164	0	372.607192993164	0	0	0	0	0
908	419.2	edc_0	60	1000	1	284.328437805176	0	284.328437805176	0	0	0	0	0
909	419.4	edc_1	80	1000	1	373.952072143555	0	373.952072143555	0	0	0	0	0
910	419.6	edc_1	100	1000	1	375.254707336426	0	375.254707336426	0	0	0	0	0
911	419.8	edc_1	120	1000	1	384.241104125977	0	384.241104125977	0	0	0	0	0
912	419.9	edc_1	120	1000	1	295.962348937988	0	295.962348937988	0	0	0	0	0
913	420.9	edc_1	120	1000	1	384.241104125977	0	384.241104125977	0	0	0	0	0
914	425.7	edc_2	0	1000	1	264.836265563965	0	264.836265563965	0	0	0	0	0
915	426.4	edc_2	20	1000	1	273.822662353516	0	273.822662353516	0	0	0	0	0
916	426.5	edc_2	20	1000	1	185.543907165527	0	185.543907165527	0	0	0	0	0
917	427.5	edc_2	20	1000	1	273.822662353516	0	273.822662353516	0	0	0	0	0
918	427.9	edc_1	100	1000	1	382.938468933105	0	382.938468933105	0	0	0	0	0
919	428.1	edc_0	40	1000	1	281.749771118164	0	281.749771118164	0	0	0	0	0
920	428.1	edc_1	80	1000	1	381.593589782715	0	381.593589782715	0	0	0	0	0
921	428.3	edc_1	60	1000	1	379.014923095703	0	379.014923095703	0	0	0	0	0
922	428.5	edc_0	20	1000	1	273.822662353516	0	273.822662353516	0	0	0	0	0
923	428.6	edc_1	80	1000	1	381.593589782715	0	381.593589782715	0	0	0	0	0
924	428.8	edc_0	40	1000	1	281.749771118164	0	281.749771118164	0	0	0	0	0
925	428.8	edc_1	100	1000	1	382.938468933105	0	382.938468933105	0	0	0	0	0
926	429	edc_1	120	1000	1	384.241104125977	0	384.241104125977	0	0	0	0	0
927	429.2	edc_0	60	1000	1	284.328437805176	0	284.328437805176	0	0	0	0	0
928	429.4	edc_0	40	1000	1	281.749771118164	0	281.749771118164	0	0	0	0	0
929	429.6	edc_1	100	1000	1	382.938468933105	0	382.938468933105	0	0	0	0	0
930	429.8	edc_1	80	1000	1	381.593589782715	0	381.593589782715	0	0	0	0	0
931	430	edc_1	60	1000	1	372.607192993164	0	372.607192993164	0	0	0	0	0
932	430.1	edc_0	60	1000	1	284.328437805176	0	284.328437805176	0	0	0	0	0
933	430.3	edc_1	80	1000	1	373.952072143555	0	373.952072143555	0	0	0	0	0
934	430.5	edc_1	100	1000	1	375.254707336426	0	375.254707336426	0	0	0	0	0
935	430.7	edc_1	120	1000	1	384.241104125977	0	384.241104125977	0	0	0	0	0
936	430.8	edc_1	120	1000	1	295.962348937988	0	295.962348937988	0	0	0	0	0
937	431.8	edc_1	120	1000	1	384.241104125977	0	384.241104125977	0	0	0	0	0
938	436.6	edc_2	0	1000	1	264.836265563965	0	264.836265563965	0	0	0	0	0
939	437.3	edc_2	20	1000	1	273.822662353516	0	273.822662353516	0	0	0	0	0
940	437.4	edc_2	20	1000	1	185.543907165527	0	185.543907165527	0	0	0	0	0
941	438.4	edc_2	20	1000	1	273.822662353516	0	273.822662353516	0	0	0	0	0
942	438.8	edc_1	100	1000	1	382.938468933105	0	382.938468933105	0	0	0	0	0
943	439	edc_0	40	1000	1	281.749771118164	0	281.749771118164	0	0	0	0	0
944	439	edc_1	80	1000	1	381.593589782715	0	381.593589782715	0	0	0	0	0
945	439.2	edc_1	60	1000	1	379.014923095703	0	379.014923095703	0	0	0	0	0
946	439.4	edc_0	20	1000	1	273.822662353516	0	273.822662353516	0	0	0	0	0
947	439.5	edc_1	80	1000	1	381.593589782715	0	381.593589782715	0	0	0	0	0
948	439.7	edc_0	40	1000	1	281.749771118164	0	281.749771118164	0	0	0	0	0
949	439.7	edc_1	100	1000	1	382.938468933105	0	382.938468933105	0	0	0	0	0
950	439.9	edc_1	120	1000	1	384.241104125977	0	384.241104125977	0	0	0	0	0
951	440.1	edc_0	60	1000	1	284.328437805176	0	284.328437805176	0	0	0	0	0
952	440.3	edc_0	40	1000	1	281.749771118164	0	281.749771118164	0	0	0	0	0
953	440.5	edc_1	100	1000	1	382.938468933105	0	382.938468933105	0	0	0	0	0
954	440.7	edc_1	80	1000	1	381.593589782715	0	381.593589782715	0	0	0	0	0
955	440.9	edc_1	60	1000	1	372.607192993164	0	372.607192993164	0	0	0	0	0
956	441	edc_0	60	1000	1	284.328437805176	0	284.328437805176	0	0	0	0	0
957	441.2	edc_1	80	1000	1	373.952072143555	0	373.952072143555	0	0	0	0	0
958	441.4	edc_1	100	1000	1	375.254707336426	0	375.254707336426	0	0	0	0	0
959	441.6	edc_1	120	1000	1	384.241104125977	0	384.241104125977	0	0	0	0	0
960	441.7	edc_1	120	1000	1	295.962348937988	0	295.962348937988	0	0	0	0	0
961	442.7	edc_1	120	1000	1	384.241104125977	0	384.241104125977	0	0	0	0	0
962	447.5	edc_2	0	1000	1	264.836265563965	0	264.836265563965	0	0	0	0	0
963	448.2	edc_2	20	1000	1	273.822662353516	0	273.822662353516	0	0	0	0	0
964	448.3	edc_2	20	1000	1	185.543907165527	0	185.543907165527	0	0	0	0	0
965	449.3	edc_2	20	1000	1	273.822662353516	0	273.822662353516	0	0	0	0	0
966	449.7	edc_1	100	1000	1	382.938468933105	0	382.938468933105	0	0	0	0	0
967	449.9	edc_0	40	1000	1	281.749771118164	0	281.749771118164	0	0	0	0	0
968	449.9	edc_1	80	1000	1	381.593589782715	0	381.593589782715	0	0	0	0	0
969	450.1	edc_1	60	1000	1	379.014923095703	0	379.014923095703	0	0	0	0	0
970	450.3	edc_0	20	1000	1	273.822662353516	0	273.822662353516	0	0	0	0	0
971	450.4	edc_1	80	1000	1	381.593589782715	0	381.593589782715	0	0	0	0	0
972	450.6	edc_0	40	1000	1	281.749771118164	0	281.749771118164	0	0	0	0	0
973	450.6	edc_1	100	1000	1	382.938468933105	0	382.938468933105	0	0	0	0	0
974	450.8	edc_1	120	1000	1	384.241104125977	0	384.241104125977	0	0	0	0	0
975	451	edc_0	60	1000	1	284.328437805176	0	284.328437805176	0	0	0	0	0
976	451.2	edc_0	40	1000	1	281.749771118164	0	281.749771118164	0	0	0	0	0
977	451.4	edc_1	100	1000	1	382.938468933105	0	382.938468933105	0	0	0	0	0
978	451.6	edc_1	80	1000	1	381.593589782715	0	381.593589782715	0	0	0	0	0
979	451.8	edc_1	60	1000	1	372.607192993164	0	372.607192993164	0	0	0	0	0
980	451.9	edc_0	60	1000	1	284.328437805176	0	284.328437805176	0	0	0	0	0
981	452.1	edc_1	80	1000	1	373.952072143555	0	373.952072143555	0	0	0	0	0
982	452.3	edc_1	100	1000	1	375.254707336426	0	375.254707336426	0	0	0	0	0
983	452.5	edc_1	120	1000	1	384.241104125977	0	384.241104125977	0	0	0	0	0
984	452.6	edc_1	120	1000	1	295.962348937988	0	295.962348937988	0	0	0	0	0
985	453.6	edc_1	120	1000	1	384.241104125977	0	384.241104125977	0	0	0	0	0
986	458.4	edc_2	0	1000	1	264.836265563965	0	264.836265563965	0	0	0	0	0
987	459.1	edc_2	20	1000	1	273.822662353516	0	273.822662353516	0	0	0	0	0
988	459.2	edc_2	20	1000	1	185.543907165527	0	185.543907165527	0	0	0	0	0
989	460.2	edc_2	20	1000	1	273.822662353516	0	273.822662353516	0	0	0	0	0
990	460.6	edc_1	100	1000	1	382.938468933105	0	382.938468933105	0	0	0	0	0
991	460.8	edc_0	40	1000	1	281.749771118164	0	281.749771118164	0	0	0	0	0
992	460.8	edc_1	80	1000	1	381.593589782715	0	381.593589782715	0	0	0	0	0
993	461	edc_1	60	1000	1	379.014923095703	0	379.014923095703	0	0	0	0	0
994	461.2	edc_0	20	1000	1	273.822662353516	0	273.822662353516	0	0	0	0	0
995	461.3	edc_1	80	1000	1	381.593589782715	0	381.593589782715	0	0	0	0	0
996	461.5	edc_1	100	1000	1	382.938468933105	0	382.938468933105	0	0	0	0	0
997	461.7	edc_1	140	1000	1	392.168212890625	0	392.168212890625	0	0	0	0	0
998	461.9	edc_0	40	1000	1	281.749771118164	0	281.749771118164	0	0	0	0	0
999	462.1	edc_0	20	1000	1	273.822662353516	0	273.822662353516	0	0	0	0	0
1000	462.3	edc_1	120	1000	1	390.865577697754	0	390.865577697754	0	0	0	0	0
1001	462.5	edc_1	100	1000	1	389.520698547363	0	389.520698547363	0	0	0	0	0
1002	462.7	edc_1	80	1000	1	381.593589782715	0	381.593589782715	0	0	0	0	0
1003	462.8	edc_0	40	1000	1	281.749771118164	0	281.749771118164	0	0	0	0	0
1004	463	edc_1	100	1000	1	382.938468933105	0	382.938468933105	0	0	0	0	0
1005	463.2	edc_1	120	1000	1	384.241104125977	0	384.241104125977	0	0	0	0	0
1006	463.4	edc_1	140	1000	1	392.168212890625	0	392.168212890625	0	0	0	0	0
1007	469.3	edc_2	0	1000	1	264.836265563965	0	264.836265563965	0	0	0	0	0
1008	470	edc_2	20	1000	1	273.822662353516	0	273.822662353516	0	0	0	0	0
1009	470.1	edc_2	20	1000	1	185.543907165527	0	185.543907165527	0	0	0	0	0
1010	471.1	edc_2	20	1000	1	273.822662353516	0	273.822662353516	0	0	0	0	0
1011	471.5	edc_1	120	1000	1	390.865577697754	0	390.865577697754	0	0	0	0	0
1012	471.7	edc_1	100	1000	1	389.520698547363	0	389.520698547363	0	0	0	0	0
1013	471.9	edc_1	60	1000	1	379.014923095703	0	379.014923095703	0	0	0	0	0
1014	472.1	edc_0	20	1000	1	273.822662353516	0	273.822662353516	0	0	0	0	0
1015	472.2	edc_1	80	1000	1	381.593589782715	0	381.593589782715	0	0	0	0	0
1016	472.4	edc_1	100	1000	1	382.938468933105	0	382.938468933105	0	0	0	0	0
1017	472.6	edc_1	140	1000	1	392.168212890625	0	392.168212890625	0	0	0	0	0
1018	472.8	edc_0	40	1000	1	281.749771118164	0	281.749771118164	0	0	0	0	0
1019	473	edc_0	20	1000	1	273.822662353516	0	273.822662353516	0	0	0	0	0
1020	473.2	edc_1	120	1000	1	390.865577697754	0	390.865577697754	0	0	0	0	0
1021	473.4	edc_1	100	1000	1	389.520698547363	0	389.520698547363	0	0	0	0	0
1022	473.6	edc_1	80	1000	1	381.593589782715	0	381.593589782715	0	0	0	0	0
1023	473.7	edc_0	40	1000	1	281.749771118164	0	281.749771118164	0	0	0	0	0
1024	473.9	edc_1	100	1000	1	382.938468933105	0	382.938468933105	0	0	0	0	0
1025	474.1	edc_1	120	1000	1	384.241104125977	0	384.241104125977	0	0	0	0	0
1026	474.3	edc_1	140	1000	1	392.168212890625	0	392.168212890625	0	0	0	0	0
1027	480.2	edc_2	0	1000	1	264.836265563965	0	264.836265563965	0	0	0	0	0
1028	480.9	edc_2	20	1000	1	273.822662353516	0	273.822662353516	0	0	0	0	0
1029	481	edc_2	20	1000	1	185.543907165527	0	185.543907165527	0	0	0	0	0
1030	482	edc_2	20	1000	1	273.822662353516	0	273.822662353516	0	0	0	0	0
1031	482.4	edc_1	120	1000	1	390.865577697754	0	390.865577697754	0	0	0	0	0
1032	482.6	edc_1	100	1000	1	389.520698547363	0	389.520698547363	0	0	0	0	0
1033	482.8	edc_1	60	1000	1	379.014923095703	0	379.014923095703	0	0	0	0	0
1034	483	edc_0	20	1000	1	273.822662353516	0	273.822662353516	0	0	0	0	0
1035	483.1	edc_1	80	1000	1	381.593589782715	0	381.593589782715	0	0	0	0	0
1036	483.3	edc_1	100	1000	1	382.938468933105	0	382.938468933105	0	0	0	0	0
1037	483.5	edc_1	140	1000	1	392.168212890625	0	392.168212890625	0	0	0	0	0
1038	483.7	edc_0	40	1000	1	281.749771118164	0	281.749771118164	0	0	0	0	0
1039	483.9	edc_0	20	1000	1	273.822662353516	0	273.822662353516	0	0	0	0	0
1040	484.1	edc_1	120	1000	1	390.865577697754	0	390.865577697754	0	0	0	0	0
1041	484.3	edc_1	100	1000	1	389.520698547363	0	389.520698547363	0	0	0	0	0
1042	484.5	edc_1	80	1000	1	381.593589782715	0	381.593589782715	0	0	0	0	0
1043	484.6	edc_0	40	1000	1	281.749771118164	0	281.749771118164	0	0	0	0	0
1044	484.8	edc_1	100	1000	1	382.938468933105	0	382.938468933105	0	0	0	0	0
1045	485	edc_1	120	1000	1	384.241104125977	0	384.241104125977	0	0	0	0	0
1046	485.2	edc_1	140	1000	1	392.168212890625	0	392.168212890625	0	0	0	0	0
1047	491.1	edc_2	0	1000	1	264.836265563965	0	264.836265563965	0	0	0	0	0
1048	491.8	edc_2	20	1000	1	273.822662353516	0	273.822662353516	0	0	0	0	0
1049	491.9	edc_2	20	1000	1	185.543907165527	0	185.543907165527	0	0	0	0	0
1050	492.9	edc_2	20	1000	1	273.822662353516	0	273.822662353516	0	0	0	0	0
1051	493.3	edc_1	120	1000	1	390.865577697754	0	390.865577697754	0	0	0	0	0
1052	493.5	edc_1	100	1000	1	389.520698547363	0	389.520698547363	0	0	0	0	0
1053	493.7	edc_1	60	1000	1	379.014923095703	0	379.014923095703	0	0	0	0	0
1054	493.9	edc_0	20	1000	1	273.822662353516	0	273.822662353516	0	0	0	0	0
1055	494	edc_1	80	1000	1	381.593589782715	0	381.593589782715	0	0	0	0	0
1056	494.2	edc_1	100	1000	1	382.938468933105	0	382.938468933105	0	0	0	0	0
1057	494.4	edc_1	140	1000	1	392.168212890625	0	392.168212890625	0	0	0	0	0
1058	494.6	edc_0	40	1000	1	281.749771118164	0	281.749771118164	0	0	0	0	0
1059	494.8	edc_0	20	1000	1	273.822662353516	0	273.822662353516	0	0	0	0	0
1060	495	edc_1	120	1000	1	390.865577697754	0	390.865577697754	0	0	0	0	0
1061	495.2	edc_1	100	1000	1	389.520698547363	0	389.520698547363	0	0	0	0	0
1062	495.4	edc_1	80	1000	1	381.593589782715	0	381.593589782715	0	0	0	0	0
1063	495.5	edc_0	40	1000	1	281.749771118164	0	281.749771118164	0	0	0	0	0
1064	495.7	edc_1	100	1000	1	382.938468933105	0	382.938468933105	0	0	0	0	0
1065	495.9	edc_1	120	1000	1	384.241104125977	0	384.241104125977	0	0	0	0	0
1066	496.1	edc_1	140	1000	1	392.168212890625	0	392.168212890625	0	0	0	0	0
1067	502	edc_2	0	1000	1	264.836265563965	0	264.836265563965	0	0	0	0	0
1068	502.7	edc_2	20	1000	1	273.822662353516	0	273.822662353516	0	0	0	0	0
1069	502.8	edc_2	20	1000	1	185.543907165527	0	185.543907165527	0	0	0	0	0
1070	503.8	edc_2	20	1000	1	273.822662353516	0	273.822662353516	0	0	0	0	0
1071	504.2	edc_1	120	1000	1	390.865577697754	0	390.865577697754	0	0	0	0	0
1072	504.4	edc_1	100	1000	1	389.520698547363	0	389.520698547363	0	0	0	0	0
1073	504.6	edc_1	60	1000	1	379.014923095703	0	379.014923095703	0	0	0	0	0
1074	504.8	edc_0	20	1000	1	273.822662353516	0	273.822662353516	0	0	0	0	0
1075	504.9	edc_1	80	1000	1	381.593589782715	0	381.593589782715	0	0	0	0	0
1076	505.1	edc_1	100	1000	1	382.938468933105	0	382.938468933105	0	0	0	0	0
1077	505.3	edc_1	140	1000	1	392.168212890625	0	392.168212890625	0	0	0	0	0
1078	505.5	edc_0	40	1000	1	281.749771118164	0	281.749771118164	0	0	0	0	0
1079	505.7	edc_0	20	1000	1	273.822662353516	0	273.822662353516	0	0	0	0	0
1080	505.9	edc_1	120	1000	1	390.865577697754	0	390.865577697754	0	0	0	0	0
1081	506.1	edc_1	100	1000	1	389.520698547363	0	389.520698547363	0	0	0	0	0
1082	506.3	edc_1	80	1000	1	381.593589782715	0	381.593589782715	0	0	0	0	0
1083	506.4	edc_0	40	1000	1	281.749771118164	0	281.749771118164	0	0	0	0	0
1084	506.6	edc_1	100	1000	1	382.938468933105	0	382.938468933105	0	0	0	0	0
1085	506.8	edc_1	120	1000	1	384.241104125977	0	384.241104125977	0	0	0	0	0
1086	507	edc_1	140	1000	1	392.168212890625	0	392.168212890625	0	0	0	0	0
1087	512.9	edc_2	0	1000	1	264.836265563965	0	264.836265563965	0	0	0	0	0
1088	513.6	edc_2	20	1000	1	273.822662353516	0	273.822662353516	0	0	0	0	0
1089	513.7	edc_2	20	1000	1	185.543907165527	0	185.543907165527	0	0	0	0	0
1090	514.7	edc_2	20	1000	1	273.822662353516	0	273.822662353516	0	0	0	0	0
1091	515.1	edc_1	120	1000	1	390.865577697754	0	390.865577697754	0	0	0	0	0
1092	515.3	edc_1	100	1000	1	389.520698547363	0	389.520698547363	0	0	0	0	0
1094	515.5	edc_1	60	1000	1	379.014923095703	0	379.014923095703	0	0	0	0	0
1095	515.7	edc_0	20	1000	1	273.822662353516	0	273.822662353516	0	0	0	0	0
1096	515.8	edc_1	80	1000	1	381.593589782715	0	381.593589782715	0	0	0	0	0
1097	516	edc_1	100	1000	1	382.938468933105	0	382.938468933105	0	0	0	0	0
1098	516.2	edc_1	140	1000	1	392.168212890625	0	392.168212890625	0	0	0	0	0
1099	516.4	edc_0	40	1000	1	281.749771118164	0	281.749771118164	0	0	0	0	0
1100	516.6	edc_0	20	1000	1	273.822662353516	0	273.822662353516	0	0	0	0	0
1101	516.8	edc_1	120	1000	1	390.865577697754	0	390.865577697754	0	0	0	0	0
1102	517	edc_1	100	1000	1	389.520698547363	0	389.520698547363	0	0	0	0	0
1103	517.2	edc_1	80	1000	1	381.593589782715	0	381.593589782715	0	0	0	0	0
1104	517.3	edc_0	40	1000	1	281.749771118164	0	281.749771118164	0	0	0	0	0
1105	517.5	edc_1	100	1000	1	382.938468933105	0	382.938468933105	0	0	0	0	0
1106	517.7	edc_1	120	1000	1	384.241104125977	0	384.241104125977	0	0	0	0	0
1107	517.9	edc_1	140	1000	1	392.168212890625	0	392.168212890625	0	0	0	0	0
1108	523.8	edc_2	0	1000	1	264.836265563965	0	264.836265563965	0	0	0	0	0
1109	524.5	edc_2	20	1000	1	273.822662353516	0	273.822662353516	0	0	0	0	0
1110	524.6	edc_2	20	1000	1	185.543907165527	0	185.543907165527	0	0	0	0	0
1111	525.6	edc_2	20	1000	1	273.822662353516	0	273.822662353516	0	0	0	0	0
1112	526	edc_1	120	1000	1	390.865577697754	0	390.865577697754	0	0	0	0	0
1113	526.3	edc_1	100	1000	1	389.520698547363	0	389.520698547363	0	0	0	0	0
1114	526.4	edc_1	80	1000	1	381.593589782715	0	381.593589782715	0	0	0	0	0
1115	526.5	edc_1	60	1000	1	379.014923095703	0	379.014923095703	0	0	0	0	0
1116	526.6	edc_0	20	1000	1	273.822662353516	0	273.822662353516	0	0	0	0	0
1117	526.7	edc_1	80	1000	1	381.593589782715	0	381.593589782715	0	0	0	0	0
1118	527	edc_1	100	1000	1	382.938468933105	0	382.938468933105	0	0	0	0	0
1119	527.2	edc_1	140	1000	1	392.168212890625	0	392.168212890625	0	0	0	0	0
1120	527.3	edc_0	40	1000	1	281.749771118164	0	281.749771118164	0	0	0	0	0
1121	527.5	edc_0	20	1000	1	273.822662353516	0	273.822662353516	0	0	0	0	0
1122	527.8	edc_1	120	1000	1	390.865577697754	0	390.865577697754	0	0	0	0	0
1123	528	edc_1	100	1000	1	389.520698547363	0	389.520698547363	0	0	0	0	0
1124	528.1	edc_1	80	1000	1	381.593589782715	0	381.593589782715	0	0	0	0	0
1125	528.2	edc_0	40	1000	1	281.749771118164	0	281.749771118164	0	0	0	0	0
1126	528.5	edc_1	100	1000	1	382.938468933105	0	382.938468933105	0	0	0	0	0
1127	528.7	edc_1	120	1000	1	384.241104125977	0	384.241104125977	0	0	0	0	0
1128	528.8	edc_2	40	1000	1	281.749771118164	0	281.749771118164	0	0	0	0	0
1129	534.8	edc_2	20	1000	1	273.822662353516	0	273.822662353516	0	0	0	0	0
1130	535.5	edc_2	40	1000	1	281.749771118164	0	281.749771118164	0	0	0	0	0
1131	536.9	edc_1	100	1000	1	382.938468933105	0	382.938468933105	0	0	0	0	0
1132	537.3	edc_1	80	1000	1	381.593589782715	0	381.593589782715	0	0	0	0	0
1133	537.4	edc_1	60	1000	1	372.607192993164	0	372.607192993164	0	0	0	0	0
1134	537.5	edc_1	40	1000	1	370.028526306152	0	370.028526306152	0	0	0	0	0
1135	537.5	edc_0	20	1000	1	273.822662353516	0	273.822662353516	0	0	0	0	0
1136	537.7	edc_1	60	1000	1	372.607192993164	0	372.607192993164	0	0	0	0	0
1137	538	edc_1	80	1000	1	373.952072143555	0	373.952072143555	0	0	0	0	0
1138	538.2	edc_1	120	1000	1	295.962348937988	0	295.962348937988	0	0	0	0	0
1139	538.2	edc_0	40	1000	1	281.749771118164	0	281.749771118164	0	0	0	0	0
1140	538.4	edc_0	20	1000	1	273.822662353516	0	273.822662353516	0	0	0	0	0
1141	538.8	edc_1	100	1000	1	294.659713745117	0	294.659713745117	0	0	0	0	0
1142	539	edc_1	80	1000	1	293.314834594727	0	293.314834594727	0	0	0	0	0
1143	539	edc_2	20	1000	1	273.822662353516	0	273.822662353516	0	0	0	0	0
1144	539.1	edc_0	40	1000	1	281.749771118164	0	281.749771118164	0	0	0	0	0
1145	539.2	edc_1	80	1000	1	381.593589782715	0	381.593589782715	0	0	0	0	0
1146	539.5	edc_1	100	1000	1	382.938468933105	0	382.938468933105	0	0	0	0	0
1147	539.7	edc_1	120	1000	1	384.241104125977	0	384.241104125977	0	0	0	0	0
1148	539.7	edc_2	40	1000	1	281.749771118164	0	281.749771118164	0	0	0	0	0
1149	545.8	edc_2	20	1000	1	273.822662353516	0	273.822662353516	0	0	0	0	0
1150	546.5	edc_2	40	1000	1	281.749771118164	0	281.749771118164	0	0	0	0	0
1151	547.9	edc_1	100	1000	1	382.938468933105	0	382.938468933105	0	0	0	0	0
1152	548.3	edc_1	80	1000	1	381.593589782715	0	381.593589782715	0	0	0	0	0
1153	548.4	edc_1	60	1000	1	372.607192993164	0	372.607192993164	0	0	0	0	0
1154	548.4	edc_0	20	1000	1	273.822662353516	0	273.822662353516	0	0	0	0	0
1155	548.5	edc_1	40	1000	1	370.028526306152	0	370.028526306152	0	0	0	0	0
1156	548.7	edc_1	60	1000	1	372.607192993164	0	372.607192993164	0	0	0	0	0
1157	549	edc_1	80	1000	1	373.952072143555	0	373.952072143555	0	0	0	0	0
1158	549.1	edc_0	40	1000	1	281.749771118164	0	281.749771118164	0	0	0	0	0
1159	549.2	edc_1	120	1000	1	295.962348937988	0	295.962348937988	0	0	0	0	0
1160	549.3	edc_0	20	1000	1	273.822662353516	0	273.822662353516	0	0	0	0	0
1161	549.8	edc_1	100	1000	1	294.659713745117	0	294.659713745117	0	0	0	0	0
1162	549.9	edc_2	20	1000	1	273.822662353516	0	273.822662353516	0	0	0	0	0
1163	550	edc_1	80	1000	1	293.314834594727	0	293.314834594727	0	0	0	0	0
1164	550	edc_0	40	1000	1	281.749771118164	0	281.749771118164	0	0	0	0	0
1165	550.2	edc_1	80	1000	1	381.593589782715	0	381.593589782715	0	0	0	0	0
1166	550.5	edc_1	100	1000	1	382.938468933105	0	382.938468933105	0	0	0	0	0
1167	550.6	edc_2	40	1000	1	281.749771118164	0	281.749771118164	0	0	0	0	0
1168	550.7	edc_1	120	1000	1	384.241104125977	0	384.241104125977	0	0	0	0	0
1169	556.8	edc_2	20	1000	1	273.822662353516	0	273.822662353516	0	0	0	0	0
1170	557.5	edc_2	40	1000	1	281.749771118164	0	281.749771118164	0	0	0	0	0
1171	558.9	edc_1	100	1000	1	382.938468933105	0	382.938468933105	0	0	0	0	0
1172	559.3	edc_1	80	1000	1	381.593589782715	0	381.593589782715	0	0	0	0	0
1173	559.3	edc_0	20	1000	1	273.822662353516	0	273.822662353516	0	0	0	0	0
1174	559.4	edc_1	60	1000	1	372.607192993164	0	372.607192993164	0	0	0	0	0
1175	559.5	edc_1	40	1000	1	370.028526306152	0	370.028526306152	0	0	0	0	0
1176	559.7	edc_1	60	1000	1	372.607192993164	0	372.607192993164	0	0	0	0	0
1177	560	edc_1	80	1000	1	373.952072143555	0	373.952072143555	0	0	0	0	0
1178	560	edc_0	40	1000	1	281.749771118164	0	281.749771118164	0	0	0	0	0
1179	560.2	edc_1	120	1000	1	295.962348937988	0	295.962348937988	0	0	0	0	0
1180	560.3	edc_0	20	1000	1	273.822662353516	0	273.822662353516	0	0	0	0	0
1181	560.8	edc_1	100	1000	1	294.659713745117	0	294.659713745117	0	0	0	0	0
1182	560.8	edc_2	20	1000	1	273.822662353516	0	273.822662353516	0	0	0	0	0
1183	561	edc_0	40	1000	1	281.749771118164	0	281.749771118164	0	0	0	0	0
1184	561	edc_1	80	1000	1	293.314834594727	0	293.314834594727	0	0	0	0	0
1185	561.2	edc_1	80	1000	1	381.593589782715	0	381.593589782715	0	0	0	0	0
1186	561.5	edc_1	100	1000	1	382.938468933105	0	382.938468933105	0	0	0	0	0
1187	561.5	edc_2	40	1000	1	281.749771118164	0	281.749771118164	0	0	0	0	0
1188	561.7	edc_1	120	1000	1	384.241104125977	0	384.241104125977	0	0	0	0	0
1189	567.8	edc_2	20	1000	1	273.822662353516	0	273.822662353516	0	0	0	0	0
1190	568.5	edc_2	40	1000	1	281.749771118164	0	281.749771118164	0	0	0	0	0
1191	569.9	edc_1	100	1000	1	382.938468933105	0	382.938468933105	0	0	0	0	0
1192	570.3	edc_0	20	1000	1	273.822662353516	0	273.822662353516	0	0	0	0	0
1193	570.3	edc_1	80	1000	1	381.593589782715	0	381.593589782715	0	0	0	0	0
1194	570.4	edc_1	60	1000	1	372.607192993164	0	372.607192993164	0	0	0	0	0
1195	570.5	edc_1	40	1000	1	370.028526306152	0	370.028526306152	0	0	0	0	0
1196	570.7	edc_1	60	1000	1	372.607192993164	0	372.607192993164	0	0	0	0	0
1197	571	edc_0	40	1000	1	281.749771118164	0	281.749771118164	0	0	0	0	0
1198	571	edc_1	80	1000	1	373.952072143555	0	373.952072143555	0	0	0	0	0
1199	571.2	edc_1	120	1000	1	295.962348937988	0	295.962348937988	0	0	0	0	0
1200	571.3	edc_0	20	1000	1	273.822662353516	0	273.822662353516	0	0	0	0	0
1201	571.8	edc_1	100	1000	1	294.659713745117	0	294.659713745117	0	0	0	0	0
1202	571.8	edc_2	20	1000	1	273.822662353516	0	273.822662353516	0	0	0	0	0
1203	572	edc_0	40	1000	1	281.749771118164	0	281.749771118164	0	0	0	0	0
1204	572	edc_1	80	1000	1	293.314834594727	0	293.314834594727	0	0	0	0	0
1205	572.2	edc_1	80	1000	1	381.593589782715	0	381.593589782715	0	0	0	0	0
1206	572.5	edc_1	100	1000	1	382.938468933105	0	382.938468933105	0	0	0	0	0
1207	572.5	edc_2	40	1000	1	281.749771118164	0	281.749771118164	0	0	0	0	0
1208	572.7	edc_1	120	1000	1	384.241104125977	0	384.241104125977	0	0	0	0	0
1209	578.8	edc_2	20	1000	1	273.822662353516	0	273.822662353516	0	0	0	0	0
1210	579.5	edc_2	40	1000	1	281.749771118164	0	281.749771118164	0	0	0	0	0
1211	580.9	edc_1	100	1000	1	382.938468933105	0	382.938468933105	0	0	0	0	0
1212	581.3	edc_0	20	1000	1	273.822662353516	0	273.822662353516	0	0	0	0	0
1213	581.3	edc_1	80	1000	1	381.593589782715	0	381.593589782715	0	0	0	0	0
1214	581.4	edc_1	60	1000	1	372.607192993164	0	372.607192993164	0	0	0	0	0
1215	581.5	edc_1	40	1000	1	370.028526306152	0	370.028526306152	0	0	0	0	0
1216	581.7	edc_1	60	1000	1	372.607192993164	0	372.607192993164	0	0	0	0	0
1217	582	edc_0	40	1000	1	281.749771118164	0	281.749771118164	0	0	0	0	0
1218	582	edc_1	80	1000	1	373.952072143555	0	373.952072143555	0	0	0	0	0
1219	582.2	edc_1	120	1000	1	295.962348937988	0	295.962348937988	0	0	0	0	0
1220	582.3	edc_0	20	1000	1	273.822662353516	0	273.822662353516	0	0	0	0	0
1221	582.8	edc_1	100	1000	1	294.659713745117	0	294.659713745117	0	0	0	0	0
1222	582.8	edc_2	20	1000	1	273.822662353516	0	273.822662353516	0	0	0	0	0
1223	583	edc_0	40	1000	1	281.749771118164	0	281.749771118164	0	0	0	0	0
1224	583	edc_1	80	1000	1	293.314834594727	0	293.314834594727	0	0	0	0	0
1225	583.2	edc_1	80	1000	1	381.593589782715	0	381.593589782715	0	0	0	0	0
1226	583.5	edc_1	100	1000	1	382.938468933105	0	382.938468933105	0	0	0	0	0
1227	583.5	edc_2	40	1000	1	281.749771118164	0	281.749771118164	0	0	0	0	0
1228	583.7	edc_1	120	1000	1	384.241104125977	0	384.241104125977	0	0	0	0	0
1229	589.8	edc_2	20	1000	1	273.822662353516	0	273.822662353516	0	0	0	0	0
1230	590.5	edc_2	40	1000	1	281.749771118164	0	281.749771118164	0	0	0	0	0
1231	591.9	edc_1	100	1000	1	382.938468933105	0	382.938468933105	0	0	0	0	0
1232	592.3	edc_0	20	1000	1	273.822662353516	0	273.822662353516	0	0	0	0	0
1233	592.3	edc_1	80	1000	1	381.593589782715	0	381.593589782715	0	0	0	0	0
1234	592.4	edc_1	60	1000	1	372.607192993164	0	372.607192993164	0	0	0	0	0
1235	592.5	edc_1	40	1000	1	370.028526306152	0	370.028526306152	0	0	0	0	0
1236	592.7	edc_1	60	1000	1	372.607192993164	0	372.607192993164	0	0	0	0	0
1237	593	edc_0	40	1000	1	281.749771118164	0	281.749771118164	0	0	0	0	0
1238	593	edc_1	80	1000	1	373.952072143555	0	373.952072143555	0	0	0	0	0
1239	593.2	edc_1	120	1000	1	295.962348937988	0	295.962348937988	0	0	0	0	0
1240	593.3	edc_0	20	1000	1	273.822662353516	0	273.822662353516	0	0	0	0	0
1241	593.8	edc_1	100	1000	1	294.659713745117	0	294.659713745117	0	0	0	0	0
1242	593.8	edc_2	20	1000	1	273.822662353516	0	273.822662353516	0	0	0	0	0
1243	594	edc_0	40	1000	1	281.749771118164	0	281.749771118164	0	0	0	0	0
1244	594	edc_1	80	1000	1	293.314834594727	0	293.314834594727	0	0	0	0	0
1245	594.2	edc_1	80	1000	1	381.593589782715	0	381.593589782715	0	0	0	0	0
1246	594.5	edc_1	100	1000	1	382.938468933105	0	382.938468933105	0	0	0	0	0
1247	594.5	edc_2	40	1000	1	281.749771118164	0	281.749771118164	0	0	0	0	0
1248	594.7	edc_0	60	1000	1	284.328437805176	0	284.328437805176	0	0	0	0	0
