time;ap_id;ue_id;mcs_index;efficiency;bandwidth;rate
1.0023718353877578;ap_9;ue_7;0;0.2344;100000000.0;23440000.0
1.0023718353877578;ap_9;ue_7;28;5.5547;100000000.0;555470000.0
1.011691485871557;ap_6;ue_8;0;0.2344;100000000.0;23440000.0
1.011691485871557;ap_6;ue_8;28;5.5547;100000000.0;555470000.0
1.0667464261265966;ap_0;ue_3;0;0.2344;100000000.0;23440000.0
1.0667464261265966;ap_0;ue_3;28;5.5547;100000000.0;555470000.0
1.0722375658298975;ap_5;ue_0;0;0.2344;100000000.0;23440000.0
1.0722375658298975;ap_5;ue_0;28;5.5547;100000000.0;555470000.0
1.0812990525633788;ap_4;ue_1;0;0.2344;100000000.0;23440000.0
1.0812990525633788;ap_4;ue_1;28;5.5547;100000000.0;555470000.0
1.1310892184796115;ap_0;ue_3;28;5.5547;50000000.0;277735000.0
1.1310892184796115;ap_0;ue_4;0;0.2344;50000000.0;11720000.0
1.1310892184796115;ap_0;ue_3;28;5.5547;50000000.0;277735000.0
1.1310892184796115;ap_0;ue_4;28;5.5547;50000000.0;277735000.0
1.1310892184796115;ap_0;ue_3;28;5.5547;50000000.0;277735000.0
1.1310892184796115;ap_0;ue_4;28;5.5547;50000000.0;277735000.0
1.1310892184796115;ap_0;ue_3;28;5.5547;50000000.0;277735000.0
1.1310892184796115;ap_0;ue_4;28;5.5547;50000000.0;277735000.0
1.1310892184796115;ap_0;ue_3;28;5.5547;50000000.0;277735000.0
1.1310892184796115;ap_0;ue_4;28;5.5547;50000000.0;277735000.0
1.1310892184796115;ap_0;ue_3;28;5.5547;50000000.0;277735000.0
1.1310892184796115;ap_0;ue_4;28;5.5547;50000000.0;277735000.0
1.2667464261265966;ap_0;ue_3;28;5.5547;50000000.0;277735000.0
1.2667464261265966;ap_0;ue_4;28;5.5547;50000000.0;277735000.0
1.2667464261265966;ap_0;ue_3;28;5.5547;50000000.0;277735000.0
1.2667464261265966;ap_0;ue_4;28;5.5547;50000000.0;277735000.0
1.2704087590326578;ap_0;ue_3;28;5.5547;50000000.0;277735000.0
1.2704087590326578;ap_0;ue_4;28;5.5547;50000000.0;277735000.0
1.2704087590326578;ap_0;ue_3;28;5.5547;50000000.0;277735000.0
1.2704087590326578;ap_0;ue_4;28;5.5547;50000000.0;277735000.0
1.274071091938719;ap_0;ue_3;28;5.5547;50000000.0;277735000.0
1.274071091938719;ap_0;ue_4;28;5.5547;50000000.0;277735000.0
1.274071091938719;ap_0;ue_3;28;5.5547;50000000.0;277735000.0
1.274071091938719;ap_0;ue_4;28;5.5547;50000000.0;277735000.0
1.3310892184796115;ap_0;ue_3;28;5.5547;50000000.0;277735000.0
1.3310892184796115;ap_0;ue_4;28;5.5547;50000000.0;277735000.0
1.3310892184796115;ap_0;ue_3;28;5.5547;50000000.0;277735000.0
1.3310892184796115;ap_0;ue_4;28;5.5547;50000000.0;277735000.0
1.3336518097719263;ap_0;ue_3;28;5.5547;50000000.0;277735000.0
1.3336518097719263;ap_0;ue_4;28;5.5547;50000000.0;277735000.0
1.3336518097719263;ap_0;ue_3;28;5.5547;50000000.0;277735000.0
1.3336518097719263;ap_0;ue_4;28;5.5547;50000000.0;277735000.0
1.435929802488856;ap_7;ue_2;0;0.2344;100000000.0;23440000.0
1.435929802488856;ap_7;ue_2;28;5.5547;100000000.0;555470000.0
1.4871276950506847;ap_5;ue_0;28;5.5547;50000000.0;277735000.0
1.4871276950506847;ap_5;ue_9;0;0.2344;50000000.0;11720000.0
1.4871276950506847;ap_5;ue_0;28;5.5547;50000000.0;277735000.0
1.4871276950506847;ap_5;ue_9;28;5.5547;50000000.0;277735000.0
1.4871276950506847;ap_5;ue_0;28;5.5547;50000000.0;277735000.0
1.4871276950506847;ap_5;ue_9;28;5.5547;50000000.0;277735000.0
1.4871276950506847;ap_5;ue_0;28;5.5547;50000000.0;277735000.0
1.4871276950506847;ap_5;ue_9;28;5.5547;50000000.0;277735000.0
1.4871276950506847;ap_5;ue_0;28;5.5547;50000000.0;277735000.0
1.4871276950506847;ap_5;ue_9;28;5.5547;50000000.0;277735000.0
1.4871276950506847;ap_5;ue_0;28;5.5547;50000000.0;277735000.0
1.4871276950506847;ap_5;ue_9;28;5.5547;50000000.0;277735000.0
1.4883642937858899;ap_1;ue_5;0;0.2344;100000000.0;23440000.0
1.4883642937858899;ap_1;ue_5;28;5.5547;100000000.0;555470000.0
1.4890304207268819;ap_8;ue_6;0;0.2344;100000000.0;23440000.0
1.4890304207268819;ap_8;ue_6;28;5.5547;100000000.0;555470000.0
1.5704087590326579;ap_0;ue_3;28;5.5547;50000000.0;277735000.0
1.5704087590326579;ap_0;ue_4;28;5.5547;50000000.0;277735000.0
1.5704087590326579;ap_0;ue_3;28;5.5547;50000000.0;277735000.0
1.5704087590326579;ap_0;ue_4;28;5.5547;50000000.0;277735000.0
1.5737595663473776;ap_5;ue_0;28;5.5547;50000000.0;277735000.0
1.5737595663473776;ap_5;ue_9;28;5.5547;50000000.0;277735000.0
1.5737595663473776;ap_5;ue_0;28;5.5547;50000000.0;277735000.0
1.5737595663473776;ap_5;ue_9;28;5.5547;50000000.0;277735000.0
1.6336518097719264;ap_0;ue_3;28;5.5547;50000000.0;277735000.0
1.6336518097719264;ap_0;ue_4;28;5.5547;50000000.0;277735000.0
1.6336518097719264;ap_0;ue_3;28;5.5547;50000000.0;277735000.0
1.6336518097719264;ap_0;ue_4;28;5.5547;50000000.0;277735000.0
1.6871276950506846;ap_5;ue_0;28;5.5547;50000000.0;277735000.0
1.6871276950506846;ap_5;ue_9;28;5.5547;50000000.0;277735000.0
1.6871276950506846;ap_5;ue_0;28;5.5547;50000000.0;277735000.0
1.6871276950506846;ap_5;ue_9;28;5.5547;50000000.0;277735000.0
1.6887337079630285;ap_5;ue_0;28;5.5547;50000000.0;277735000.0
1.6887337079630285;ap_5;ue_9;28;5.5547;50000000.0;277735000.0
1.6887337079630285;ap_5;ue_0;28;5.5547;50000000.0;277735000.0
1.6887337079630285;ap_5;ue_9;28;5.5547;50000000.0;277735000.0
1.9887337079630285;ap_5;ue_0;28;5.5547;50000000.0;277735000.0
1.9887337079630285;ap_5;ue_9;28;5.5547;50000000.0;277735000.0
1.9887337079630285;ap_5;ue_0;28;5.5547;50000000.0;277735000.0
1.9887337079630285;ap_5;ue_9;28;5.5547;50000000.0;277735000.0
2.0704087590326576;ap_0;ue_3;28;5.5547;50000000.0;277735000.0
2.0704087590326576;ap_0;ue_4;28;5.5547;50000000.0;277735000.0
2.0704087590326576;ap_0;ue_3;28;5.5547;50000000.0;277735000.0
2.0704087590326576;ap_0;ue_4;28;5.5547;50000000.0;277735000.0
2.073759566347378;ap_5;ue_0;28;5.5547;50000000.0;277735000.0
2.073759566347378;ap_5;ue_9;28;5.5547;50000000.0;277735000.0
2.073759566347378;ap_5;ue_0;28;5.5547;50000000.0;277735000.0
2.073759566347378;ap_5;ue_9;28;5.5547;50000000.0;277735000.0
2.1336518097719264;ap_0;ue_3;28;5.5547;50000000.0;277735000.0
2.1336518097719264;ap_0;ue_4;28;5.5547;50000000.0;277735000.0
2.1336518097719264;ap_0;ue_3;28;5.5547;50000000.0;277735000.0
2.1336518097719264;ap_0;ue_4;28;5.5547;50000000.0;277735000.0
2.4887337079630285;ap_5;ue_0;28;5.5547;50000000.0;277735000.0
2.4887337079630285;ap_5;ue_9;28;5.5547;50000000.0;277735000.0
2.4887337079630285;ap_5;ue_0;28;5.5547;50000000.0;277735000.0
2.4887337079630285;ap_5;ue_9;28;5.5547;50000000.0;277735000.0
2.5704087590326576;ap_0;ue_3;28;5.5547;50000000.0;277735000.0
2.5704087590326576;ap_0;ue_4;28;5.5547;50000000.0;277735000.0
2.5704087590326576;ap_0;ue_3;28;5.5547;50000000.0;277735000.0
2.5704087590326576;ap_0;ue_4;28;5.5547;50000000.0;277735000.0
2.573759566347378;ap_5;ue_0;28;5.5547;50000000.0;277735000.0
2.573759566347378;ap_5;ue_9;28;5.5547;50000000.0;277735000.0
2.573759566347378;ap_5;ue_0;28;5.5547;50000000.0;277735000.0
2.573759566347378;ap_5;ue_9;28;5.5547;50000000.0;277735000.0
2.6336518097719264;ap_0;ue_3;28;5.5547;50000000.0;277735000.0
2.6336518097719264;ap_0;ue_4;28;5.5547;50000000.0;277735000.0
2.6336518097719264;ap_0;ue_3;28;5.5547;50000000.0;277735000.0
2.6336518097719264;ap_0;ue_4;28;5.5547;50000000.0;277735000.0
2.9887337079630285;ap_5;ue_0;28;5.5547;50000000.0;277735000.0
2.9887337079630285;ap_5;ue_9;28;5.5547;50000000.0;277735000.0
2.9887337079630285;ap_5;ue_0;28;5.5547;50000000.0;277735000.0
2.9887337079630285;ap_5;ue_9;28;5.5547;50000000.0;277735000.0
3.0704087590326576;ap_0;ue_3;28;5.5547;50000000.0;277735000.0
3.0704087590326576;ap_0;ue_4;28;5.5547;50000000.0;277735000.0
3.0704087590326576;ap_0;ue_3;28;5.5547;50000000.0;277735000.0
3.0704087590326576;ap_0;ue_4;28;5.5547;50000000.0;277735000.0
3.073759566347378;ap_5;ue_0;28;5.5547;50000000.0;277735000.0
3.073759566347378;ap_5;ue_9;28;5.5547;50000000.0;277735000.0
3.073759566347378;ap_5;ue_0;28;5.5547;50000000.0;277735000.0
3.073759566347378;ap_5;ue_9;28;5.5547;50000000.0;277735000.0
3.1336518097719264;ap_0;ue_3;28;5.5547;50000000.0;277735000.0
3.1336518097719264;ap_0;ue_4;28;5.5547;50000000.0;277735000.0
3.1336518097719264;ap_0;ue_3;28;5.5547;50000000.0;277735000.0
3.1336518097719264;ap_0;ue_4;28;5.5547;50000000.0;277735000.0
3.4887337079630285;ap_5;ue_0;28;5.5547;50000000.0;277735000.0
3.4887337079630285;ap_5;ue_9;28;5.5547;50000000.0;277735000.0
3.4887337079630285;ap_5;ue_0;28;5.5547;50000000.0;277735000.0
3.4887337079630285;ap_5;ue_9;28;5.5547;50000000.0;277735000.0
3.5704087590326576;ap_0;ue_3;28;5.5547;50000000.0;277735000.0
3.5704087590326576;ap_0;ue_4;28;5.5547;50000000.0;277735000.0
3.5704087590326576;ap_0;ue_3;28;5.5547;50000000.0;277735000.0
3.5704087590326576;ap_0;ue_4;28;5.5547;50000000.0;277735000.0
3.573759566347378;ap_5;ue_0;28;5.5547;50000000.0;277735000.0
3.573759566347378;ap_5;ue_9;28;5.5547;50000000.0;277735000.0
3.573759566347378;ap_5;ue_0;28;5.5547;50000000.0;277735000.0
3.573759566347378;ap_5;ue_9;28;5.5547;50000000.0;277735000.0
3.6336518097719264;ap_0;ue_3;28;5.5547;50000000.0;277735000.0
3.6336518097719264;ap_0;ue_4;28;5.5547;50000000.0;277735000.0
3.6336518097719264;ap_0;ue_3;28;5.5547;50000000.0;277735000.0
3.6336518097719264;ap_0;ue_4;28;5.5547;50000000.0;277735000.0
3.9887337079630285;ap_5;ue_0;28;5.5547;50000000.0;277735000.0
3.9887337079630285;ap_5;ue_9;28;5.5547;50000000.0;277735000.0
3.9887337079630285;ap_5;ue_0;28;5.5547;50000000.0;277735000.0
3.9887337079630285;ap_5;ue_9;28;5.5547;50000000.0;277735000.0
4.070408759032658;ap_0;ue_3;28;5.5547;50000000.0;277735000.0
4.070408759032658;ap_0;ue_4;28;5.5547;50000000.0;277735000.0
4.070408759032658;ap_0;ue_3;28;5.5547;50000000.0;277735000.0
4.070408759032658;ap_0;ue_4;28;5.5547;50000000.0;277735000.0
4.073759566347378;ap_5;ue_0;28;5.5547;50000000.0;277735000.0
4.073759566347378;ap_5;ue_9;28;5.5547;50000000.0;277735000.0
4.073759566347378;ap_5;ue_0;28;5.5547;50000000.0;277735000.0
4.073759566347378;ap_5;ue_9;28;5.5547;50000000.0;277735000.0
4.133651809771926;ap_0;ue_3;28;5.5547;50000000.0;277735000.0
4.133651809771926;ap_0;ue_4;28;5.5547;50000000.0;277735000.0
4.133651809771926;ap_0;ue_3;28;5.5547;50000000.0;277735000.0
4.133651809771926;ap_0;ue_4;28;5.5547;50000000.0;277735000.0
4.4887337079630285;ap_5;ue_0;28;5.5547;50000000.0;277735000.0
4.4887337079630285;ap_5;ue_9;28;5.5547;50000000.0;277735000.0
4.4887337079630285;ap_5;ue_0;28;5.5547;50000000.0;277735000.0
4.4887337079630285;ap_5;ue_9;28;5.5547;50000000.0;277735000.0
4.570408759032658;ap_0;ue_3;28;5.5547;50000000.0;277735000.0
4.570408759032658;ap_0;ue_4;28;5.5547;50000000.0;277735000.0
4.570408759032658;ap_0;ue_3;28;5.5547;50000000.0;277735000.0
4.570408759032658;ap_0;ue_4;28;5.5547;50000000.0;277735000.0
4.573759566347378;ap_5;ue_0;28;5.5547;50000000.0;277735000.0
4.573759566347378;ap_5;ue_9;28;5.5547;50000000.0;277735000.0
4.573759566347378;ap_5;ue_0;28;5.5547;50000000.0;277735000.0
4.573759566347378;ap_5;ue_9;28;5.5547;50000000.0;277735000.0
4.633651809771926;ap_0;ue_3;28;5.5547;50000000.0;277735000.0
4.633651809771926;ap_0;ue_4;28;5.5547;50000000.0;277735000.0
4.633651809771926;ap_0;ue_3;28;5.5547;50000000.0;277735000.0
4.633651809771926;ap_0;ue_4;28;5.5547;50000000.0;277735000.0
4.9887337079630285;ap_5;ue_0;28;5.5547;50000000.0;277735000.0
4.9887337079630285;ap_5;ue_9;28;5.5547;50000000.0;277735000.0
4.9887337079630285;ap_5;ue_0;28;5.5547;50000000.0;277735000.0
4.9887337079630285;ap_5;ue_9;28;5.5547;50000000.0;277735000.0
5.0;ap_5;ue_0;28;5.5547;50000000.0;277735000.0
5.0;ap_0;ue_3;28;5.5547;50000000.0;277735000.0
5.0;ap_0;ue_4;28;5.5547;50000000.0;277735000.0
5.0;ap_8;ue_6;28;5.5547;100000000.0;555470000.0
5.0;ap_9;ue_7;28;5.5547;100000000.0;555470000.0
5.0;ap_6;ue_8;28;5.5547;100000000.0;555470000.0
5.0;ap_5;ue_9;28;5.5547;50000000.0;277735000.0
5.070047518788267;ap_0;ue_3;28;5.5547;50000000.0;277735000.0
5.070047518788267;ap_0;ue_4;28;5.5547;50000000.0;277735000.0
5.070047518788267;ap_0;ue_3;28;5.5547;50000000.0;277735000.0
5.070047518788267;ap_0;ue_4;28;5.5547;50000000.0;277735000.0
5.073843578742242;ap_5;ue_0;28;5.5547;50000000.0;277735000.0
5.073843578742242;ap_5;ue_9;28;5.5547;50000000.0;277735000.0
5.073843578742242;ap_5;ue_0;28;5.5547;50000000.0;277735000.0
5.073843578742242;ap_5;ue_9;28;5.5547;50000000.0;277735000.0
5.133859762060262;ap_0;ue_3;28;5.5547;50000000.0;277735000.0
5.133859762060262;ap_0;ue_4;28;5.5547;50000000.0;277735000.0
5.133859762060262;ap_0;ue_3;28;5.5547;50000000.0;277735000.0
5.133859762060262;ap_0;ue_4;28;5.5547;50000000.0;277735000.0
5.4886496955681645;ap_5;ue_0;28;5.5547;50000000.0;277735000.0
5.4886496955681645;ap_5;ue_9;28;5.5547;50000000.0;277735000.0
5.4886496955681645;ap_5;ue_0;28;5.5547;50000000.0;277735000.0
5.4886496955681645;ap_5;ue_9;28;5.5547;50000000.0;277735000.0
5.570047518788267;ap_0;ue_3;28;5.5547;50000000.0;277735000.0
5.570047518788267;ap_0;ue_4;28;5.5547;50000000.0;277735000.0
5.570047518788267;ap_0;ue_3;28;5.5547;50000000.0;277735000.0
5.570047518788267;ap_0;ue_4;28;5.5547;50000000.0;277735000.0
5.573843578742242;ap_5;ue_0;28;5.5547;50000000.0;277735000.0
5.573843578742242;ap_5;ue_9;28;5.5547;50000000.0;277735000.0
5.573843578742242;ap_5;ue_0;28;5.5547;50000000.0;277735000.0
5.573843578742242;ap_5;ue_9;28;5.5547;50000000.0;277735000.0
5.633859762060262;ap_0;ue_3;28;5.5547;50000000.0;277735000.0
5.633859762060262;ap_0;ue_4;28;5.5547;50000000.0;277735000.0
5.633859762060262;ap_0;ue_3;28;5.5547;50000000.0;277735000.0
5.633859762060262;ap_0;ue_4;28;5.5547;50000000.0;277735000.0
5.9886496955681645;ap_5;ue_0;28;5.5547;50000000.0;277735000.0
5.9886496955681645;ap_5;ue_9;28;5.5547;50000000.0;277735000.0
5.9886496955681645;ap_5;ue_0;28;5.5547;50000000.0;277735000.0
5.9886496955681645;ap_5;ue_9;28;5.5547;50000000.0;277735000.0
6.070047518788267;ap_0;ue_3;28;5.5547;50000000.0;277735000.0
6.070047518788267;ap_0;ue_4;28;5.5547;50000000.0;277735000.0
6.070047518788267;ap_0;ue_3;28;5.5547;50000000.0;277735000.0
6.070047518788267;ap_0;ue_4;28;5.5547;50000000.0;277735000.0
6.073843578742242;ap_5;ue_0;28;5.5547;50000000.0;277735000.0
6.073843578742242;ap_5;ue_9;28;5.5547;50000000.0;277735000.0
6.073843578742242;ap_5;ue_0;28;5.5547;50000000.0;277735000.0
6.073843578742242;ap_5;ue_9;28;5.5547;50000000.0;277735000.0
6.133859762060262;ap_0;ue_3;28;5.5547;50000000.0;277735000.0
6.133859762060262;ap_0;ue_4;28;5.5547;50000000.0;277735000.0
6.133859762060262;ap_0;ue_3;28;5.5547;50000000.0;277735000.0
6.133859762060262;ap_0;ue_4;28;5.5547;50000000.0;277735000.0
6.4886496955681645;ap_5;ue_0;28;5.5547;50000000.0;277735000.0
6.4886496955681645;ap_5;ue_9;28;5.5547;50000000.0;277735000.0
6.4886496955681645;ap_5;ue_0;28;5.5547;50000000.0;277735000.0
6.4886496955681645;ap_5;ue_9;28;5.5547;50000000.0;277735000.0
6.570047518788267;ap_0;ue_3;28;5.5547;50000000.0;277735000.0
6.570047518788267;ap_0;ue_4;28;5.5547;50000000.0;277735000.0
6.570047518788267;ap_0;ue_3;28;5.5547;50000000.0;277735000.0
6.570047518788267;ap_0;ue_4;28;5.5547;50000000.0;277735000.0
6.573843578742242;ap_5;ue_0;28;5.5547;50000000.0;277735000.0
6.573843578742242;ap_5;ue_9;28;5.5547;50000000.0;277735000.0
6.573843578742242;ap_5;ue_0;28;5.5547;50000000.0;277735000.0
6.573843578742242;ap_5;ue_9;28;5.5547;50000000.0;277735000.0
6.633859762060262;ap_0;ue_3;28;5.5547;50000000.0;277735000.0
6.633859762060262;ap_0;ue_4;28;5.5547;50000000.0;277735000.0
6.633859762060262;ap_0;ue_3;28;5.5547;50000000.0;277735000.0
6.633859762060262;ap_0;ue_4;28;5.5547;50000000.0;277735000.0
6.9886496955681645;ap_5;ue_0;28;5.5547;50000000.0;277735000.0
6.9886496955681645;ap_5;ue_9;28;5.5547;50000000.0;277735000.0
6.9886496955681645;ap_5;ue_0;28;5.5547;50000000.0;277735000.0
6.9886496955681645;ap_5;ue_9;28;5.5547;50000000.0;277735000.0
7.070047518788267;ap_0;ue_3;28;5.5547;50000000.0;277735000.0
7.070047518788267;ap_0;ue_4;28;5.5547;50000000.0;277735000.0
7.070047518788267;ap_0;ue_3;28;5.5547;50000000.0;277735000.0
7.070047518788267;ap_0;ue_4;28;5.5547;50000000.0;277735000.0
7.073843578742242;ap_5;ue_0;28;5.5547;50000000.0;277735000.0
7.073843578742242;ap_5;ue_9;28;5.5547;50000000.0;277735000.0
7.073843578742242;ap_5;ue_0;28;5.5547;50000000.0;277735000.0
7.073843578742242;ap_5;ue_9;28;5.5547;50000000.0;277735000.0
7.133859762060262;ap_0;ue_3;28;5.5547;50000000.0;277735000.0
7.133859762060262;ap_0;ue_4;28;5.5547;50000000.0;277735000.0
7.133859762060262;ap_0;ue_3;28;5.5547;50000000.0;277735000.0
7.133859762060262;ap_0;ue_4;28;5.5547;50000000.0;277735000.0
7.4886496955681645;ap_5;ue_0;28;5.5547;50000000.0;277735000.0
7.4886496955681645;ap_5;ue_9;28;5.5547;50000000.0;277735000.0
7.4886496955681645;ap_5;ue_0;28;5.5547;50000000.0;277735000.0
7.4886496955681645;ap_5;ue_9;28;5.5547;50000000.0;277735000.0
7.570047518788267;ap_0;ue_3;28;5.5547;50000000.0;277735000.0
7.570047518788267;ap_0;ue_4;28;5.5547;50000000.0;277735000.0
7.570047518788267;ap_0;ue_3;28;5.5547;50000000.0;277735000.0
7.570047518788267;ap_0;ue_4;28;5.5547;50000000.0;277735000.0
7.573843578742242;ap_5;ue_0;28;5.5547;50000000.0;277735000.0
7.573843578742242;ap_5;ue_9;28;5.5547;50000000.0;277735000.0
7.573843578742242;ap_5;ue_0;28;5.5547;50000000.0;277735000.0
7.573843578742242;ap_5;ue_9;28;5.5547;50000000.0;277735000.0
7.633859762060262;ap_0;ue_3;28;5.5547;50000000.0;277735000.0
7.633859762060262;ap_0;ue_4;28;5.5547;50000000.0;277735000.0
7.633859762060262;ap_0;ue_3;28;5.5547;50000000.0;277735000.0
7.633859762060262;ap_0;ue_4;28;5.5547;50000000.0;277735000.0
7.9886496955681645;ap_5;ue_0;28;5.5547;50000000.0;277735000.0
7.9886496955681645;ap_5;ue_9;28;5.5547;50000000.0;277735000.0
7.9886496955681645;ap_5;ue_0;28;5.5547;50000000.0;277735000.0
7.9886496955681645;ap_5;ue_9;28;5.5547;50000000.0;277735000.0
8.070047518788266;ap_0;ue_3;28;5.5547;50000000.0;277735000.0
8.070047518788266;ap_0;ue_4;28;5.5547;50000000.0;277735000.0
8.070047518788266;ap_0;ue_3;28;5.5547;50000000.0;277735000.0
8.070047518788266;ap_0;ue_4;28;5.5547;50000000.0;277735000.0
8.073843578742242;ap_5;ue_0;28;5.5547;50000000.0;277735000.0
8.073843578742242;ap_5;ue_9;28;5.5547;50000000.0;277735000.0
8.073843578742242;ap_5;ue_0;28;5.5547;50000000.0;277735000.0
8.073843578742242;ap_5;ue_9;28;5.5547;50000000.0;277735000.0
8.133859762060263;ap_0;ue_3;28;5.5547;50000000.0;277735000.0
8.133859762060263;ap_0;ue_4;28;5.5547;50000000.0;277735000.0
8.133859762060263;ap_0;ue_3;28;5.5547;50000000.0;277735000.0
8.133859762060263;ap_0;ue_4;28;5.5547;50000000.0;277735000.0
8.488649695568165;ap_5;ue_0;28;5.5547;50000000.0;277735000.0
8.488649695568165;ap_5;ue_9;28;5.5547;50000000.0;277735000.0
8.488649695568165;ap_5;ue_0;28;5.5547;50000000.0;277735000.0
8.488649695568165;ap_5;ue_9;28;5.5547;50000000.0;277735000.0
8.570047518788266;ap_0;ue_3;28;5.5547;50000000.0;277735000.0
8.570047518788266;ap_0;ue_4;28;5.5547;50000000.0;277735000.0
8.570047518788266;ap_0;ue_3;28;5.5547;50000000.0;277735000.0
8.570047518788266;ap_0;ue_4;28;5.5547;50000000.0;277735000.0
8.573843578742242;ap_5;ue_0;28;5.5547;50000000.0;277735000.0
8.573843578742242;ap_5;ue_9;28;5.5547;50000000.0;277735000.0
8.573843578742242;ap_5;ue_0;28;5.5547;50000000.0;277735000.0
8.573843578742242;ap_5;ue_9;28;5.5547;50000000.0;277735000.0
8.633859762060263;ap_0;ue_3;28;5.5547;50000000.0;277735000.0
8.633859762060263;ap_0;ue_4;28;5.5547;50000000.0;277735000.0
8.633859762060263;ap_0;ue_3;28;5.5547;50000000.0;277735000.0
8.633859762060263;ap_0;ue_4;28;5.5547;50000000.0;277735000.0
8.988649695568165;ap_5;ue_0;28;5.5547;50000000.0;277735000.0
8.988649695568165;ap_5;ue_9;28;5.5547;50000000.0;277735000.0
8.988649695568165;ap_5;ue_0;28;5.5547;50000000.0;277735000.0
8.988649695568165;ap_5;ue_9;28;5.5547;50000000.0;277735000.0
9.070047518788266;ap_0;ue_3;28;5.5547;50000000.0;277735000.0
9.070047518788266;ap_0;ue_4;28;5.5547;50000000.0;277735000.0
9.070047518788266;ap_0;ue_3;28;5.5547;50000000.0;277735000.0
9.070047518788266;ap_0;ue_4;28;5.5547;50000000.0;277735000.0
9.073843578742242;ap_5;ue_0;28;5.5547;50000000.0;277735000.0
9.073843578742242;ap_5;ue_9;28;5.5547;50000000.0;277735000.0
9.073843578742242;ap_5;ue_0;28;5.5547;50000000.0;277735000.0
9.073843578742242;ap_5;ue_9;28;5.5547;50000000.0;277735000.0
9.133859762060263;ap_0;ue_3;28;5.5547;50000000.0;277735000.0
9.133859762060263;ap_0;ue_4;28;5.5547;50000000.0;277735000.0
9.133859762060263;ap_0;ue_3;28;5.5547;50000000.0;277735000.0
9.133859762060263;ap_0;ue_4;28;5.5547;50000000.0;277735000.0
9.488649695568165;ap_5;ue_0;28;5.5547;50000000.0;277735000.0
9.488649695568165;ap_5;ue_9;28;5.5547;50000000.0;277735000.0
9.488649695568165;ap_5;ue_0;28;5.5547;50000000.0;277735000.0
9.488649695568165;ap_5;ue_9;28;5.5547;50000000.0;277735000.0
9.570047518788266;ap_0;ue_3;28;5.5547;50000000.0;277735000.0
9.570047518788266;ap_0;ue_4;28;5.5547;50000000.0;277735000.0
9.570047518788266;ap_0;ue_3;28;5.5547;50000000.0;277735000.0
9.570047518788266;ap_0;ue_4;28;5.5547;50000000.0;277735000.0
9.573843578742242;ap_5;ue_0;28;5.5547;50000000.0;277735000.0
9.573843578742242;ap_5;ue_9;28;5.5547;50000000.0;277735000.0
9.573843578742242;ap_5;ue_0;28;5.5547;50000000.0;277735000.0
9.573843578742242;ap_5;ue_9;28;5.5547;50000000.0;277735000.0
9.633859762060263;ap_0;ue_3;28;5.5547;50000000.0;277735000.0
9.633859762060263;ap_0;ue_4;28;5.5547;50000000.0;277735000.0
9.633859762060263;ap_0;ue_3;28;5.5547;50000000.0;277735000.0
9.633859762060263;ap_0;ue_4;28;5.5547;50000000.0;277735000.0
9.988649695568165;ap_5;ue_0;28;5.5547;50000000.0;277735000.0
9.988649695568165;ap_5;ue_9;28;5.5547;50000000.0;277735000.0
9.988649695568165;ap_5;ue_0;28;5.5547;50000000.0;277735000.0
9.988649695568165;ap_5;ue_9;28;5.5547;50000000.0;277735000.0
10.0;ap_5;ue_0;28;5.5547;50000000.0;277735000.0
10.0;ap_4;ue_1;28;5.5547;100000000.0;555470000.0
10.0;ap_7;ue_2;28;5.5547;100000000.0;555470000.0
10.0;ap_0;ue_3;28;5.5547;50000000.0;277735000.0
10.0;ap_0;ue_4;28;5.5547;50000000.0;277735000.0
10.0;ap_1;ue_5;28;5.5547;100000000.0;555470000.0
10.0;ap_8;ue_6;28;5.5547;100000000.0;555470000.0
10.0;ap_5;ue_9;28;5.5547;50000000.0;277735000.0
10.070047518788266;ap_0;ue_3;28;5.5547;50000000.0;277735000.0
10.070047518788266;ap_0;ue_4;28;5.5547;50000000.0;277735000.0
10.070047518788266;ap_0;ue_3;28;5.5547;50000000.0;277735000.0
10.070047518788266;ap_0;ue_4;28;5.5547;50000000.0;277735000.0
10.073935185766747;ap_5;ue_0;28;5.5547;50000000.0;277735000.0
10.073935185766747;ap_5;ue_9;28;5.5547;50000000.0;277735000.0
10.073935185766747;ap_5;ue_0;28;5.5547;50000000.0;277735000.0
10.073935185766747;ap_5;ue_9;28;5.5547;50000000.0;277735000.0
10.134099181457067;ap_0;ue_3;28;5.5547;50000000.0;277735000.0
10.134099181457067;ap_0;ue_4;28;5.5547;50000000.0;277735000.0
10.134099181457067;ap_0;ue_3;28;5.5547;50000000.0;277735000.0
10.134099181457067;ap_0;ue_4;28;5.5547;50000000.0;277735000.0
10.488574014889855;ap_5;ue_0;28;5.5547;50000000.0;277735000.0
10.488574014889855;ap_5;ue_9;28;5.5547;50000000.0;277735000.0
10.488574014889855;ap_5;ue_0;28;5.5547;50000000.0;277735000.0
10.488574014889855;ap_5;ue_9;28;5.5547;50000000.0;277735000.0
10.570047518788266;ap_0;ue_3;28;5.5547;50000000.0;277735000.0
10.570047518788266;ap_0;ue_4;28;5.5547;50000000.0;277735000.0
10.570047518788266;ap_0;ue_3;28;5.5547;50000000.0;277735000.0
10.570047518788266;ap_0;ue_4;28;5.5547;50000000.0;277735000.0
10.573935185766747;ap_5;ue_0;28;5.5547;50000000.0;277735000.0
10.573935185766747;ap_5;ue_9;28;5.5547;50000000.0;277735000.0
10.573935185766747;ap_5;ue_0;28;5.5547;50000000.0;277735000.0
10.573935185766747;ap_5;ue_9;28;5.5547;50000000.0;277735000.0
10.634099181457067;ap_0;ue_3;28;5.5547;50000000.0;277735000.0
10.634099181457067;ap_0;ue_4;28;5.5547;50000000.0;277735000.0
10.634099181457067;ap_0;ue_3;28;5.5547;50000000.0;277735000.0
10.634099181457067;ap_0;ue_4;28;5.5547;50000000.0;277735000.0
10.988574014889855;ap_5;ue_0;28;5.5547;50000000.0;277735000.0
10.988574014889855;ap_5;ue_9;28;5.5547;50000000.0;277735000.0
10.988574014889855;ap_5;ue_0;28;5.5547;50000000.0;277735000.0
10.988574014889855;ap_5;ue_9;28;5.5547;50000000.0;277735000.0
11.070047518788266;ap_0;ue_3;28;5.5547;50000000.0;277735000.0
11.070047518788266;ap_0;ue_4;28;5.5547;50000000.0;277735000.0
11.070047518788266;ap_0;ue_3;28;5.5547;50000000.0;277735000.0
11.070047518788266;ap_0;ue_4;28;5.5547;50000000.0;277735000.0
11.073935185766747;ap_5;ue_0;28;5.5547;50000000.0;277735000.0
11.073935185766747;ap_5;ue_9;28;5.5547;50000000.0;277735000.0
11.073935185766747;ap_5;ue_0;28;5.5547;50000000.0;277735000.0
11.073935185766747;ap_5;ue_9;28;5.5547;50000000.0;277735000.0
11.134099181457067;ap_0;ue_3;28;5.5547;50000000.0;277735000.0
11.134099181457067;ap_0;ue_4;28;5.5547;50000000.0;277735000.0
11.134099181457067;ap_0;ue_3;28;5.5547;50000000.0;277735000.0
11.134099181457067;ap_0;ue_4;28;5.5547;50000000.0;277735000.0
11.266746426126597;ap_0;ue_3;28;5.5547;50000000.0;277735000.0
11.266746426126597;ap_0;ue_4;28;5.5547;50000000.0;277735000.0
11.266746426126597;ap_0;ue_3;28;5.5547;50000000.0;277735000.0
11.266746426126597;ap_0;ue_4;28;5.5547;50000000.0;277735000.0
11.272237565829897;ap_5;ue_0;28;5.5547;50000000.0;277735000.0
11.272237565829897;ap_5;ue_9;28;5.5547;50000000.0;277735000.0
11.272237565829897;ap_5;ue_0;28;5.5547;50000000.0;277735000.0
11.272237565829897;ap_5;ue_9;28;5.5547;50000000.0;277735000.0
11.331089218479612;ap_0;ue_3;28;5.5547;50000000.0;277735000.0
11.331089218479612;ap_0;ue_4;28;5.5547;50000000.0;277735000.0
11.331089218479612;ap_0;ue_3;28;5.5547;50000000.0;277735000.0
11.331089218479612;ap_0;ue_4;28;5.5547;50000000.0;277735000.0
11.402371835387758;;ue_7;0;0;0;0
11.411691485871556;;ue_8;0;0;0;0
11.466746426126596;ap_0;ue_3;28;5.5547;50000000.0;277735000.0
11.466746426126596;ap_0;ue_4;28;5.5547;50000000.0;277735000.0
11.466746426126596;ap_0;ue_3;28;5.5547;50000000.0;277735000.0
11.466746426126596;ap_0;ue_4;28;5.5547;50000000.0;277735000.0
11.466746426126596;;ue_3;0;0;0;0
11.466746426126596;ap_0;ue_4;28;5.5547;100000000.0;555470000.0
11.472237565829897;ap_5;ue_0;28;5.5547;50000000.0;277735000.0
11.472237565829897;ap_5;ue_9;28;5.5547;50000000.0;277735000.0
11.472237565829897;ap_5;ue_0;28;5.5547;50000000.0;277735000.0
11.472237565829897;ap_5;ue_9;28;5.5547;50000000.0;277735000.0
11.472237565829897;;ue_0;0;0;0;0
11.472237565829897;ap_5;ue_9;28;5.5547;100000000.0;555470000.0
11.481299052563378;;ue_1;0;0;0;0
11.531089218479611;;ue_4;0;0;0;0
11.835929802488856;;ue_2;0;0;0;0
11.887127695050683;;ue_9;0;0;0;0
11.888364293785889;;ue_5;0;0;0;0
11.88903042072688;;ue_6;0;0;0;0
12.502371835387757;ap_9;ue_7;0;0.2344;100000000.0;23440000.0
12.502371835387757;ap_9;ue_7;28;5.5547;100000000.0;555470000.0
12.511691485871557;ap_6;ue_8;0;0.2344;100000000.0;23440000.0
12.511691485871557;ap_6;ue_8;28;5.5547;100000000.0;555470000.0
12.566746426126596;ap_0;ue_3;0;0.2344;100000000.0;23440000.0
12.566746426126596;ap_0;ue_3;28;5.5547;100000000.0;555470000.0
12.572237565829898;ap_5;ue_0;0;0.2344;100000000.0;23440000.0
12.572237565829898;ap_5;ue_0;28;5.5547;100000000.0;555470000.0
12.581299052563379;ap_4;ue_1;0;0.2344;100000000.0;23440000.0
12.581299052563379;ap_4;ue_1;28;5.5547;100000000.0;555470000.0
12.631089218479612;ap_0;ue_3;28;5.5547;50000000.0;277735000.0
12.631089218479612;ap_0;ue_4;0;0.2344;50000000.0;11720000.0
12.631089218479612;ap_0;ue_3;28;5.5547;50000000.0;277735000.0
12.631089218479612;ap_0;ue_4;28;5.5547;50000000.0;277735000.0
12.631089218479612;ap_0;ue_3;28;5.5547;50000000.0;277735000.0
12.631089218479612;ap_0;ue_4;28;5.5547;50000000.0;277735000.0
12.631089218479612;ap_0;ue_3;28;5.5547;50000000.0;277735000.0
12.631089218479612;ap_0;ue_4;28;5.5547;50000000.0;277735000.0
12.631089218479612;ap_0;ue_3;28;5.5547;50000000.0;277735000.0
12.631089218479612;ap_0;ue_4;28;5.5547;50000000.0;277735000.0
12.631089218479612;ap_0;ue_3;28;5.5547;50000000.0;277735000.0
12.631089218479612;ap_0;ue_4;28;5.5547;50000000.0;277735000.0
12.766746426126595;ap_0;ue_3;28;5.5547;50000000.0;277735000.0
12.766746426126595;ap_0;ue_4;28;5.5547;50000000.0;277735000.0
12.766746426126595;ap_0;ue_3;28;5.5547;50000000.0;277735000.0
12.766746426126595;ap_0;ue_4;28;5.5547;50000000.0;277735000.0
12.770047518788266;ap_0;ue_3;28;5.5547;50000000.0;277735000.0
12.770047518788266;ap_0;ue_4;28;5.5547;50000000.0;277735000.0
12.770047518788266;ap_0;ue_3;28;5.5547;50000000.0;277735000.0
12.770047518788266;ap_0;ue_4;28;5.5547;50000000.0;277735000.0
12.773348611449936;ap_0;ue_3;28;5.5547;50000000.0;277735000.0
12.773348611449936;ap_0;ue_4;28;5.5547;50000000.0;277735000.0
12.773348611449936;ap_0;ue_3;28;5.5547;50000000.0;277735000.0
12.773348611449936;ap_0;ue_4;28;5.5547;50000000.0;277735000.0
12.776649704111607;ap_0;ue_3;28;5.5547;50000000.0;277735000.0
12.776649704111607;ap_0;ue_4;28;5.5547;50000000.0;277735000.0
12.776649704111607;ap_0;ue_3;28;5.5547;50000000.0;277735000.0
12.776649704111607;ap_0;ue_4;28;5.5547;50000000.0;277735000.0
12.831089218479612;ap_0;ue_3;28;5.5547;50000000.0;277735000.0
12.831089218479612;ap_0;ue_4;28;5.5547;50000000.0;277735000.0
12.831089218479612;ap_0;ue_3;28;5.5547;50000000.0;277735000.0
12.831089218479612;ap_0;ue_4;28;5.5547;50000000.0;277735000.0
12.834099181457066;ap_0;ue_3;28;5.5547;50000000.0;277735000.0
12.834099181457066;ap_0;ue_4;28;5.5547;50000000.0;277735000.0
12.834099181457066;ap_0;ue_3;28;5.5547;50000000.0;277735000.0
12.834099181457066;ap_0;ue_4;28;5.5547;50000000.0;277735000.0
12.837109144434521;ap_0;ue_3;28;5.5547;50000000.0;277735000.0
12.837109144434521;ap_0;ue_4;28;5.5547;50000000.0;277735000.0
12.837109144434521;ap_0;ue_3;28;5.5547;50000000.0;277735000.0
12.837109144434521;ap_0;ue_4;28;5.5547;50000000.0;277735000.0
12.840119107411976;ap_0;ue_3;28;5.5547;50000000.0;277735000.0
12.840119107411976;ap_0;ue_4;28;5.5547;50000000.0;277735000.0
12.840119107411976;ap_0;ue_3;28;5.5547;50000000.0;277735000.0
12.840119107411976;ap_0;ue_4;28;5.5547;50000000.0;277735000.0
12.935929802488856;ap_7;ue_2;0;0.2344;100000000.0;23440000.0
12.935929802488856;ap_7;ue_2;28;5.5547;100000000.0;555470000.0
12.987127695050685;ap_5;ue_0;28;5.5547;50000000.0;277735000.0
12.987127695050685;ap_5;ue_9;0;0.2344;50000000.0;11720000.0
12.987127695050685;ap_5;ue_0;28;5.5547;50000000.0;277735000.0
12.987127695050685;ap_5;ue_9;28;5.5547;50000000.0;277735000.0
12.987127695050685;ap_5;ue_0;28;5.5547;50000000.0;277735000.0
12.987127695050685;ap_5;ue_9;28;5.5547;50000000.0;277735000.0
12.987127695050685;ap_5;ue_0;28;5.5547;50000000.0;277735000.0
12.987127695050685;ap_5;ue_9;28;5.5547;50000000.0;277735000.0
12.987127695050685;ap_5;ue_0;28;5.5547;50000000.0;277735000.0
12.987127695050685;ap_5;ue_9;28;5.5547;50000000.0;277735000.0
12.987127695050685;ap_5;ue_0;28;5.5547;50000000.0;277735000.0
12.987127695050685;ap_5;ue_9;28;5.5547;50000000.0;277735000.0
12.988364293785889;ap_1;ue_5;0;0.2344;100000000.0;23440000.0
12.988364293785889;ap_1;ue_5;28;5.5547;100000000.0;555470000.0
12.989030420726882;ap_8;ue_6;0;0.2344;100000000.0;23440000.0
12.989030420726882;ap_8;ue_6;28;5.5547;100000000.0;555470000.0
13.070047518788266;ap_0;ue_3;28;5.5547;50000000.0;277735000.0
13.070047518788266;ap_0;ue_4;28;5.5547;50000000.0;277735000.0
13.070047518788266;ap_0;ue_3;28;5.5547;50000000.0;277735000.0
13.070047518788266;ap_0;ue_4;28;5.5547;50000000.0;277735000.0
13.073935185766747;ap_5;ue_0;28;5.5547;50000000.0;277735000.0
13.073935185766747;ap_5;ue_9;28;5.5547;50000000.0;277735000.0
13.073935185766747;ap_5;ue_0;28;5.5547;50000000.0;277735000.0
13.073935185766747;ap_5;ue_9;28;5.5547;50000000.0;277735000.0
13.134099181457067;ap_0;ue_3;28;5.5547;50000000.0;277735000.0
13.134099181457067;ap_0;ue_4;28;5.5547;50000000.0;277735000.0
13.134099181457067;ap_0;ue_3;28;5.5547;50000000.0;277735000.0
13.134099181457067;ap_0;ue_4;28;5.5547;50000000.0;277735000.0
13.187127695050684;ap_5;ue_0;28;5.5547;50000000.0;277735000.0
13.187127695050684;ap_5;ue_9;28;5.5547;50000000.0;277735000.0
13.187127695050684;ap_5;ue_0;28;5.5547;50000000.0;277735000.0
13.187127695050684;ap_5;ue_9;28;5.5547;50000000.0;277735000.0
13.188574014889854;ap_5;ue_0;28;5.5547;50000000.0;277735000.0
13.188574014889854;ap_5;ue_9;28;5.5547;50000000.0;277735000.0
13.188574014889854;ap_5;ue_0;28;5.5547;50000000.0;277735000.0
13.188574014889854;ap_5;ue_9;28;5.5547;50000000.0;277735000.0
13.190020334729024;ap_5;ue_0;28;5.5547;50000000.0;277735000.0
13.190020334729024;ap_5;ue_9;28;5.5547;50000000.0;277735000.0
13.190020334729024;ap_5;ue_0;28;5.5547;50000000.0;277735000.0
13.190020334729024;ap_5;ue_9;28;5.5547;50000000.0;277735000.0
13.191466654568194;ap_5;ue_0;28;5.5547;50000000.0;277735000.0
13.191466654568194;ap_5;ue_9;28;5.5547;50000000.0;277735000.0
13.191466654568194;ap_5;ue_0;28;5.5547;50000000.0;277735000.0
13.191466654568194;ap_5;ue_9;28;5.5547;50000000.0;277735000.0
13.488574014889855;ap_5;ue_0;28;5.5547;50000000.0;277735000.0
13.488574014889855;ap_5;ue_9;28;5.5547;50000000.0;277735000.0
13.488574014889855;ap_5;ue_0;28;5.5547;50000000.0;277735000.0
13.488574014889855;ap_5;ue_9;28;5.5547;50000000.0;277735000.0
13.570047518788266;ap_0;ue_3;28;5.5547;50000000.0;277735000.0
13.570047518788266;ap_0;ue_4;28;5.5547;50000000.0;277735000.0
13.570047518788266;ap_0;ue_3;28;5.5547;50000000.0;277735000.0
13.570047518788266;ap_0;ue_4;28;5.5547;50000000.0;277735000.0
13.573935185766747;ap_5;ue_0;28;5.5547;50000000.0;277735000.0
13.573935185766747;ap_5;ue_9;28;5.5547;50000000.0;277735000.0
13.573935185766747;ap_5;ue_0;28;5.5547;50000000.0;277735000.0
13.573935185766747;ap_5;ue_9;28;5.5547;50000000.0;277735000.0
13.634099181457067;ap_0;ue_3;28;5.5547;50000000.0;277735000.0
13.634099181457067;ap_0;ue_4;28;5.5547;50000000.0;277735000.0
13.634099181457067;ap_0;ue_3;28;5.5547;50000000.0;277735000.0
13.634099181457067;ap_0;ue_4;28;5.5547;50000000.0;277735000.0
13.988574014889855;ap_5;ue_0;28;5.5547;50000000.0;277735000.0
13.988574014889855;ap_5;ue_9;28;5.5547;50000000.0;277735000.0
13.988574014889855;ap_5;ue_0;28;5.5547;50000000.0;277735000.0
13.988574014889855;ap_5;ue_9;28;5.5547;50000000.0;277735000.0
14.070047518788266;ap_0;ue_3;28;5.5547;50000000.0;277735000.0
14.070047518788266;ap_0;ue_4;28;5.5547;50000000.0;277735000.0
14.070047518788266;ap_0;ue_3;28;5.5547;50000000.0;277735000.0
14.070047518788266;ap_0;ue_4;28;5.5547;50000000.0;277735000.0
14.073935185766747;ap_5;ue_0;28;5.5547;50000000.0;277735000.0
14.073935185766747;ap_5;ue_9;28;5.5547;50000000.0;277735000.0
14.073935185766747;ap_5;ue_0;28;5.5547;50000000.0;277735000.0
14.073935185766747;ap_5;ue_9;28;5.5547;50000000.0;277735000.0
14.134099181457067;ap_0;ue_3;28;5.5547;50000000.0;277735000.0
14.134099181457067;ap_0;ue_4;28;5.5547;50000000.0;277735000.0
14.134099181457067;ap_0;ue_3;28;5.5547;50000000.0;277735000.0
14.134099181457067;ap_0;ue_4;28;5.5547;50000000.0;277735000.0
14.488574014889855;ap_5;ue_0;28;5.5547;50000000.0;277735000.0
14.488574014889855;ap_5;ue_9;28;5.5547;50000000.0;277735000.0
14.488574014889855;ap_5;ue_0;28;5.5547;50000000.0;277735000.0
14.488574014889855;ap_5;ue_9;28;5.5547;50000000.0;277735000.0
14.570047518788266;ap_0;ue_3;28;5.5547;50000000.0;277735000.0
14.570047518788266;ap_0;ue_4;28;5.5547;50000000.0;277735000.0
14.570047518788266;ap_0;ue_3;28;5.5547;50000000.0;277735000.0
14.570047518788266;ap_0;ue_4;28;5.5547;50000000.0;277735000.0
14.573935185766747;ap_5;ue_0;28;5.5547;50000000.0;277735000.0
14.573935185766747;ap_5;ue_9;28;5.5547;50000000.0;277735000.0
14.573935185766747;ap_5;ue_0;28;5.5547;50000000.0;277735000.0
14.573935185766747;ap_5;ue_9;28;5.5547;50000000.0;277735000.0
14.634099181457067;ap_0;ue_3;28;5.5547;50000000.0;277735000.0
14.634099181457067;ap_0;ue_4;28;5.5547;50000000.0;277735000.0
14.634099181457067;ap_0;ue_3;28;5.5547;50000000.0;277735000.0
14.634099181457067;ap_0;ue_4;28;5.5547;50000000.0;277735000.0
14.988574014889855;ap_5;ue_0;28;5.5547;50000000.0;277735000.0
14.988574014889855;ap_5;ue_9;28;5.5547;50000000.0;277735000.0
14.988574014889855;ap_5;ue_0;28;5.5547;50000000.0;277735000.0
14.988574014889855;ap_5;ue_9;28;5.5547;50000000.0;277735000.0
15.0;ap_5;ue_0;28;5.5547;50000000.0;277735000.0
15.0;ap_4;ue_1;28;5.5547;100000000.0;555470000.0
15.0;ap_0;ue_3;28;5.5547;50000000.0;277735000.0
15.0;ap_0;ue_4;28;5.5547;50000000.0;277735000.0
15.0;ap_1;ue_5;28;5.5547;100000000.0;555470000.0
15.0;ap_9;ue_7;28;5.5547;100000000.0;555470000.0
15.0;ap_6;ue_8;28;5.5547;100000000.0;555470000.0
15.0;ap_5;ue_9;28;5.5547;50000000.0;277735000.0
15.06975638910405;ap_0;ue_3;28;5.5547;50000000.0;277735000.0
15.06975638910405;ap_0;ue_4;28;5.5547;50000000.0;277735000.0
15.06975638910405;ap_0;ue_3;28;5.5547;50000000.0;277735000.0
15.06975638910405;ap_0;ue_4;28;5.5547;50000000.0;277735000.0
15.074037843072594;ap_5;ue_0;28;5.5547;50000000.0;277735000.0
15.074037843072594;ap_5;ue_9;28;5.5547;50000000.0;277735000.0
15.074037843072594;ap_5;ue_0;28;5.5547;50000000.0;277735000.0
15.074037843072594;ap_5;ue_9;28;5.5547;50000000.0;277735000.0
15.134099181457067;ap_0;ue_3;28;5.5547;50000000.0;277735000.0
15.134099181457067;ap_0;ue_4;28;5.5547;50000000.0;277735000.0
15.134099181457067;ap_0;ue_3;28;5.5547;50000000.0;277735000.0
15.134099181457067;ap_0;ue_4;28;5.5547;50000000.0;277735000.0
15.488574014889855;ap_5;ue_0;28;5.5547;50000000.0;277735000.0
15.488574014889855;ap_5;ue_9;28;5.5547;50000000.0;277735000.0
15.488574014889855;ap_5;ue_0;28;5.5547;50000000.0;277735000.0
15.488574014889855;ap_5;ue_9;28;5.5547;50000000.0;277735000.0
15.56975638910405;ap_0;ue_3;28;5.5547;50000000.0;277735000.0
15.56975638910405;ap_0;ue_4;28;5.5547;50000000.0;277735000.0
15.56975638910405;ap_0;ue_3;28;5.5547;50000000.0;277735000.0
15.56975638910405;ap_0;ue_4;28;5.5547;50000000.0;277735000.0
15.574037843072594;ap_5;ue_0;28;5.5547;50000000.0;277735000.0
15.574037843072594;ap_5;ue_9;28;5.5547;50000000.0;277735000.0
15.574037843072594;ap_5;ue_0;28;5.5547;50000000.0;277735000.0
15.574037843072594;ap_5;ue_9;28;5.5547;50000000.0;277735000.0
15.634099181457067;ap_0;ue_3;28;5.5547;50000000.0;277735000.0
15.634099181457067;ap_0;ue_4;28;5.5547;50000000.0;277735000.0
15.634099181457067;ap_0;ue_3;28;5.5547;50000000.0;277735000.0
15.634099181457067;ap_0;ue_4;28;5.5547;50000000.0;277735000.0
15.988574014889855;ap_5;ue_0;28;5.5547;50000000.0;277735000.0
15.988574014889855;ap_5;ue_9;28;5.5547;50000000.0;277735000.0
15.988574014889855;ap_5;ue_0;28;5.5547;50000000.0;277735000.0
15.988574014889855;ap_5;ue_9;28;5.5547;50000000.0;277735000.0
16.06975638910405;ap_0;ue_3;28;5.5547;50000000.0;277735000.0
16.06975638910405;ap_0;ue_4;28;5.5547;50000000.0;277735000.0
16.06975638910405;ap_0;ue_3;28;5.5547;50000000.0;277735000.0
16.06975638910405;ap_0;ue_4;28;5.5547;50000000.0;277735000.0
16.074037843072592;ap_5;ue_0;28;5.5547;50000000.0;277735000.0
16.074037843072592;ap_5;ue_9;28;5.5547;50000000.0;277735000.0
16.074037843072592;ap_5;ue_0;28;5.5547;50000000.0;277735000.0
16.074037843072592;ap_5;ue_9;28;5.5547;50000000.0;277735000.0
16.134099181457067;ap_0;ue_3;28;5.5547;50000000.0;277735000.0
16.134099181457067;ap_0;ue_4;28;5.5547;50000000.0;277735000.0
16.134099181457067;ap_0;ue_3;28;5.5547;50000000.0;277735000.0
16.134099181457067;ap_0;ue_4;28;5.5547;50000000.0;277735000.0
16.488574014889853;ap_5;ue_0;28;5.5547;50000000.0;277735000.0
16.488574014889853;ap_5;ue_9;28;5.5547;50000000.0;277735000.0
16.488574014889853;ap_5;ue_0;28;5.5547;50000000.0;277735000.0
16.488574014889853;ap_5;ue_9;28;5.5547;50000000.0;277735000.0
16.56975638910405;ap_0;ue_3;28;5.5547;50000000.0;277735000.0
16.56975638910405;ap_0;ue_4;28;5.5547;50000000.0;277735000.0
16.56975638910405;ap_0;ue_3;28;5.5547;50000000.0;277735000.0
16.56975638910405;ap_0;ue_4;28;5.5547;50000000.0;277735000.0
16.574037843072592;ap_5;ue_0;28;5.5547;50000000.0;277735000.0
16.574037843072592;ap_5;ue_9;28;5.5547;50000000.0;277735000.0
16.574037843072592;ap_5;ue_0;28;5.5547;50000000.0;277735000.0
16.574037843072592;ap_5;ue_9;28;5.5547;50000000.0;277735000.0
16.634099181457067;ap_0;ue_3;28;5.5547;50000000.0;277735000.0
16.634099181457067;ap_0;ue_4;28;5.5547;50000000.0;277735000.0
16.634099181457067;ap_0;ue_3;28;5.5547;50000000.0;277735000.0
16.634099181457067;ap_0;ue_4;28;5.5547;50000000.0;277735000.0
16.988574014889853;ap_5;ue_0;28;5.5547;50000000.0;277735000.0
16.988574014889853;ap_5;ue_9;28;5.5547;50000000.0;277735000.0
16.988574014889853;ap_5;ue_0;28;5.5547;50000000.0;277735000.0
16.988574014889853;ap_5;ue_9;28;5.5547;50000000.0;277735000.0
17.06975638910405;ap_0;ue_3;28;5.5547;50000000.0;277735000.0
17.06975638910405;ap_0;ue_4;28;5.5547;50000000.0;277735000.0
17.06975638910405;ap_0;ue_3;28;5.5547;50000000.0;277735000.0
17.06975638910405;ap_0;ue_4;28;5.5547;50000000.0;277735000.0
17.074037843072592;ap_5;ue_0;28;5.5547;50000000.0;277735000.0
17.074037843072592;ap_5;ue_9;28;5.5547;50000000.0;277735000.0
17.074037843072592;ap_5;ue_0;28;5.5547;50000000.0;277735000.0
17.074037843072592;ap_5;ue_9;28;5.5547;50000000.0;277735000.0
17.134099181457067;ap_0;ue_3;28;5.5547;50000000.0;277735000.0
17.134099181457067;ap_0;ue_4;28;5.5547;50000000.0;277735000.0
17.134099181457067;ap_0;ue_3;28;5.5547;50000000.0;277735000.0
17.134099181457067;ap_0;ue_4;28;5.5547;50000000.0;277735000.0
17.488574014889853;ap_5;ue_0;28;5.5547;50000000.0;277735000.0
17.488574014889853;ap_5;ue_9;28;5.5547;50000000.0;277735000.0
17.488574014889853;ap_5;ue_0;28;5.5547;50000000.0;277735000.0
17.488574014889853;ap_5;ue_9;28;5.5547;50000000.0;277735000.0
17.56975638910405;ap_0;ue_3;28;5.5547;50000000.0;277735000.0
17.56975638910405;ap_0;ue_4;28;5.5547;50000000.0;277735000.0
17.56975638910405;ap_0;ue_3;28;5.5547;50000000.0;277735000.0
17.56975638910405;ap_0;ue_4;28;5.5547;50000000.0;277735000.0
17.574037843072592;ap_5;ue_0;28;5.5547;50000000.0;277735000.0
17.574037843072592;ap_5;ue_9;28;5.5547;50000000.0;277735000.0
17.574037843072592;ap_5;ue_0;28;5.5547;50000000.0;277735000.0
17.574037843072592;ap_5;ue_9;28;5.5547;50000000.0;277735000.0
17.634099181457067;ap_0;ue_3;28;5.5547;50000000.0;277735000.0
17.634099181457067;ap_0;ue_4;28;5.5547;50000000.0;277735000.0
17.634099181457067;ap_0;ue_3;28;5.5547;50000000.0;277735000.0
17.634099181457067;ap_0;ue_4;28;5.5547;50000000.0;277735000.0
17.988574014889853;ap_5;ue_0;28;5.5547;50000000.0;277735000.0
17.988574014889853;ap_5;ue_9;28;5.5547;50000000.0;277735000.0
17.988574014889853;ap_5;ue_0;28;5.5547;50000000.0;277735000.0
17.988574014889853;ap_5;ue_9;28;5.5547;50000000.0;277735000.0
18.06975638910405;ap_0;ue_3;28;5.5547;50000000.0;277735000.0
18.06975638910405;ap_0;ue_4;28;5.5547;50000000.0;277735000.0
18.06975638910405;ap_0;ue_3;28;5.5547;50000000.0;277735000.0
18.06975638910405;ap_0;ue_4;28;5.5547;50000000.0;277735000.0
18.074037843072592;ap_5;ue_0;28;5.5547;50000000.0;277735000.0
18.074037843072592;ap_5;ue_9;28;5.5547;50000000.0;277735000.0
18.074037843072592;ap_5;ue_0;28;5.5547;50000000.0;277735000.0
18.074037843072592;ap_5;ue_9;28;5.5547;50000000.0;277735000.0
18.134099181457067;ap_0;ue_3;28;5.5547;50000000.0;277735000.0
18.134099181457067;ap_0;ue_4;28;5.5547;50000000.0;277735000.0
18.134099181457067;ap_0;ue_3;28;5.5547;50000000.0;277735000.0
18.134099181457067;ap_0;ue_4;28;5.5547;50000000.0;277735000.0
18.488574014889853;ap_5;ue_0;28;5.5547;50000000.0;277735000.0
18.488574014889853;ap_5;ue_9;28;5.5547;50000000.0;277735000.0
18.488574014889853;ap_5;ue_0;28;5.5547;50000000.0;277735000.0
18.488574014889853;ap_5;ue_9;28;5.5547;50000000.0;277735000.0
18.56975638910405;ap_0;ue_3;28;5.5547;50000000.0;277735000.0
18.56975638910405;ap_0;ue_4;28;5.5547;50000000.0;277735000.0
18.56975638910405;ap_0;ue_3;28;5.5547;50000000.0;277735000.0
18.56975638910405;ap_0;ue_4;28;5.5547;50000000.0;277735000.0
18.574037843072592;ap_5;ue_0;28;5.5547;50000000.0;277735000.0
18.574037843072592;ap_5;ue_9;28;5.5547;50000000.0;277735000.0
18.574037843072592;ap_5;ue_0;28;5.5547;50000000.0;277735000.0
18.574037843072592;ap_5;ue_9;28;5.5547;50000000.0;277735000.0
18.634099181457067;ap_0;ue_3;28;5.5547;50000000.0;277735000.0
18.634099181457067;ap_0;ue_4;28;5.5547;50000000.0;277735000.0
18.634099181457067;ap_0;ue_3;28;5.5547;50000000.0;277735000.0
18.634099181457067;ap_0;ue_4;28;5.5547;50000000.0;277735000.0
18.988574014889853;ap_5;ue_0;28;5.5547;50000000.0;277735000.0
18.988574014889853;ap_5;ue_9;28;5.5547;50000000.0;277735000.0
18.988574014889853;ap_5;ue_0;28;5.5547;50000000.0;277735000.0
18.988574014889853;ap_5;ue_9;28;5.5547;50000000.0;277735000.0
19.06975638910405;ap_0;ue_3;28;5.5547;50000000.0;277735000.0
19.06975638910405;ap_0;ue_4;28;5.5547;50000000.0;277735000.0
19.06975638910405;ap_0;ue_3;28;5.5547;50000000.0;277735000.0
19.06975638910405;ap_0;ue_4;28;5.5547;50000000.0;277735000.0
19.074037843072592;ap_5;ue_0;28;5.5547;50000000.0;277735000.0
19.074037843072592;ap_5;ue_9;28;5.5547;50000000.0;277735000.0
19.074037843072592;ap_5;ue_0;28;5.5547;50000000.0;277735000.0
19.074037843072592;ap_5;ue_9;28;5.5547;50000000.0;277735000.0
19.134099181457067;ap_0;ue_3;28;5.5547;50000000.0;277735000.0
19.134099181457067;ap_0;ue_4;28;5.5547;50000000.0;277735000.0
19.134099181457067;ap_0;ue_3;28;5.5547;50000000.0;277735000.0
19.134099181457067;ap_0;ue_4;28;5.5547;50000000.0;277735000.0
19.488574014889853;ap_5;ue_0;28;5.5547;50000000.0;277735000.0
19.488574014889853;ap_5;ue_9;28;5.5547;50000000.0;277735000.0
19.488574014889853;ap_5;ue_0;28;5.5547;50000000.0;277735000.0
19.488574014889853;ap_5;ue_9;28;5.5547;50000000.0;277735000.0
19.56975638910405;ap_0;ue_3;28;5.5547;50000000.0;277735000.0
19.56975638910405;ap_0;ue_4;28;5.5547;50000000.0;277735000.0
19.56975638910405;ap_0;ue_3;28;5.5547;50000000.0;277735000.0
19.56975638910405;ap_0;ue_4;28;5.5547;50000000.0;277735000.0
19.574037843072592;ap_5;ue_0;28;5.5547;50000000.0;277735000.0
19.574037843072592;ap_5;ue_9;28;5.5547;50000000.0;277735000.0
19.574037843072592;ap_5;ue_0;28;5.5547;50000000.0;277735000.0
19.574037843072592;ap_5;ue_9;28;5.5547;50000000.0;277735000.0
19.634099181457067;ap_0;ue_3;28;5.5547;50000000.0;277735000.0
19.634099181457067;ap_0;ue_4;28;5.5547;50000000.0;277735000.0
19.634099181457067;ap_0;ue_3;28;5.5547;50000000.0;277735000.0
19.634099181457067;ap_0;ue_4;28;5.5547;50000000.0;277735000.0
19.988574014889853;ap_5;ue_0;28;5.5547;50000000.0;277735000.0
19.988574014889853;ap_5;ue_9;28;5.5547;50000000.0;277735000.0
19.988574014889853;ap_5;ue_0;28;5.5547;50000000.0;277735000.0
19.988574014889853;ap_5;ue_9;28;5.5547;50000000.0;277735000.0
20.0;ap_5;ue_0;28;5.5547;50000000.0;277735000.0
20.0;ap_4;ue_1;28;5.5547;100000000.0;555470000.0
20.0;ap_7;ue_2;28;5.5547;100000000.0;555470000.0
20.0;ap_0;ue_3;28;5.5547;50000000.0;277735000.0
20.0;ap_0;ue_4;28;5.5547;50000000.0;277735000.0
20.0;ap_8;ue_6;28;5.5547;100000000.0;555470000.0
20.0;ap_9;ue_7;28;5.5547;100000000.0;555470000.0
20.0;ap_6;ue_8;28;5.5547;100000000.0;555470000.0
20.0;ap_5;ue_9;28;5.5547;50000000.0;277735000.0
20.069516969707244;ap_0;ue_3;28;5.5547;50000000.0;277735000.0
20.069516969707244;ap_0;ue_4;28;5.5547;50000000.0;277735000.0
20.069516969707244;ap_0;ue_3;28;5.5547;50000000.0;277735000.0
20.069516969707244;ap_0;ue_4;28;5.5547;50000000.0;277735000.0
20.074113034697113;ap_5;ue_0;28;5.5547;50000000.0;277735000.0
20.074113034697113;ap_5;ue_9;28;5.5547;50000000.0;277735000.0
20.074113034697113;ap_5;ue_0;28;5.5547;50000000.0;277735000.0
20.074113034697113;ap_5;ue_9;28;5.5547;50000000.0;277735000.0
20.134390311141285;ap_0;ue_3;28;5.5547;50000000.0;277735000.0
20.134390311141285;ap_0;ue_4;28;5.5547;50000000.0;277735000.0
20.134390311141285;ap_0;ue_3;28;5.5547;50000000.0;277735000.0
20.134390311141285;ap_0;ue_4;28;5.5547;50000000.0;277735000.0
20.488649695568164;ap_5;ue_0;28;5.5547;50000000.0;277735000.0
20.488649695568164;ap_5;ue_9;28;5.5547;50000000.0;277735000.0
20.488649695568164;ap_5;ue_0;28;5.5547;50000000.0;277735000.0
20.488649695568164;ap_5;ue_9;28;5.5547;50000000.0;277735000.0
20.569516969707244;ap_0;ue_3;28;5.5547;50000000.0;277735000.0
20.569516969707244;ap_0;ue_4;28;5.5547;50000000.0;277735000.0
20.569516969707244;ap_0;ue_3;28;5.5547;50000000.0;277735000.0
20.569516969707244;ap_0;ue_4;28;5.5547;50000000.0;277735000.0
20.574113034697113;ap_5;ue_0;28;5.5547;50000000.0;277735000.0
20.574113034697113;ap_5;ue_9;28;5.5547;50000000.0;277735000.0
20.574113034697113;ap_5;ue_0;28;5.5547;50000000.0;277735000.0
20.574113034697113;ap_5;ue_9;28;5.5547;50000000.0;277735000.0
20.634390311141285;ap_0;ue_3;28;5.5547;50000000.0;277735000.0
20.634390311141285;ap_0;ue_4;28;5.5547;50000000.0;277735000.0
20.634390311141285;ap_0;ue_3;28;5.5547;50000000.0;277735000.0
20.634390311141285;ap_0;ue_4;28;5.5547;50000000.0;277735000.0
20.988649695568164;ap_5;ue_0;28;5.5547;50000000.0;277735000.0
20.988649695568164;ap_5;ue_9;28;5.5547;50000000.0;277735000.0
20.988649695568164;ap_5;ue_0;28;5.5547;50000000.0;277735000.0
20.988649695568164;ap_5;ue_9;28;5.5547;50000000.0;277735000.0
21.069516969707244;ap_0;ue_3;28;5.5547;50000000.0;277735000.0
21.069516969707244;ap_0;ue_4;28;5.5547;50000000.0;277735000.0
21.069516969707244;ap_0;ue_3;28;5.5547;50000000.0;277735000.0
21.069516969707244;ap_0;ue_4;28;5.5547;50000000.0;277735000.0
21.074113034697113;ap_5;ue_0;28;5.5547;50000000.0;277735000.0
21.074113034697113;ap_5;ue_9;28;5.5547;50000000.0;277735000.0
21.074113034697113;ap_5;ue_0;28;5.5547;50000000.0;277735000.0
21.074113034697113;ap_5;ue_9;28;5.5547;50000000.0;277735000.0
21.134390311141285;ap_0;ue_3;28;5.5547;50000000.0;277735000.0
21.134390311141285;ap_0;ue_4;28;5.5547;50000000.0;277735000.0
21.134390311141285;ap_0;ue_3;28;5.5547;50000000.0;277735000.0
21.134390311141285;ap_0;ue_4;28;5.5547;50000000.0;277735000.0
21.488649695568164;ap_5;ue_0;28;5.5547;50000000.0;277735000.0
21.488649695568164;ap_5;ue_9;28;5.5547;50000000.0;277735000.0
21.488649695568164;ap_5;ue_0;28;5.5547;50000000.0;277735000.0
21.488649695568164;ap_5;ue_9;28;5.5547;50000000.0;277735000.0
21.569516969707244;ap_0;ue_3;28;5.5547;50000000.0;277735000.0
21.569516969707244;ap_0;ue_4;28;5.5547;50000000.0;277735000.0
21.569516969707244;ap_0;ue_3;28;5.5547;50000000.0;277735000.0
21.569516969707244;ap_0;ue_4;28;5.5547;50000000.0;277735000.0
21.574113034697113;ap_5;ue_0;28;5.5547;50000000.0;277735000.0
21.574113034697113;ap_5;ue_9;28;5.5547;50000000.0;277735000.0
21.574113034697113;ap_5;ue_0;28;5.5547;50000000.0;277735000.0
21.574113034697113;ap_5;ue_9;28;5.5547;50000000.0;277735000.0
21.634390311141285;ap_0;ue_3;28;5.5547;50000000.0;277735000.0
21.634390311141285;ap_0;ue_4;28;5.5547;50000000.0;277735000.0
21.634390311141285;ap_0;ue_3;28;5.5547;50000000.0;277735000.0
21.634390311141285;ap_0;ue_4;28;5.5547;50000000.0;277735000.0
21.988649695568164;ap_5;ue_0;28;5.5547;50000000.0;277735000.0
21.988649695568164;ap_5;ue_9;28;5.5547;50000000.0;277735000.0
21.988649695568164;ap_5;ue_0;28;5.5547;50000000.0;277735000.0
21.988649695568164;ap_5;ue_9;28;5.5547;50000000.0;277735000.0
22.069516969707244;ap_0;ue_3;28;5.5547;50000000.0;277735000.0
22.069516969707244;ap_0;ue_4;28;5.5547;50000000.0;277735000.0
22.069516969707244;ap_0;ue_3;28;5.5547;50000000.0;277735000.0
22.069516969707244;ap_0;ue_4;28;5.5547;50000000.0;277735000.0
22.074113034697113;ap_5;ue_0;28;5.5547;50000000.0;277735000.0
22.074113034697113;ap_5;ue_9;28;5.5547;50000000.0;277735000.0
22.074113034697113;ap_5;ue_0;28;5.5547;50000000.0;277735000.0
22.074113034697113;ap_5;ue_9;28;5.5547;50000000.0;277735000.0
22.134390311141285;ap_0;ue_3;28;5.5547;50000000.0;277735000.0
22.134390311141285;ap_0;ue_4;28;5.5547;50000000.0;277735000.0
22.134390311141285;ap_0;ue_3;28;5.5547;50000000.0;277735000.0
22.134390311141285;ap_0;ue_4;28;5.5547;50000000.0;277735000.0
22.488649695568164;ap_5;ue_0;28;5.5547;50000000.0;277735000.0
22.488649695568164;ap_5;ue_9;28;5.5547;50000000.0;277735000.0
22.488649695568164;ap_5;ue_0;28;5.5547;50000000.0;277735000.0
22.488649695568164;ap_5;ue_9;28;5.5547;50000000.0;277735000.0
22.569516969707244;ap_0;ue_3;28;5.5547;50000000.0;277735000.0
22.569516969707244;ap_0;ue_4;28;5.5547;50000000.0;277735000.0
22.569516969707244;ap_0;ue_3;28;5.5547;50000000.0;277735000.0
22.569516969707244;ap_0;ue_4;28;5.5547;50000000.0;277735000.0
22.574113034697113;ap_5;ue_0;28;5.5547;50000000.0;277735000.0
22.574113034697113;ap_5;ue_9;28;5.5547;50000000.0;277735000.0
22.574113034697113;ap_5;ue_0;28;5.5547;50000000.0;277735000.0
22.574113034697113;ap_5;ue_9;28;5.5547;50000000.0;277735000.0
22.634390311141285;ap_0;ue_3;28;5.5547;50000000.0;277735000.0
22.634390311141285;ap_0;ue_4;28;5.5547;50000000.0;277735000.0
22.634390311141285;ap_0;ue_3;28;5.5547;50000000.0;277735000.0
22.634390311141285;ap_0;ue_4;28;5.5547;50000000.0;277735000.0
22.766746426126595;ap_0;ue_3;28;5.5547;50000000.0;277735000.0
22.766746426126595;ap_0;ue_4;28;5.5547;50000000.0;277735000.0
22.766746426126595;ap_0;ue_3;28;5.5547;50000000.0;277735000.0
22.766746426126595;ap_0;ue_4;28;5.5547;50000000.0;277735000.0
22.772237565829897;ap_5;ue_0;28;5.5547;50000000.0;277735000.0
22.772237565829897;ap_5;ue_9;28;5.5547;50000000.0;277735000.0
22.772237565829897;ap_5;ue_0;28;5.5547;50000000.0;277735000.0
22.772237565829897;ap_5;ue_9;28;5.5547;50000000.0;277735000.0
22.83108921847961;ap_0;ue_3;28;5.5547;50000000.0;277735000.0
22.83108921847961;ap_0;ue_4;28;5.5547;50000000.0;277735000.0
22.83108921847961;ap_0;ue_3;28;5.5547;50000000.0;277735000.0
22.83108921847961;ap_0;ue_4;28;5.5547;50000000.0;277735000.0
22.902371835387758;;ue_7;0;0;0;0
22.911691485871554;;ue_8;0;0;0;0
22.966746426126594;ap_0;ue_3;28;5.5547;50000000.0;277735000.0
22.966746426126594;ap_0;ue_4;28;5.5547;50000000.0;277735000.0
22.966746426126594;ap_0;ue_3;28;5.5547;50000000.0;277735000.0
22.966746426126594;ap_0;ue_4;28;5.5547;50000000.0;277735000.0
22.966746426126594;;ue_3;0;0;0;0
22.966746426126594;ap_0;ue_4;28;5.5547;100000000.0;555470000.0
22.972237565829897;ap_5;ue_0;28;5.5547;50000000.0;277735000.0
22.972237565829897;ap_5;ue_9;28;5.5547;50000000.0;277735000.0
22.972237565829897;ap_5;ue_0;28;5.5547;50000000.0;277735000.0
22.972237565829897;ap_5;ue_9;28;5.5547;50000000.0;277735000.0
22.972237565829897;;ue_0;0;0;0;0
22.972237565829897;ap_5;ue_9;28;5.5547;100000000.0;555470000.0
22.981299052563376;;ue_1;0;0;0;0
23.03108921847961;;ue_4;0;0;0;0
23.335929802488852;;ue_2;0;0;0;0
23.387127695050683;;ue_9;0;0;0;0
23.388364293785887;;ue_5;0;0;0;0
23.38903042072688;;ue_6;0;0;0;0
24.002371835387756;ap_9;ue_7;0;0.2344;100000000.0;23440000.0
24.002371835387756;ap_9;ue_7;28;5.5547;100000000.0;555470000.0
24.01169148587156;ap_6;ue_8;0;0.2344;100000000.0;23440000.0
24.01169148587156;ap_6;ue_8;28;5.5547;100000000.0;555470000.0
24.066746426126596;ap_0;ue_3;0;0.2344;100000000.0;23440000.0
24.066746426126596;ap_0;ue_3;28;5.5547;100000000.0;555470000.0
24.072237565829898;ap_5;ue_0;0;0.2344;100000000.0;23440000.0
24.072237565829898;ap_5;ue_0;28;5.5547;100000000.0;555470000.0
24.08129905256338;ap_4;ue_1;0;0.2344;100000000.0;23440000.0
24.08129905256338;ap_4;ue_1;28;5.5547;100000000.0;555470000.0
24.131089218479612;ap_0;ue_3;28;5.5547;50000000.0;277735000.0
24.131089218479612;ap_0;ue_4;0;0.2344;50000000.0;11720000.0
24.131089218479612;ap_0;ue_3;28;5.5547;50000000.0;277735000.0
24.131089218479612;ap_0;ue_4;28;5.5547;50000000.0;277735000.0
24.131089218479612;ap_0;ue_3;28;5.5547;50000000.0;277735000.0
24.131089218479612;ap_0;ue_4;28;5.5547;50000000.0;277735000.0
24.131089218479612;ap_0;ue_3;28;5.5547;50000000.0;277735000.0
24.131089218479612;ap_0;ue_4;28;5.5547;50000000.0;277735000.0
24.131089218479612;ap_0;ue_3;28;5.5547;50000000.0;277735000.0
24.131089218479612;ap_0;ue_4;28;5.5547;50000000.0;277735000.0
24.131089218479612;ap_0;ue_3;28;5.5547;50000000.0;277735000.0
24.131089218479612;ap_0;ue_4;28;5.5547;50000000.0;277735000.0
24.266746426126595;ap_0;ue_3;28;5.5547;50000000.0;277735000.0
24.266746426126595;ap_0;ue_4;28;5.5547;50000000.0;277735000.0
24.266746426126595;ap_0;ue_3;28;5.5547;50000000.0;277735000.0
24.266746426126595;ap_0;ue_4;28;5.5547;50000000.0;277735000.0
24.269516969707244;ap_0;ue_3;28;5.5547;50000000.0;277735000.0
24.269516969707244;ap_0;ue_4;28;5.5547;50000000.0;277735000.0
24.269516969707244;ap_0;ue_3;28;5.5547;50000000.0;277735000.0
24.269516969707244;ap_0;ue_4;28;5.5547;50000000.0;277735000.0
24.272287513287893;ap_0;ue_3;28;5.5547;50000000.0;277735000.0
24.272287513287893;ap_0;ue_4;28;5.5547;50000000.0;277735000.0
24.272287513287893;ap_0;ue_3;28;5.5547;50000000.0;277735000.0
24.272287513287893;ap_0;ue_4;28;5.5547;50000000.0;277735000.0
24.27505805686854;ap_0;ue_3;28;5.5547;50000000.0;277735000.0
24.27505805686854;ap_0;ue_4;28;5.5547;50000000.0;277735000.0
24.27505805686854;ap_0;ue_3;28;5.5547;50000000.0;277735000.0
24.27505805686854;ap_0;ue_4;28;5.5547;50000000.0;277735000.0
24.33108921847961;ap_0;ue_3;28;5.5547;50000000.0;277735000.0
24.33108921847961;ap_0;ue_4;28;5.5547;50000000.0;277735000.0
24.33108921847961;ap_0;ue_3;28;5.5547;50000000.0;277735000.0
24.33108921847961;ap_0;ue_4;28;5.5547;50000000.0;277735000.0
24.334390311141284;ap_0;ue_3;28;5.5547;50000000.0;277735000.0
24.334390311141284;ap_0;ue_4;28;5.5547;50000000.0;277735000.0
24.334390311141284;ap_0;ue_3;28;5.5547;50000000.0;277735000.0
24.334390311141284;ap_0;ue_4;28;5.5547;50000000.0;277735000.0
24.337691403802957;ap_0;ue_3;28;5.5547;50000000.0;277735000.0
24.337691403802957;ap_0;ue_4;28;5.5547;50000000.0;277735000.0
24.337691403802957;ap_0;ue_3;28;5.5547;50000000.0;277735000.0
24.337691403802957;ap_0;ue_4;28;5.5547;50000000.0;277735000.0
24.34099249646463;ap_0;ue_3;28;5.5547;50000000.0;277735000.0
24.34099249646463;ap_0;ue_4;28;5.5547;50000000.0;277735000.0
24.34099249646463;ap_0;ue_3;28;5.5547;50000000.0;277735000.0
24.34099249646463;ap_0;ue_4;28;5.5547;50000000.0;277735000.0
24.435929802488857;ap_7;ue_2;0;0.2344;100000000.0;23440000.0
24.435929802488857;ap_7;ue_2;28;5.5547;100000000.0;555470000.0
24.487127695050685;ap_5;ue_0;28;5.5547;50000000.0;277735000.0
24.487127695050685;ap_5;ue_9;0;0.2344;50000000.0;11720000.0
24.487127695050685;ap_5;ue_0;28;5.5547;50000000.0;277735000.0
24.487127695050685;ap_5;ue_9;28;5.5547;50000000.0;277735000.0
24.487127695050685;ap_5;ue_0;28;5.5547;50000000.0;277735000.0
24.487127695050685;ap_5;ue_9;28;5.5547;50000000.0;277735000.0
24.487127695050685;ap_5;ue_0;28;5.5547;50000000.0;277735000.0
24.487127695050685;ap_5;ue_9;28;5.5547;50000000.0;277735000.0
24.487127695050685;ap_5;ue_0;28;5.5547;50000000.0;277735000.0
24.487127695050685;ap_5;ue_9;28;5.5547;50000000.0;277735000.0
24.487127695050685;ap_5;ue_0;28;5.5547;50000000.0;277735000.0
24.487127695050685;ap_5;ue_9;28;5.5547;50000000.0;277735000.0
24.48836429378589;ap_1;ue_5;0;0.2344;100000000.0;23440000.0
24.48836429378589;ap_1;ue_5;28;5.5547;100000000.0;555470000.0
24.489030420726884;ap_8;ue_6;0;0.2344;100000000.0;23440000.0
24.489030420726884;ap_8;ue_6;28;5.5547;100000000.0;555470000.0
24.569516969707244;ap_0;ue_3;28;5.5547;50000000.0;277735000.0
24.569516969707244;ap_0;ue_4;28;5.5547;50000000.0;277735000.0
24.569516969707244;ap_0;ue_3;28;5.5547;50000000.0;277735000.0
24.569516969707244;ap_0;ue_4;28;5.5547;50000000.0;277735000.0
24.574113034697113;ap_5;ue_0;28;5.5547;50000000.0;277735000.0
24.574113034697113;ap_5;ue_9;28;5.5547;50000000.0;277735000.0
24.574113034697113;ap_5;ue_0;28;5.5547;50000000.0;277735000.0
24.574113034697113;ap_5;ue_9;28;5.5547;50000000.0;277735000.0
24.634390311141285;ap_0;ue_3;28;5.5547;50000000.0;277735000.0
24.634390311141285;ap_0;ue_4;28;5.5547;50000000.0;277735000.0
24.634390311141285;ap_0;ue_3;28;5.5547;50000000.0;277735000.0
24.634390311141285;ap_0;ue_4;28;5.5547;50000000.0;277735000.0
24.687127695050684;ap_5;ue_0;28;5.5547;50000000.0;277735000.0
24.687127695050684;ap_5;ue_9;28;5.5547;50000000.0;277735000.0
24.687127695050684;ap_5;ue_0;28;5.5547;50000000.0;277735000.0
24.687127695050684;ap_5;ue_9;28;5.5547;50000000.0;277735000.0
24.688649695568163;ap_5;ue_0;28;5.5547;50000000.0;277735000.0
24.688649695568163;ap_5;ue_9;28;5.5547;50000000.0;277735000.0
24.688649695568163;ap_5;ue_0;28;5.5547;50000000.0;277735000.0
24.688649695568163;ap_5;ue_9;28;5.5547;50000000.0;277735000.0
24.690171696085642;ap_5;ue_0;28;5.5547;50000000.0;277735000.0
24.690171696085642;ap_5;ue_9;28;5.5547;50000000.0;277735000.0
24.690171696085642;ap_5;ue_0;28;5.5547;50000000.0;277735000.0
24.690171696085642;ap_5;ue_9;28;5.5547;50000000.0;277735000.0
24.69169369660312;ap_5;ue_0;28;5.5547;50000000.0;277735000.0
24.69169369660312;ap_5;ue_9;28;5.5547;50000000.0;277735000.0
24.69169369660312;ap_5;ue_0;28;5.5547;50000000.0;277735000.0
24.69169369660312;ap_5;ue_9;28;5.5547;50000000.0;277735000.0
24.988649695568164;ap_5;ue_0;28;5.5547;50000000.0;277735000.0
24.988649695568164;ap_5;ue_9;28;5.5547;50000000.0;277735000.0
24.988649695568164;ap_5;ue_0;28;5.5547;50000000.0;277735000.0
24.988649695568164;ap_5;ue_9;28;5.5547;50000000.0;277735000.0
25.0;ap_5;ue_0;28;5.5547;50000000.0;277735000.0
25.0;ap_4;ue_1;28;5.5547;100000000.0;555470000.0
25.0;ap_7;ue_2;28;5.5547;100000000.0;555470000.0
25.0;ap_0;ue_3;28;5.5547;50000000.0;277735000.0
25.0;ap_0;ue_4;28;5.5547;50000000.0;277735000.0
25.0;ap_1;ue_5;28;5.5547;100000000.0;555470000.0
25.0;ap_8;ue_6;28;5.5547;100000000.0;555470000.0
25.0;ap_9;ue_7;28;5.5547;100000000.0;555470000.0
25.0;ap_5;ue_9;28;5.5547;50000000.0;277735000.0
25.06930901741891;ap_0;ue_3;28;5.5547;50000000.0;277735000.0
25.06930901741891;ap_0;ue_4;28;5.5547;50000000.0;277735000.0
25.06930901741891;ap_0;ue_3;28;5.5547;50000000.0;277735000.0
25.06930901741891;ap_0;ue_4;28;5.5547;50000000.0;277735000.0
25.07431380534489;ap_5;ue_0;28;5.5547;50000000.0;277735000.0
25.07431380534489;ap_5;ue_9;28;5.5547;50000000.0;277735000.0
25.07431380534489;ap_5;ue_0;28;5.5547;50000000.0;277735000.0
25.07431380534489;ap_5;ue_9;28;5.5547;50000000.0;277735000.0
25.134751551385673;ap_0;ue_3;28;5.5547;50000000.0;277735000.0
25.134751551385673;ap_0;ue_4;28;5.5547;50000000.0;277735000.0
25.134751551385673;ap_0;ue_3;28;5.5547;50000000.0;277735000.0
25.134751551385673;ap_0;ue_4;28;5.5547;50000000.0;277735000.0
25.48873370796303;ap_5;ue_0;28;5.5547;50000000.0;277735000.0
25.48873370796303;ap_5;ue_9;28;5.5547;50000000.0;277735000.0
25.48873370796303;ap_5;ue_0;28;5.5547;50000000.0;277735000.0
25.48873370796303;ap_5;ue_9;28;5.5547;50000000.0;277735000.0
25.56930901741891;ap_0;ue_3;28;5.5547;50000000.0;277735000.0
25.56930901741891;ap_0;ue_4;28;5.5547;50000000.0;277735000.0
25.56930901741891;ap_0;ue_3;28;5.5547;50000000.0;277735000.0
25.56930901741891;ap_0;ue_4;28;5.5547;50000000.0;277735000.0
25.57431380534489;ap_5;ue_0;28;5.5547;50000000.0;277735000.0
25.57431380534489;ap_5;ue_9;28;5.5547;50000000.0;277735000.0
25.57431380534489;ap_5;ue_0;28;5.5547;50000000.0;277735000.0
25.57431380534489;ap_5;ue_9;28;5.5547;50000000.0;277735000.0
25.634751551385673;ap_0;ue_3;28;5.5547;50000000.0;277735000.0
25.634751551385673;ap_0;ue_4;28;5.5547;50000000.0;277735000.0
25.634751551385673;ap_0;ue_3;28;5.5547;50000000.0;277735000.0
25.634751551385673;ap_0;ue_4;28;5.5547;50000000.0;277735000.0
25.98873370796303;ap_5;ue_0;28;5.5547;50000000.0;277735000.0
25.98873370796303;ap_5;ue_9;28;5.5547;50000000.0;277735000.0
25.98873370796303;ap_5;ue_0;28;5.5547;50000000.0;277735000.0
25.98873370796303;ap_5;ue_9;28;5.5547;50000000.0;277735000.0
26.06930901741891;ap_0;ue_3;28;5.5547;50000000.0;277735000.0
26.06930901741891;ap_0;ue_4;28;5.5547;50000000.0;277735000.0
26.06930901741891;ap_0;ue_3;28;5.5547;50000000.0;277735000.0
26.06930901741891;ap_0;ue_4;28;5.5547;50000000.0;277735000.0
26.07431380534489;ap_5;ue_0;28;5.5547;50000000.0;277735000.0
26.07431380534489;ap_5;ue_9;28;5.5547;50000000.0;277735000.0
26.07431380534489;ap_5;ue_0;28;5.5547;50000000.0;277735000.0
26.07431380534489;ap_5;ue_9;28;5.5547;50000000.0;277735000.0
26.134751551385673;ap_0;ue_3;28;5.5547;50000000.0;277735000.0
26.134751551385673;ap_0;ue_4;28;5.5547;50000000.0;277735000.0
26.134751551385673;ap_0;ue_3;28;5.5547;50000000.0;277735000.0
26.134751551385673;ap_0;ue_4;28;5.5547;50000000.0;277735000.0
26.48873370796303;ap_5;ue_0;28;5.5547;50000000.0;277735000.0
26.48873370796303;ap_5;ue_9;28;5.5547;50000000.0;277735000.0
26.48873370796303;ap_5;ue_0;28;5.5547;50000000.0;277735000.0
26.48873370796303;ap_5;ue_9;28;5.5547;50000000.0;277735000.0
26.56930901741891;ap_0;ue_3;28;5.5547;50000000.0;277735000.0
26.56930901741891;ap_0;ue_4;28;5.5547;50000000.0;277735000.0
26.56930901741891;ap_0;ue_3;28;5.5547;50000000.0;277735000.0
26.56930901741891;ap_0;ue_4;28;5.5547;50000000.0;277735000.0
26.57431380534489;ap_5;ue_0;28;5.5547;50000000.0;277735000.0
26.57431380534489;ap_5;ue_9;28;5.5547;50000000.0;277735000.0
26.57431380534489;ap_5;ue_0;28;5.5547;50000000.0;277735000.0
26.57431380534489;ap_5;ue_9;28;5.5547;50000000.0;277735000.0
26.634751551385673;ap_0;ue_3;28;5.5547;50000000.0;277735000.0
26.634751551385673;ap_0;ue_4;28;5.5547;50000000.0;277735000.0
26.634751551385673;ap_0;ue_3;28;5.5547;50000000.0;277735000.0
26.634751551385673;ap_0;ue_4;28;5.5547;50000000.0;277735000.0
26.98873370796303;ap_5;ue_0;28;5.5547;50000000.0;277735000.0
26.98873370796303;ap_5;ue_9;28;5.5547;50000000.0;277735000.0
26.98873370796303;ap_5;ue_0;28;5.5547;50000000.0;277735000.0
26.98873370796303;ap_5;ue_9;28;5.5547;50000000.0;277735000.0
27.06930901741891;ap_0;ue_3;28;5.5547;50000000.0;277735000.0
27.06930901741891;ap_0;ue_4;28;5.5547;50000000.0;277735000.0
27.06930901741891;ap_0;ue_3;28;5.5547;50000000.0;277735000.0
27.06930901741891;ap_0;ue_4;28;5.5547;50000000.0;277735000.0
27.07431380534489;ap_5;ue_0;28;5.5547;50000000.0;277735000.0
27.07431380534489;ap_5;ue_9;28;5.5547;50000000.0;277735000.0
27.07431380534489;ap_5;ue_0;28;5.5547;50000000.0;277735000.0
27.07431380534489;ap_5;ue_9;28;5.5547;50000000.0;277735000.0
27.134751551385673;ap_0;ue_3;28;5.5547;50000000.0;277735000.0
27.134751551385673;ap_0;ue_4;28;5.5547;50000000.0;277735000.0
27.134751551385673;ap_0;ue_3;28;5.5547;50000000.0;277735000.0
27.134751551385673;ap_0;ue_4;28;5.5547;50000000.0;277735000.0
27.48873370796303;ap_5;ue_0;28;5.5547;50000000.0;277735000.0
27.48873370796303;ap_5;ue_9;28;5.5547;50000000.0;277735000.0
27.48873370796303;ap_5;ue_0;28;5.5547;50000000.0;277735000.0
27.48873370796303;ap_5;ue_9;28;5.5547;50000000.0;277735000.0
27.56930901741891;ap_0;ue_3;28;5.5547;50000000.0;277735000.0
27.56930901741891;ap_0;ue_4;28;5.5547;50000000.0;277735000.0
27.56930901741891;ap_0;ue_3;28;5.5547;50000000.0;277735000.0
27.56930901741891;ap_0;ue_4;28;5.5547;50000000.0;277735000.0
27.57431380534489;ap_5;ue_0;28;5.5547;50000000.0;277735000.0
27.57431380534489;ap_5;ue_9;28;5.5547;50000000.0;277735000.0
27.57431380534489;ap_5;ue_0;28;5.5547;50000000.0;277735000.0
27.57431380534489;ap_5;ue_9;28;5.5547;50000000.0;277735000.0
27.634751551385673;ap_0;ue_3;28;5.5547;50000000.0;277735000.0
27.634751551385673;ap_0;ue_4;28;5.5547;50000000.0;277735000.0
27.634751551385673;ap_0;ue_3;28;5.5547;50000000.0;277735000.0
27.634751551385673;ap_0;ue_4;28;5.5547;50000000.0;277735000.0
27.98873370796303;ap_5;ue_0;28;5.5547;50000000.0;277735000.0
27.98873370796303;ap_5;ue_9;28;5.5547;50000000.0;277735000.0
27.98873370796303;ap_5;ue_0;28;5.5547;50000000.0;277735000.0
27.98873370796303;ap_5;ue_9;28;5.5547;50000000.0;277735000.0
28.06930901741891;ap_0;ue_3;28;5.5547;50000000.0;277735000.0
28.06930901741891;ap_0;ue_4;28;5.5547;50000000.0;277735000.0
28.06930901741891;ap_0;ue_3;28;5.5547;50000000.0;277735000.0
28.06930901741891;ap_0;ue_4;28;5.5547;50000000.0;277735000.0
28.07431380534489;ap_5;ue_0;28;5.5547;50000000.0;277735000.0
28.07431380534489;ap_5;ue_9;28;5.5547;50000000.0;277735000.0
28.07431380534489;ap_5;ue_0;28;5.5547;50000000.0;277735000.0
28.07431380534489;ap_5;ue_9;28;5.5547;50000000.0;277735000.0
28.134751551385673;ap_0;ue_3;28;5.5547;50000000.0;277735000.0
28.134751551385673;ap_0;ue_4;28;5.5547;50000000.0;277735000.0
28.134751551385673;ap_0;ue_3;28;5.5547;50000000.0;277735000.0
28.134751551385673;ap_0;ue_4;28;5.5547;50000000.0;277735000.0
28.48873370796303;ap_5;ue_0;28;5.5547;50000000.0;277735000.0
28.48873370796303;ap_5;ue_9;28;5.5547;50000000.0;277735000.0
28.48873370796303;ap_5;ue_0;28;5.5547;50000000.0;277735000.0
28.48873370796303;ap_5;ue_9;28;5.5547;50000000.0;277735000.0
28.56930901741891;ap_0;ue_3;28;5.5547;50000000.0;277735000.0
28.56930901741891;ap_0;ue_4;28;5.5547;50000000.0;277735000.0
28.56930901741891;ap_0;ue_3;28;5.5547;50000000.0;277735000.0
28.56930901741891;ap_0;ue_4;28;5.5547;50000000.0;277735000.0
28.57431380534489;ap_5;ue_0;28;5.5547;50000000.0;277735000.0
28.57431380534489;ap_5;ue_9;28;5.5547;50000000.0;277735000.0
28.57431380534489;ap_5;ue_0;28;5.5547;50000000.0;277735000.0
28.57431380534489;ap_5;ue_9;28;5.5547;50000000.0;277735000.0
28.634751551385673;ap_0;ue_3;28;5.5547;50000000.0;277735000.0
28.634751551385673;ap_0;ue_4;28;5.5547;50000000.0;277735000.0
28.634751551385673;ap_0;ue_3;28;5.5547;50000000.0;277735000.0
28.634751551385673;ap_0;ue_4;28;5.5547;50000000.0;277735000.0
28.98873370796303;ap_5;ue_0;28;5.5547;50000000.0;277735000.0
28.98873370796303;ap_5;ue_9;28;5.5547;50000000.0;277735000.0
28.98873370796303;ap_5;ue_0;28;5.5547;50000000.0;277735000.0
28.98873370796303;ap_5;ue_9;28;5.5547;50000000.0;277735000.0
29.06930901741891;ap_0;ue_3;28;5.5547;50000000.0;277735000.0
29.06930901741891;ap_0;ue_4;28;5.5547;50000000.0;277735000.0
29.06930901741891;ap_0;ue_3;28;5.5547;50000000.0;277735000.0
29.06930901741891;ap_0;ue_4;28;5.5547;50000000.0;277735000.0
29.07431380534489;ap_5;ue_0;28;5.5547;50000000.0;277735000.0
29.07431380534489;ap_5;ue_9;28;5.5547;50000000.0;277735000.0
29.07431380534489;ap_5;ue_0;28;5.5547;50000000.0;277735000.0
29.07431380534489;ap_5;ue_9;28;5.5547;50000000.0;277735000.0
29.134751551385673;ap_0;ue_3;28;5.5547;50000000.0;277735000.0
29.134751551385673;ap_0;ue_4;28;5.5547;50000000.0;277735000.0
29.134751551385673;ap_0;ue_3;28;5.5547;50000000.0;277735000.0
29.134751551385673;ap_0;ue_4;28;5.5547;50000000.0;277735000.0
29.48873370796303;ap_5;ue_0;28;5.5547;50000000.0;277735000.0
29.48873370796303;ap_5;ue_9;28;5.5547;50000000.0;277735000.0
29.48873370796303;ap_5;ue_0;28;5.5547;50000000.0;277735000.0
29.48873370796303;ap_5;ue_9;28;5.5547;50000000.0;277735000.0
29.56930901741891;ap_0;ue_3;28;5.5547;50000000.0;277735000.0
29.56930901741891;ap_0;ue_4;28;5.5547;50000000.0;277735000.0
29.56930901741891;ap_0;ue_3;28;5.5547;50000000.0;277735000.0
29.56930901741891;ap_0;ue_4;28;5.5547;50000000.0;277735000.0
29.57431380534489;ap_5;ue_0;28;5.5547;50000000.0;277735000.0
29.57431380534489;ap_5;ue_9;28;5.5547;50000000.0;277735000.0
29.57431380534489;ap_5;ue_0;28;5.5547;50000000.0;277735000.0
29.57431380534489;ap_5;ue_9;28;5.5547;50000000.0;277735000.0
29.634751551385673;ap_0;ue_3;28;5.5547;50000000.0;277735000.0
29.634751551385673;ap_0;ue_4;28;5.5547;50000000.0;277735000.0
29.634751551385673;ap_0;ue_3;28;5.5547;50000000.0;277735000.0
29.634751551385673;ap_0;ue_4;28;5.5547;50000000.0;277735000.0
29.98873370796303;ap_5;ue_0;28;5.5547;50000000.0;277735000.0
29.98873370796303;ap_5;ue_9;28;5.5547;50000000.0;277735000.0
29.98873370796303;ap_5;ue_0;28;5.5547;50000000.0;277735000.0
29.98873370796303;ap_5;ue_9;28;5.5547;50000000.0;277735000.0
