time;ue_id;service_id;generated;first_sent;processed;delay;times_sent
1.2036086663118244;ue_7;adas;0.5023718353877576;1.2023718353877577;1.2036086663118244;0.7012368309240667;1
1.204795497235891;ue_7;adas;1.0023718353877578;1.2023718353877577;1.204795497235891;0.2024236618481332;1
1.2135726523245878;ue_8;adas;0.5116914858715572;1.211691485871557;1.2135726523245878;0.7018811664530306;1
1.2154038187776184;ue_8;adas;1.011691485871557;1.211691485871557;1.2154038187776184;0.20371233290606128;1
1.270458759032658;ue_3;adas;0.5667464261265966;1.2667464261265966;1.270458759032658;0.7037123329060613;1
1.2730485660886377;ue_0;adas;0.5722375658298976;1.2722375658298974;1.2730485660886377;0.7008110002587401;1
1.2738095663473779;ue_0;adas;1.0722375658298975;1.2722375658298974;1.2738095663473779;0.20157200051748037;1
1.2741210919387191;ue_3;adas;1.0667464261265966;1.2667464261265966;1.2741210919387191;0.2073746658121225;1
1.2820722124829635;ue_1;adas;0.5812990525633788;1.2812990525633787;1.2820722124829635;0.7007731599195848;1
1.2827953724025483;ue_1;adas;1.0812990525633788;1.2812990525633787;1.2827953724025483;0.2014963198391695;1
1.3337018097719264;ue_4;adas;1.1310892184796115;1.3310892184796115;1.3337018097719264;0.2026125912923149;1
1.5036086663118244;ue_7;adas;1.5023718353877578;1.5023718353877578;1.5036086663118244;0.0012368309240666786;1
1.5135726523245878;ue_8;adas;1.511691485871557;1.511691485871557;1.5135726523245878;0.0018811664530307137;1
1.570458759032658;ue_3;adas;1.5667464261265966;1.5667464261265966;1.570458759032658;0.003712332906061322;1
1.5738095663473777;ue_0;adas;1.5722375658298975;1.5722375658298975;1.5738095663473777;0.0015720005174801877;1
1.5820722124829636;ue_1;adas;1.5812990525633788;1.5812990525633788;1.5820722124829636;0.0007731599195848204;1
1.6337018097719265;ue_4;adas;1.6310892184796115;1.6310892184796115;1.6337018097719265;0.0026125912923149475;1
1.6378109689418867;ue_2;adas;1.435929802488856;1.635929802488856;1.6378109689418867;0.20188116645303067;1
1.6887837079630286;ue_9;adas;1.4871276950506847;1.6871276950506846;1.6887837079630286;0.20165601291234392;1
1.6902454602389205;ue_5;adas;0.9883642937858899;1.6883642937858898;1.6902454602389205;0.7018811664530307;1
1.6902672516509485;ue_6;adas;1.4890304207268819;1.6890304207268818;1.6902672516509485;0.20123683092406663;1
1.6920766266919511;ue_5;adas;1.4883642937858899;1.6883642937858898;1.6920766266919511;0.20371233290606128;1
1.9378109689418868;ue_2;adas;1.935929802488856;1.935929802488856;1.9378109689418868;0.0018811664530307137;1
1.9887837079630286;ue_9;adas;1.9871276950506847;1.9871276950506847;1.9887837079630286;0.0016560129123439626;1
1.9902454602389206;ue_5;adas;1.9883642937858899;1.9883642937858899;1.9902454602389206;0.0018811664530307137;1
1.9902672516509485;ue_6;adas;1.9890304207268819;1.9890304207268819;1.9902672516509485;0.0012368309240666786;1
2.003608666311824;ue_7;adas;2.0023718353877578;2.0023718353877578;2.003608666311824;0.0012368309240664566;1
2.0135726523245876;ue_8;adas;2.011691485871557;2.011691485871557;2.0135726523245876;0.0018811664530304917;1
2.0704587590326575;ue_3;adas;2.0667464261265964;2.0667464261265964;2.0704587590326575;0.0037123329060611;1
2.0738095663473777;ue_0;adas;2.0722375658298975;2.0722375658298975;2.0738095663473777;0.0015720005174801877;1
2.0820722124829634;ue_1;adas;2.081299052563379;2.081299052563379;2.0820722124829634;0.0007731599195843764;1
2.1337018097719262;ue_4;adas;2.1310892184796115;2.1310892184796115;2.1337018097719262;0.0026125912923147254;1
2.4378109689418865;ue_2;adas;2.435929802488856;2.435929802488856;2.4378109689418865;0.0018811664530304917;1
2.4887837079630284;ue_9;adas;2.4871276950506847;2.4871276950506847;2.4887837079630284;0.0016560129123437406;1
2.49024546023892;ue_5;adas;2.4883642937858896;2.4883642937858896;2.49024546023892;0.0018811664530304917;1
2.4902672516509483;ue_6;adas;2.489030420726882;2.489030420726882;2.4902672516509483;0.0012368309240664566;1
2.503608666311824;ue_7;adas;2.5023718353877578;2.5023718353877578;2.503608666311824;0.0012368309240664566;1
2.5135726523245876;ue_8;adas;2.511691485871557;2.511691485871557;2.5135726523245876;0.0018811664530304917;1
2.5704587590326575;ue_3;adas;2.5667464261265964;2.5667464261265964;2.5704587590326575;0.0037123329060611;1
2.5738095663473777;ue_0;adas;2.5722375658298975;2.5722375658298975;2.5738095663473777;0.0015720005174801877;1
2.5820722124829634;ue_1;adas;2.581299052563379;2.581299052563379;2.5820722124829634;0.0007731599195843764;1
2.6337018097719262;ue_4;adas;2.6310892184796115;2.6310892184796115;2.6337018097719262;0.0026125912923147254;1
2.9378109689418865;ue_2;adas;2.935929802488856;2.935929802488856;2.9378109689418865;0.0018811664530304917;1
2.9887837079630284;ue_9;adas;2.9871276950506847;2.9871276950506847;2.9887837079630284;0.0016560129123437406;1
2.99024546023892;ue_5;adas;2.9883642937858896;2.9883642937858896;2.99024546023892;0.0018811664530304917;1
2.9902672516509483;ue_6;adas;2.989030420726882;2.989030420726882;2.9902672516509483;0.0012368309240664566;1
3.003608666311824;ue_7;adas;3.0023718353877578;3.0023718353877578;3.003608666311824;0.0012368309240664566;1
3.0135726523245876;ue_8;adas;3.011691485871557;3.011691485871557;3.0135726523245876;0.0018811664530304917;1
3.0704587590326575;ue_3;adas;3.0667464261265964;3.0667464261265964;3.0704587590326575;0.0037123329060611;1
3.0738095663473777;ue_0;adas;3.0722375658298975;3.0722375658298975;3.0738095663473777;0.0015720005174801877;1
3.0820722124829634;ue_1;adas;3.081299052563379;3.081299052563379;3.0820722124829634;0.0007731599195843764;1
3.1337018097719262;ue_4;adas;3.1310892184796115;3.1310892184796115;3.1337018097719262;0.0026125912923147254;1
3.4378109689418865;ue_2;adas;3.435929802488856;3.435929802488856;3.4378109689418865;0.0018811664530304917;1
3.4887837079630284;ue_9;adas;3.4871276950506847;3.4871276950506847;3.4887837079630284;0.0016560129123437406;1
3.49024546023892;ue_5;adas;3.4883642937858896;3.4883642937858896;3.49024546023892;0.0018811664530304917;1
3.4902672516509483;ue_6;adas;3.489030420726882;3.489030420726882;3.4902672516509483;0.0012368309240664566;1
3.503608666311824;ue_7;adas;3.5023718353877578;3.5023718353877578;3.503608666311824;0.0012368309240664566;1
3.5135726523245876;ue_8;adas;3.511691485871557;3.511691485871557;3.5135726523245876;0.0018811664530304917;1
3.5704587590326575;ue_3;adas;3.5667464261265964;3.5667464261265964;3.5704587590326575;0.0037123329060611;1
3.5738095663473777;ue_0;adas;3.5722375658298975;3.5722375658298975;3.5738095663473777;0.0015720005174801877;1
3.5820722124829634;ue_1;adas;3.581299052563379;3.581299052563379;3.5820722124829634;0.0007731599195843764;1
3.6337018097719262;ue_4;adas;3.6310892184796115;3.6310892184796115;3.6337018097719262;0.0026125912923147254;1
3.9378109689418865;ue_2;adas;3.935929802488856;3.935929802488856;3.9378109689418865;0.0018811664530304917;1
3.9887837079630284;ue_9;adas;3.9871276950506847;3.9871276950506847;3.9887837079630284;0.0016560129123437406;1
3.99024546023892;ue_5;adas;3.9883642937858896;3.9883642937858896;3.99024546023892;0.0018811664530304917;1
3.9902672516509483;ue_6;adas;3.989030420726882;3.989030420726882;3.9902672516509483;0.0012368309240664566;1
4.003608666311823;ue_7;adas;4.002371835387757;4.002371835387757;4.003608666311823;0.0012368309240660125;1
4.013572652324587;ue_8;adas;4.011691485871557;4.011691485871557;4.013572652324587;0.0018811664530300476;1
4.0704587590326575;ue_3;adas;4.066746426126596;4.066746426126596;4.0704587590326575;0.0037123329060611;1
4.073809566347378;ue_0;adas;4.072237565829898;4.072237565829898;4.073809566347378;0.0015720005174797436;1
4.082072212482964;ue_1;adas;4.081299052563379;4.081299052563379;4.082072212482964;0.0007731599195848204;1
4.133701809771926;ue_4;adas;4.1310892184796115;4.1310892184796115;4.133701809771926;0.0026125912923147254;1
4.437810968941886;ue_2;adas;4.435929802488856;4.435929802488856;4.437810968941886;0.0018811664530300476;1
4.488783707963028;ue_9;adas;4.487127695050685;4.487127695050685;4.488783707963028;0.0016560129123437406;1
4.49024546023892;ue_5;adas;4.48836429378589;4.48836429378589;4.49024546023892;0.0018811664530300476;1
4.490267251650948;ue_6;adas;4.489030420726882;4.489030420726882;4.490267251650948;0.0012368309240660125;1
4.503608666311823;ue_7;adas;4.502371835387757;4.502371835387757;4.503608666311823;0.0012368309240660125;1
4.513572652324587;ue_8;adas;4.511691485871557;4.511691485871557;4.513572652324587;0.0018811664530300476;1
4.5704587590326575;ue_3;adas;4.566746426126596;4.566746426126596;4.5704587590326575;0.0037123329060611;1
4.573809566347378;ue_0;adas;4.572237565829898;4.572237565829898;4.573809566347378;0.0015720005174797436;1
4.582072212482964;ue_1;adas;4.581299052563379;4.581299052563379;4.582072212482964;0.0007731599195848204;1
4.633701809771926;ue_4;adas;4.6310892184796115;4.6310892184796115;4.633701809771926;0.0026125912923147254;1
4.937810968941886;ue_2;adas;4.935929802488856;4.935929802488856;4.937810968941886;0.0018811664530300476;1
4.988783707963028;ue_9;adas;4.987127695050685;4.987127695050685;4.988783707963028;0.0016560129123437406;1
4.99024546023892;ue_5;adas;4.98836429378589;4.98836429378589;4.99024546023892;0.0018811664530300476;1
4.990267251650948;ue_6;adas;4.989030420726882;4.989030420726882;4.990267251650948;0.0012368309240660125;1
5.003703131033914;ue_7;adas;5.002371835387757;5.002371835387757;5.003703131033914;0.0013312956461568604;1
5.013392032202392;ue_8;adas;5.011691485871557;5.011691485871557;5.013392032202392;0.001700546330835273;1
5.070097518788267;ue_3;adas;5.066746426126596;5.066746426126596;5.070097518788267;0.0033510926616706627;1
5.073893578742242;ue_0;adas;5.072237565829898;5.072237565829898;5.073893578742242;0.0016560129123437406;1
5.082072212482964;ue_1;adas;5.081299052563379;5.081299052563379;5.082072212482964;0.0007731599195848204;1
5.133909762060262;ue_4;adas;5.1310892184796115;5.1310892184796115;5.133909762060262;0.0028205435806505363;1
5.437810968941886;ue_2;adas;5.435929802488856;5.435929802488856;5.437810968941886;0.0018811664530300476;1
5.488699695568164;ue_9;adas;5.487127695050685;5.487127695050685;5.488699695568164;0.0015720005174797436;1
5.49024546023892;ue_5;adas;5.48836429378589;5.48836429378589;5.49024546023892;0.0018811664530300476;1
5.490361716373039;ue_6;adas;5.489030420726882;5.489030420726882;5.490361716373039;0.0013312956461568604;1
5.503703131033914;ue_7;adas;5.502371835387757;5.502371835387757;5.503703131033914;0.0013312956461568604;1
5.513392032202392;ue_8;adas;5.511691485871557;5.511691485871557;5.513392032202392;0.001700546330835273;1
5.570097518788267;ue_3;adas;5.566746426126596;5.566746426126596;5.570097518788267;0.0033510926616706627;1
5.573893578742242;ue_0;adas;5.572237565829898;5.572237565829898;5.573893578742242;0.0016560129123437406;1
5.582072212482964;ue_1;adas;5.581299052563379;5.581299052563379;5.582072212482964;0.0007731599195848204;1
5.633909762060262;ue_4;adas;5.6310892184796115;5.6310892184796115;5.633909762060262;0.0028205435806505363;1
5.937810968941886;ue_2;adas;5.935929802488856;5.935929802488856;5.937810968941886;0.0018811664530300476;1
5.988699695568164;ue_9;adas;5.987127695050685;5.987127695050685;5.988699695568164;0.0015720005174797436;1
5.99024546023892;ue_5;adas;5.98836429378589;5.98836429378589;5.99024546023892;0.0018811664530300476;1
5.990361716373039;ue_6;adas;5.989030420726882;5.989030420726882;5.990361716373039;0.0013312956461568604;1
6.003703131033914;ue_7;adas;6.002371835387757;6.002371835387757;6.003703131033914;0.0013312956461568604;1
6.013392032202392;ue_8;adas;6.011691485871557;6.011691485871557;6.013392032202392;0.001700546330835273;1
6.070097518788267;ue_3;adas;6.066746426126596;6.066746426126596;6.070097518788267;0.0033510926616706627;1
6.073893578742242;ue_0;adas;6.072237565829898;6.072237565829898;6.073893578742242;0.0016560129123437406;1
6.082072212482964;ue_1;adas;6.081299052563379;6.081299052563379;6.082072212482964;0.0007731599195848204;1
6.133909762060262;ue_4;adas;6.1310892184796115;6.1310892184796115;6.133909762060262;0.0028205435806505363;1
6.437810968941886;ue_2;adas;6.435929802488856;6.435929802488856;6.437810968941886;0.0018811664530300476;1
6.488699695568164;ue_9;adas;6.487127695050685;6.487127695050685;6.488699695568164;0.0015720005174797436;1
6.49024546023892;ue_5;adas;6.48836429378589;6.48836429378589;6.49024546023892;0.0018811664530300476;1
6.490361716373039;ue_6;adas;6.489030420726882;6.489030420726882;6.490361716373039;0.0013312956461568604;1
6.503703131033914;ue_7;adas;6.502371835387757;6.502371835387757;6.503703131033914;0.0013312956461568604;1
6.513392032202392;ue_8;adas;6.511691485871557;6.511691485871557;6.513392032202392;0.001700546330835273;1
6.570097518788267;ue_3;adas;6.566746426126596;6.566746426126596;6.570097518788267;0.0033510926616706627;1
6.573893578742242;ue_0;adas;6.572237565829898;6.572237565829898;6.573893578742242;0.0016560129123437406;1
6.582072212482964;ue_1;adas;6.581299052563379;6.581299052563379;6.582072212482964;0.0007731599195848204;1
6.633909762060262;ue_4;adas;6.6310892184796115;6.6310892184796115;6.633909762060262;0.0028205435806505363;1
6.937810968941886;ue_2;adas;6.935929802488856;6.935929802488856;6.937810968941886;0.0018811664530300476;1
6.988699695568164;ue_9;adas;6.987127695050685;6.987127695050685;6.988699695568164;0.0015720005174797436;1
6.99024546023892;ue_5;adas;6.98836429378589;6.98836429378589;6.99024546023892;0.0018811664530300476;1
6.990361716373039;ue_6;adas;6.989030420726882;6.989030420726882;6.990361716373039;0.0013312956461568604;1
7.003703131033914;ue_7;adas;7.002371835387757;7.002371835387757;7.003703131033914;0.0013312956461568604;1
7.013392032202392;ue_8;adas;7.011691485871557;7.011691485871557;7.013392032202392;0.001700546330835273;1
7.070097518788267;ue_3;adas;7.066746426126596;7.066746426126596;7.070097518788267;0.0033510926616706627;1
7.073893578742242;ue_0;adas;7.072237565829898;7.072237565829898;7.073893578742242;0.0016560129123437406;1
7.082072212482964;ue_1;adas;7.081299052563379;7.081299052563379;7.082072212482964;0.0007731599195848204;1
7.133909762060262;ue_4;adas;7.1310892184796115;7.1310892184796115;7.133909762060262;0.0028205435806505363;1
7.437810968941886;ue_2;adas;7.435929802488856;7.435929802488856;7.437810968941886;0.0018811664530300476;1
7.488699695568164;ue_9;adas;7.487127695050685;7.487127695050685;7.488699695568164;0.0015720005174797436;1
7.49024546023892;ue_5;adas;7.48836429378589;7.48836429378589;7.49024546023892;0.0018811664530300476;1
7.490361716373039;ue_6;adas;7.489030420726882;7.489030420726882;7.490361716373039;0.0013312956461568604;1
7.503703131033914;ue_7;adas;7.502371835387757;7.502371835387757;7.503703131033914;0.0013312956461568604;1
7.513392032202392;ue_8;adas;7.511691485871557;7.511691485871557;7.513392032202392;0.001700546330835273;1
7.570097518788267;ue_3;adas;7.566746426126596;7.566746426126596;7.570097518788267;0.0033510926616706627;1
7.573893578742242;ue_0;adas;7.572237565829898;7.572237565829898;7.573893578742242;0.0016560129123437406;1
7.582072212482964;ue_1;adas;7.581299052563379;7.581299052563379;7.582072212482964;0.0007731599195848204;1
7.633909762060262;ue_4;adas;7.6310892184796115;7.6310892184796115;7.633909762060262;0.0028205435806505363;1
7.937810968941886;ue_2;adas;7.935929802488856;7.935929802488856;7.937810968941886;0.0018811664530300476;1
7.988699695568164;ue_9;adas;7.987127695050685;7.987127695050685;7.988699695568164;0.0015720005174797436;1
7.99024546023892;ue_5;adas;7.98836429378589;7.98836429378589;7.99024546023892;0.0018811664530300476;1
7.990361716373039;ue_6;adas;7.989030420726882;7.989030420726882;7.990361716373039;0.0013312956461568604;1
8.003703131033914;ue_7;adas;8.002371835387757;8.002371835387757;8.003703131033914;0.0013312956461568604;1
8.013392032202393;ue_8;adas;8.011691485871557;8.011691485871557;8.013392032202393;0.0017005463308361612;1
8.070097518788266;ue_3;adas;8.066746426126596;8.066746426126596;8.070097518788266;0.0033510926616706627;1
8.073893578742242;ue_0;adas;8.072237565829898;8.072237565829898;8.073893578742242;0.0016560129123437406;1
8.082072212482963;ue_1;adas;8.081299052563379;8.081299052563379;8.082072212482963;0.0007731599195839323;1
8.133909762060263;ue_4;adas;8.131089218479612;8.131089218479612;8.133909762060263;0.0028205435806505363;1
8.437810968941886;ue_2;adas;8.435929802488856;8.435929802488856;8.437810968941886;0.0018811664530300476;1
8.488699695568165;ue_9;adas;8.487127695050685;8.487127695050685;8.488699695568165;0.0015720005174806317;1
8.490245460238919;ue_5;adas;8.488364293785889;8.488364293785889;8.490245460238919;0.0018811664530300476;1
8.49036171637304;ue_6;adas;8.489030420726882;8.489030420726882;8.49036171637304;0.0013312956461568604;1
8.503703131033914;ue_7;adas;8.502371835387757;8.502371835387757;8.503703131033914;0.0013312956461568604;1
8.513392032202393;ue_8;adas;8.511691485871557;8.511691485871557;8.513392032202393;0.0017005463308361612;1
8.570097518788266;ue_3;adas;8.566746426126596;8.566746426126596;8.570097518788266;0.0033510926616706627;1
8.573893578742242;ue_0;adas;8.572237565829898;8.572237565829898;8.573893578742242;0.0016560129123437406;1
8.582072212482963;ue_1;adas;8.581299052563379;8.581299052563379;8.582072212482963;0.0007731599195839323;1
8.633909762060263;ue_4;adas;8.631089218479612;8.631089218479612;8.633909762060263;0.0028205435806505363;1
8.937810968941886;ue_2;adas;8.935929802488856;8.935929802488856;8.937810968941886;0.0018811664530300476;1
8.988699695568165;ue_9;adas;8.987127695050685;8.987127695050685;8.988699695568165;0.0015720005174806317;1
8.990245460238919;ue_5;adas;8.988364293785889;8.988364293785889;8.990245460238919;0.0018811664530300476;1
8.99036171637304;ue_6;adas;8.989030420726882;8.989030420726882;8.99036171637304;0.0013312956461568604;1
9.003703131033914;ue_7;adas;9.002371835387757;9.002371835387757;9.003703131033914;0.0013312956461568604;1
9.013392032202393;ue_8;adas;9.011691485871557;9.011691485871557;9.013392032202393;0.0017005463308361612;1
9.070097518788266;ue_3;adas;9.066746426126596;9.066746426126596;9.070097518788266;0.0033510926616706627;1
9.073893578742242;ue_0;adas;9.072237565829898;9.072237565829898;9.073893578742242;0.0016560129123437406;1
9.082072212482963;ue_1;adas;9.081299052563379;9.081299052563379;9.082072212482963;0.0007731599195839323;1
9.133909762060263;ue_4;adas;9.131089218479612;9.131089218479612;9.133909762060263;0.0028205435806505363;1
9.437810968941886;ue_2;adas;9.435929802488856;9.435929802488856;9.437810968941886;0.0018811664530300476;1
9.488699695568165;ue_9;adas;9.487127695050685;9.487127695050685;9.488699695568165;0.0015720005174806317;1
9.490245460238919;ue_5;adas;9.488364293785889;9.488364293785889;9.490245460238919;0.0018811664530300476;1
9.49036171637304;ue_6;adas;9.489030420726882;9.489030420726882;9.49036171637304;0.0013312956461568604;1
9.503703131033914;ue_7;adas;9.502371835387757;9.502371835387757;9.503703131033914;0.0013312956461568604;1
9.513392032202393;ue_8;adas;9.511691485871557;9.511691485871557;9.513392032202393;0.0017005463308361612;1
9.570097518788266;ue_3;adas;9.566746426126596;9.566746426126596;9.570097518788266;0.0033510926616706627;1
9.573893578742242;ue_0;adas;9.572237565829898;9.572237565829898;9.573893578742242;0.0016560129123437406;1
9.582072212482963;ue_1;adas;9.581299052563379;9.581299052563379;9.582072212482963;0.0007731599195839323;1
9.633909762060263;ue_4;adas;9.631089218479612;9.631089218479612;9.633909762060263;0.0028205435806505363;1
9.937810968941886;ue_2;adas;9.935929802488856;9.935929802488856;9.937810968941886;0.0018811664530300476;1
9.988699695568165;ue_9;adas;9.987127695050685;9.987127695050685;9.988699695568165;0.0015720005174806317;1
9.990245460238919;ue_5;adas;9.988364293785889;9.988364293785889;9.990245460238919;0.0018811664530300476;1
9.99036171637304;ue_6;adas;9.989030420726882;9.989030420726882;9.99036171637304;0.0013312956461568604;1
10.003703131033914;ue_7;adas;10.002371835387757;10.002371835387757;10.003703131033914;0.0013312956461568604;1
10.013392032202393;ue_8;adas;10.011691485871557;10.011691485871557;10.013392032202393;0.0017005463308361612;1
10.070097518788266;ue_3;adas;10.066746426126596;10.066746426126596;10.070097518788266;0.0033510926616706627;1
10.073985185766746;ue_0;adas;10.072237565829898;10.072237565829898;10.073985185766746;0.0017476199368484657;1
10.082110052822118;ue_1;adas;10.081299052563379;10.081299052563379;10.082110052822118;0.0008110002587393694;1
10.134149181457067;ue_4;adas;10.131089218479612;10.131089218479612;10.134149181457067;0.003059962977454589;1
10.437630348819692;ue_2;adas;10.435929802488856;10.435929802488856;10.437630348819692;0.0017005463308361612;1
10.488624014889854;ue_9;adas;10.487127695050685;10.487127695050685;10.488624014889854;0.0014963198391697574;1
10.490064840116725;ue_5;adas;10.488364293785889;10.488364293785889;10.490064840116725;0.0017005463308361612;1
10.490465692517207;ue_6;adas;10.489030420726882;10.489030420726882;10.490465692517207;0.0014352717903243217;1
10.503703131033914;ue_7;adas;10.502371835387757;10.502371835387757;10.503703131033914;0.0013312956461568604;1
10.513392032202393;ue_8;adas;10.511691485871557;10.511691485871557;10.513392032202393;0.0017005463308361612;1
10.570097518788266;ue_3;adas;10.566746426126596;10.566746426126596;10.570097518788266;0.0033510926616706627;1
10.573985185766746;ue_0;adas;10.572237565829898;10.572237565829898;10.573985185766746;0.0017476199368484657;1
10.582110052822118;ue_1;adas;10.581299052563379;10.581299052563379;10.582110052822118;0.0008110002587393694;1
10.634149181457067;ue_4;adas;10.631089218479612;10.631089218479612;10.634149181457067;0.003059962977454589;1
10.937630348819692;ue_2;adas;10.935929802488856;10.935929802488856;10.937630348819692;0.0017005463308361612;1
10.988624014889854;ue_9;adas;10.987127695050685;10.987127695050685;10.988624014889854;0.0014963198391697574;1
10.990064840116725;ue_5;adas;10.988364293785889;10.988364293785889;10.990064840116725;0.0017005463308361612;1
10.990465692517207;ue_6;adas;10.989030420726882;10.989030420726882;10.990465692517207;0.0014352717903243217;1
11.003703131033914;ue_7;adas;11.002371835387757;11.002371835387757;11.003703131033914;0.0013312956461568604;1
11.013392032202393;ue_8;adas;11.011691485871557;11.011691485871557;11.013392032202393;0.0017005463308361612;1
11.070097518788266;ue_3;adas;11.066746426126596;11.066746426126596;11.070097518788266;0.0033510926616706627;1
11.073985185766746;ue_0;adas;11.072237565829898;11.072237565829898;11.073985185766746;0.0017476199368484657;1
11.082110052822118;ue_1;adas;11.081299052563379;11.081299052563379;11.082110052822118;0.0008110002587393694;1
11.134149181457067;ue_4;adas;11.131089218479612;11.131089218479612;11.134149181457067;0.003059962977454589;1
11.437630348819692;ue_2;adas;11.435929802488856;11.435929802488856;11.437630348819692;0.0017005463308361612;1
11.487900854970269;ue_9;adas;11.487127695050685;11.487127695050685;11.487900854970269;0.0007731599195839323;1
11.490064840116725;ue_5;adas;11.488364293785889;11.488364293785889;11.490064840116725;0.0017005463308361612;1
11.490465692517207;ue_6;adas;11.489030420726882;11.489030420726882;11.490465692517207;0.0014352717903243217;1
12.703703131033913;ue_7;adas;11.502371835387757;12.702371835387757;12.703703131033913;1.2013312956461561;1
12.70498442668007;ue_7;adas;12.002371835387757;12.702371835387757;12.70498442668007;0.7026125912923131;1
12.706265722326227;ue_7;adas;12.502371835387757;12.702371835387757;12.706265722326227;0.2038938869384701;1
12.713392032202393;ue_8;adas;11.511691485871557;12.711691485871556;12.713392032202393;1.2017005463308355;1
12.715042578533229;ue_8;adas;12.011691485871557;12.711691485871556;12.715042578533229;0.7033510926616717;1
12.716693124864065;ue_8;adas;12.511691485871557;12.711691485871556;12.716693124864065;0.205001638992508;1
12.770097518788265;ue_3;adas;11.566746426126596;12.766746426126595;12.770097518788265;1.20335109266167;1
12.773136375798321;ue_0;adas;11.572237565829898;12.772237565829897;12.773136375798321;1.2008988099684235;1
12.773398611449936;ue_3;adas;12.066746426126596;12.766746426126595;12.773398611449936;0.7066521853233407;1
12.773985185766746;ue_0;adas;12.072237565829898;12.772237565829897;12.773985185766746;0.7017476199368478;1
12.77483399573517;ue_0;adas;12.572237565829898;12.772237565829897;12.77483399573517;0.20259642990527205;1
12.776699704111607;ue_3;adas;12.566746426126596;12.766746426126595;12.776699704111607;0.2099532779850115;1
12.782110052822118;ue_1;adas;11.581299052563379;12.781299052563378;12.782110052822118;1.2008110002587387;1
12.782871053080857;ue_1;adas;12.081299052563379;12.781299052563378;12.782871053080857;0.7015720005174781;1
12.783632053339597;ue_1;adas;12.581299052563379;12.781299052563378;12.783632053339597;0.20233300077621763;1
12.834149181457066;ue_4;adas;11.631089218479612;12.831089218479612;12.834149181457066;1.2030599629774539;1
12.837159144434521;ue_4;adas;12.131089218479612;12.831089218479612;12.837159144434521;0.7060699259549086;1
12.840169107411976;ue_4;adas;12.631089218479612;12.831089218479612;12.840169107411976;0.2090798889323633;1
13.003703131033914;ue_7;adas;13.002371835387757;13.002371835387757;13.003703131033914;0.0013312956461568604;1
13.013392032202393;ue_8;adas;13.011691485871557;13.011691485871557;13.013392032202393;0.0017005463308361612;1
13.070097518788266;ue_3;adas;13.066746426126596;13.066746426126596;13.070097518788266;0.0033510926616706627;1
13.073985185766746;ue_0;adas;13.072237565829898;13.072237565829898;13.073985185766746;0.0017476199368484657;1
13.082110052822118;ue_1;adas;13.081299052563379;13.081299052563379;13.082110052822118;0.0008110002587393694;1
13.134149181457067;ue_4;adas;13.131089218479612;13.131089218479612;13.134149181457067;0.003059962977454589;1
13.137630348819691;ue_2;adas;11.935929802488856;13.135929802488855;13.137630348819691;1.2017005463308355;1
13.139280895150527;ue_2;adas;12.435929802488856;13.135929802488855;13.139280895150527;0.7033510926616717;1
13.140931441481364;ue_2;adas;12.935929802488856;13.135929802488855;13.140931441481364;0.205001638992508;1
13.188624014889854;ue_9;adas;11.987127695050685;13.187127695050684;13.188624014889854;1.201496319839169;1
13.190064840116724;ue_5;adas;11.988364293785889;13.188364293785888;13.190064840116724;1.2017005463308355;1
13.190070334729024;ue_9;adas;12.487127695050685;13.187127695050684;13.190070334729024;0.7029426396783389;1
13.190465692517206;ue_6;adas;11.989030420726882;13.189030420726882;13.190465692517206;1.2014352717903236;1
13.191516654568193;ue_9;adas;12.987127695050685;13.187127695050684;13.191516654568193;0.2043889595175088;1
13.19171538644756;ue_5;adas;12.488364293785889;13.188364293785888;13.19171538644756;0.7033510926616717;1
13.19185096430753;ue_6;adas;12.489030420726882;13.189030420726882;13.19185096430753;0.702820543580648;1
13.193236236097855;ue_6;adas;12.989030420726882;13.189030420726882;13.193236236097855;0.2042058153709725;1
13.193365932778397;ue_5;adas;12.988364293785889;13.188364293785888;13.193365932778397;0.205001638992508;1
13.437630348819692;ue_2;adas;13.435929802488856;13.435929802488856;13.437630348819692;0.0017005463308361612;1
13.488624014889854;ue_9;adas;13.487127695050685;13.487127695050685;13.488624014889854;0.0014963198391697574;1
13.490064840116725;ue_5;adas;13.488364293785889;13.488364293785889;13.490064840116725;0.0017005463308361612;1
13.490465692517207;ue_6;adas;13.489030420726882;13.489030420726882;13.490465692517207;0.0014352717903243217;1
13.503703131033914;ue_7;adas;13.502371835387757;13.502371835387757;13.503703131033914;0.0013312956461568604;1
13.513392032202393;ue_8;adas;13.511691485871557;13.511691485871557;13.513392032202393;0.0017005463308361612;1
13.570097518788266;ue_3;adas;13.566746426126596;13.566746426126596;13.570097518788266;0.0033510926616706627;1
13.573985185766746;ue_0;adas;13.572237565829898;13.572237565829898;13.573985185766746;0.0017476199368484657;1
13.582110052822118;ue_1;adas;13.581299052563379;13.581299052563379;13.582110052822118;0.0008110002587393694;1
13.634149181457067;ue_4;adas;13.631089218479612;13.631089218479612;13.634149181457067;0.003059962977454589;1
13.937630348819692;ue_2;adas;13.935929802488856;13.935929802488856;13.937630348819692;0.0017005463308361612;1
13.988624014889854;ue_9;adas;13.987127695050685;13.987127695050685;13.988624014889854;0.0014963198391697574;1
13.990064840116725;ue_5;adas;13.988364293785889;13.988364293785889;13.990064840116725;0.0017005463308361612;1
13.990465692517207;ue_6;adas;13.989030420726882;13.989030420726882;13.990465692517207;0.0014352717903243217;1
14.003703131033914;ue_7;adas;14.002371835387757;14.002371835387757;14.003703131033914;0.0013312956461568604;1
14.013392032202393;ue_8;adas;14.011691485871557;14.011691485871557;14.013392032202393;0.0017005463308361612;1
14.070097518788266;ue_3;adas;14.066746426126596;14.066746426126596;14.070097518788266;0.0033510926616706627;1
14.073985185766746;ue_0;adas;14.072237565829898;14.072237565829898;14.073985185766746;0.0017476199368484657;1
14.082110052822118;ue_1;adas;14.081299052563379;14.081299052563379;14.082110052822118;0.0008110002587393694;1
14.134149181457067;ue_4;adas;14.131089218479612;14.131089218479612;14.134149181457067;0.003059962977454589;1
14.437630348819692;ue_2;adas;14.435929802488856;14.435929802488856;14.437630348819692;0.0017005463308361612;1
14.488624014889854;ue_9;adas;14.487127695050685;14.487127695050685;14.488624014889854;0.0014963198391697574;1
14.490064840116725;ue_5;adas;14.488364293785889;14.488364293785889;14.490064840116725;0.0017005463308361612;1
14.490465692517207;ue_6;adas;14.489030420726882;14.489030420726882;14.490465692517207;0.0014352717903243217;1
14.503703131033914;ue_7;adas;14.502371835387757;14.502371835387757;14.503703131033914;0.0013312956461568604;1
14.513392032202393;ue_8;adas;14.511691485871557;14.511691485871557;14.513392032202393;0.0017005463308361612;1
14.570097518788266;ue_3;adas;14.566746426126596;14.566746426126596;14.570097518788266;0.0033510926616706627;1
14.573985185766746;ue_0;adas;14.572237565829898;14.572237565829898;14.573985185766746;0.0017476199368484657;1
14.582110052822118;ue_1;adas;14.581299052563379;14.581299052563379;14.582110052822118;0.0008110002587393694;1
14.634149181457067;ue_4;adas;14.631089218479612;14.631089218479612;14.634149181457067;0.003059962977454589;1
14.937630348819692;ue_2;adas;14.935929802488856;14.935929802488856;14.937630348819692;0.0017005463308361612;1
14.988624014889854;ue_9;adas;14.987127695050685;14.987127695050685;14.988624014889854;0.0014963198391697574;1
14.990064840116725;ue_5;adas;14.988364293785889;14.988364293785889;14.990064840116725;0.0017005463308361612;1
14.990465692517207;ue_6;adas;14.989030420726882;14.989030420726882;14.990465692517207;0.0014352717903243217;1
15.003807107178082;ue_7;adas;15.002371835387757;15.002371835387757;15.003807107178082;0.0014352717903243217;1
15.013246467360284;ue_8;adas;15.011691485871557;15.011691485871557;15.013246467360284;0.0015549814887272362;1
15.06980638910405;ue_3;adas;15.066746426126596;15.066746426126596;15.06980638910405;0.003059962977454589;1
15.074087843072594;ue_0;adas;15.072237565829898;15.072237565829898;15.074087843072594;0.0018502772426955971;1
15.08215205901955;ue_1;adas;15.081299052563379;15.081299052563379;15.08215205901955;0.000853006456171812;1
15.134149181457067;ue_4;adas;15.131089218479612;15.131089218479612;15.134149181457067;0.003059962977454589;1
15.437630348819692;ue_2;adas;15.435929802488856;15.435929802488856;15.437630348819692;0.0017005463308361612;1
15.488624014889854;ue_9;adas;15.487127695050685;15.487127695050685;15.488624014889854;0.0014963198391697574;1
15.489919275274616;ue_5;adas;15.488364293785889;15.488364293785889;15.489919275274616;0.0015549814887272362;1
15.490465692517207;ue_6;adas;15.489030420726882;15.489030420726882;15.490465692517207;0.0014352717903243217;1
15.503807107178082;ue_7;adas;15.502371835387757;15.502371835387757;15.503807107178082;0.0014352717903243217;1
15.513246467360284;ue_8;adas;15.511691485871557;15.511691485871557;15.513246467360284;0.0015549814887272362;1
15.56980638910405;ue_3;adas;15.566746426126596;15.566746426126596;15.56980638910405;0.003059962977454589;1
15.574087843072594;ue_0;adas;15.572237565829898;15.572237565829898;15.574087843072594;0.0018502772426955971;1
15.58215205901955;ue_1;adas;15.581299052563379;15.581299052563379;15.58215205901955;0.000853006456171812;1
15.634149181457067;ue_4;adas;15.631089218479612;15.631089218479612;15.634149181457067;0.003059962977454589;1
15.937630348819692;ue_2;adas;15.935929802488856;15.935929802488856;15.937630348819692;0.0017005463308361612;1
15.988624014889854;ue_9;adas;15.987127695050685;15.987127695050685;15.988624014889854;0.0014963198391697574;1
15.989919275274616;ue_5;adas;15.988364293785889;15.988364293785889;15.989919275274616;0.0015549814887272362;1
15.990465692517207;ue_6;adas;15.989030420726882;15.989030420726882;15.990465692517207;0.0014352717903243217;1
16.003807107178083;ue_7;adas;16.002371835387756;16.002371835387756;16.003807107178083;0.0014352717903278744;1
16.01324646736029;ue_8;adas;16.01169148587156;16.01169148587156;16.01324646736029;0.001554981488730789;1
16.069806389104052;ue_3;adas;16.066746426126596;16.066746426126596;16.069806389104052;0.0030599629774563653;1
16.074087843072594;ue_0;adas;16.072237565829898;16.072237565829898;16.074087843072594;0.0018502772426955971;1
16.082152059019553;ue_1;adas;16.08129905256338;16.08129905256338;16.082152059019553;0.000853006456171812;1
16.13414918145707;ue_4;adas;16.131089218479612;16.131089218479612;16.13414918145707;0.0030599629774563653;1
16.437630348819695;ue_2;adas;16.435929802488857;16.435929802488857;16.437630348819695;0.0017005463308379376;1
16.488624014889854;ue_9;adas;16.487127695050685;16.487127695050685;16.488624014889854;0.0014963198391697574;1
16.48991927527462;ue_5;adas;16.48836429378589;16.48836429378589;16.48991927527462;0.001554981488730789;1
16.490465692517212;ue_6;adas;16.489030420726884;16.489030420726884;16.490465692517212;0.0014352717903278744;1
16.503807107178083;ue_7;adas;16.502371835387756;16.502371835387756;16.503807107178083;0.0014352717903278744;1
16.51324646736029;ue_8;adas;16.51169148587156;16.51169148587156;16.51324646736029;0.001554981488730789;1
16.569806389104052;ue_3;adas;16.566746426126596;16.566746426126596;16.569806389104052;0.0030599629774563653;1
16.574087843072594;ue_0;adas;16.572237565829898;16.572237565829898;16.574087843072594;0.0018502772426955971;1
16.582152059019553;ue_1;adas;16.58129905256338;16.58129905256338;16.582152059019553;0.000853006456171812;1
16.63414918145707;ue_4;adas;16.631089218479612;16.631089218479612;16.63414918145707;0.0030599629774563653;1
16.937630348819695;ue_2;adas;16.935929802488857;16.935929802488857;16.937630348819695;0.0017005463308379376;1
16.988624014889854;ue_9;adas;16.987127695050685;16.987127695050685;16.988624014889854;0.0014963198391697574;1
16.98991927527462;ue_5;adas;16.98836429378589;16.98836429378589;16.98991927527462;0.001554981488730789;1
16.990465692517212;ue_6;adas;16.989030420726884;16.989030420726884;16.990465692517212;0.0014352717903278744;1
17.003807107178083;ue_7;adas;17.002371835387756;17.002371835387756;17.003807107178083;0.0014352717903278744;1
17.01324646736029;ue_8;adas;17.01169148587156;17.01169148587156;17.01324646736029;0.001554981488730789;1
17.069806389104052;ue_3;adas;17.066746426126596;17.066746426126596;17.069806389104052;0.0030599629774563653;1
17.074087843072594;ue_0;adas;17.072237565829898;17.072237565829898;17.074087843072594;0.0018502772426955971;1
17.082152059019553;ue_1;adas;17.08129905256338;17.08129905256338;17.082152059019553;0.000853006456171812;1
17.13414918145707;ue_4;adas;17.131089218479612;17.131089218479612;17.13414918145707;0.0030599629774563653;1
17.437630348819695;ue_2;adas;17.435929802488857;17.435929802488857;17.437630348819695;0.0017005463308379376;1
17.488624014889854;ue_9;adas;17.487127695050685;17.487127695050685;17.488624014889854;0.0014963198391697574;1
17.48991927527462;ue_5;adas;17.48836429378589;17.48836429378589;17.48991927527462;0.001554981488730789;1
17.490465692517212;ue_6;adas;17.489030420726884;17.489030420726884;17.490465692517212;0.0014352717903278744;1
17.503807107178083;ue_7;adas;17.502371835387756;17.502371835387756;17.503807107178083;0.0014352717903278744;1
17.51324646736029;ue_8;adas;17.51169148587156;17.51169148587156;17.51324646736029;0.001554981488730789;1
17.569806389104052;ue_3;adas;17.566746426126596;17.566746426126596;17.569806389104052;0.0030599629774563653;1
17.574087843072594;ue_0;adas;17.572237565829898;17.572237565829898;17.574087843072594;0.0018502772426955971;1
17.582152059019553;ue_1;adas;17.58129905256338;17.58129905256338;17.582152059019553;0.000853006456171812;1
17.63414918145707;ue_4;adas;17.631089218479612;17.631089218479612;17.63414918145707;0.0030599629774563653;1
17.937630348819695;ue_2;adas;17.935929802488857;17.935929802488857;17.937630348819695;0.0017005463308379376;1
17.988624014889854;ue_9;adas;17.987127695050685;17.987127695050685;17.988624014889854;0.0014963198391697574;1
17.98991927527462;ue_5;adas;17.98836429378589;17.98836429378589;17.98991927527462;0.001554981488730789;1
17.990465692517212;ue_6;adas;17.989030420726884;17.989030420726884;17.990465692517212;0.0014352717903278744;1
18.003807107178083;ue_7;adas;18.002371835387756;18.002371835387756;18.003807107178083;0.0014352717903278744;1
18.01324646736029;ue_8;adas;18.01169148587156;18.01169148587156;18.01324646736029;0.001554981488730789;1
18.069806389104052;ue_3;adas;18.066746426126596;18.066746426126596;18.069806389104052;0.0030599629774563653;1
18.074087843072594;ue_0;adas;18.072237565829898;18.072237565829898;18.074087843072594;0.0018502772426955971;1
18.082152059019553;ue_1;adas;18.08129905256338;18.08129905256338;18.082152059019553;0.000853006456171812;1
18.13414918145707;ue_4;adas;18.131089218479612;18.131089218479612;18.13414918145707;0.0030599629774563653;1
18.437630348819695;ue_2;adas;18.435929802488857;18.435929802488857;18.437630348819695;0.0017005463308379376;1
18.488624014889854;ue_9;adas;18.487127695050685;18.487127695050685;18.488624014889854;0.0014963198391697574;1
18.48991927527462;ue_5;adas;18.48836429378589;18.48836429378589;18.48991927527462;0.001554981488730789;1
18.490465692517212;ue_6;adas;18.489030420726884;18.489030420726884;18.490465692517212;0.0014352717903278744;1
18.503807107178083;ue_7;adas;18.502371835387756;18.502371835387756;18.503807107178083;0.0014352717903278744;1
18.51324646736029;ue_8;adas;18.51169148587156;18.51169148587156;18.51324646736029;0.001554981488730789;1
18.569806389104052;ue_3;adas;18.566746426126596;18.566746426126596;18.569806389104052;0.0030599629774563653;1
18.574087843072594;ue_0;adas;18.572237565829898;18.572237565829898;18.574087843072594;0.0018502772426955971;1
18.582152059019553;ue_1;adas;18.58129905256338;18.58129905256338;18.582152059019553;0.000853006456171812;1
18.63414918145707;ue_4;adas;18.631089218479612;18.631089218479612;18.63414918145707;0.0030599629774563653;1
18.937630348819695;ue_2;adas;18.935929802488857;18.935929802488857;18.937630348819695;0.0017005463308379376;1
18.988624014889854;ue_9;adas;18.987127695050685;18.987127695050685;18.988624014889854;0.0014963198391697574;1
18.98991927527462;ue_5;adas;18.98836429378589;18.98836429378589;18.98991927527462;0.001554981488730789;1
18.990465692517212;ue_6;adas;18.989030420726884;18.989030420726884;18.990465692517212;0.0014352717903278744;1
19.003807107178083;ue_7;adas;19.002371835387756;19.002371835387756;19.003807107178083;0.0014352717903278744;1
19.01324646736029;ue_8;adas;19.01169148587156;19.01169148587156;19.01324646736029;0.001554981488730789;1
19.069806389104052;ue_3;adas;19.066746426126596;19.066746426126596;19.069806389104052;0.0030599629774563653;1
19.074087843072594;ue_0;adas;19.072237565829898;19.072237565829898;19.074087843072594;0.0018502772426955971;1
19.082152059019553;ue_1;adas;19.08129905256338;19.08129905256338;19.082152059019553;0.000853006456171812;1
19.13414918145707;ue_4;adas;19.131089218479612;19.131089218479612;19.13414918145707;0.0030599629774563653;1
19.437630348819695;ue_2;adas;19.435929802488857;19.435929802488857;19.437630348819695;0.0017005463308379376;1
19.488624014889854;ue_9;adas;19.487127695050685;19.487127695050685;19.488624014889854;0.0014963198391697574;1
19.48991927527462;ue_5;adas;19.48836429378589;19.48836429378589;19.48991927527462;0.001554981488730789;1
19.490465692517212;ue_6;adas;19.489030420726884;19.489030420726884;19.490465692517212;0.0014352717903278744;1
19.503807107178083;ue_7;adas;19.502371835387756;19.502371835387756;19.503807107178083;0.0014352717903278744;1
19.51324646736029;ue_8;adas;19.51169148587156;19.51169148587156;19.51324646736029;0.001554981488730789;1
19.569806389104052;ue_3;adas;19.566746426126596;19.566746426126596;19.569806389104052;0.0030599629774563653;1
19.574087843072594;ue_0;adas;19.572237565829898;19.572237565829898;19.574087843072594;0.0018502772426955971;1
19.582152059019553;ue_1;adas;19.58129905256338;19.58129905256338;19.582152059019553;0.000853006456171812;1
19.63414918145707;ue_4;adas;19.631089218479612;19.631089218479612;19.63414918145707;0.0030599629774563653;1
19.937630348819695;ue_2;adas;19.935929802488857;19.935929802488857;19.937630348819695;0.0017005463308379376;1
19.988624014889854;ue_9;adas;19.987127695050685;19.987127695050685;19.988624014889854;0.0014963198391697574;1
19.98991927527462;ue_5;adas;19.98836429378589;19.98836429378589;19.98991927527462;0.001554981488730789;1
19.990465692517212;ue_6;adas;19.989030420726884;19.989030420726884;19.990465692517212;0.0014352717903278744;1
20.003926816876486;ue_7;adas;20.002371835387756;20.002371835387756;20.003926816876486;0.001554981488730789;1
20.013126757661887;ue_8;adas;20.01169148587156;20.01169148587156;20.013126757661887;0.0014352717903278744;1
20.069566969707246;ue_3;adas;20.066746426126596;20.066746426126596;20.069566969707246;0.0028205435806505363;1
20.074163034697115;ue_0;adas;20.072237565829898;20.072237565829898;20.074163034697115;0.0019254688672170062;1
20.082197862531807;ue_1;adas;20.08129905256338;20.08129905256338;20.082197862531807;0.000898809968425951;1
20.134440311141287;ue_4;adas;20.131089218479612;20.131089218479612;20.134440311141287;0.0033510926616742154;1
20.437484783977588;ue_2;adas;20.435929802488857;20.435929802488857;20.437484783977588;0.001554981488730789;1
20.488699695568165;ue_9;adas;20.487127695050685;20.487127695050685;20.488699695568165;0.0015720005174806317;1
20.48991927527462;ue_5;adas;20.48836429378589;20.48836429378589;20.48991927527462;0.001554981488730789;1
20.490585402215615;ue_6;adas;20.489030420726884;20.489030420726884;20.490585402215615;0.001554981488730789;1
20.503926816876486;ue_7;adas;20.502371835387756;20.502371835387756;20.503926816876486;0.001554981488730789;1
20.513126757661887;ue_8;adas;20.51169148587156;20.51169148587156;20.513126757661887;0.0014352717903278744;1
20.569566969707246;ue_3;adas;20.566746426126596;20.566746426126596;20.569566969707246;0.0028205435806505363;1
20.574163034697115;ue_0;adas;20.572237565829898;20.572237565829898;20.574163034697115;0.0019254688672170062;1
20.582197862531807;ue_1;adas;20.58129905256338;20.58129905256338;20.582197862531807;0.000898809968425951;1
20.634440311141287;ue_4;adas;20.631089218479612;20.631089218479612;20.634440311141287;0.0033510926616742154;1
20.937484783977588;ue_2;adas;20.935929802488857;20.935929802488857;20.937484783977588;0.001554981488730789;1
20.988699695568165;ue_9;adas;20.987127695050685;20.987127695050685;20.988699695568165;0.0015720005174806317;1
20.98991927527462;ue_5;adas;20.98836429378589;20.98836429378589;20.98991927527462;0.001554981488730789;1
20.990585402215615;ue_6;adas;20.989030420726884;20.989030420726884;20.990585402215615;0.001554981488730789;1
21.003926816876486;ue_7;adas;21.002371835387756;21.002371835387756;21.003926816876486;0.001554981488730789;1
21.013126757661887;ue_8;adas;21.01169148587156;21.01169148587156;21.013126757661887;0.0014352717903278744;1
21.069566969707246;ue_3;adas;21.066746426126596;21.066746426126596;21.069566969707246;0.0028205435806505363;1
21.074163034697115;ue_0;adas;21.072237565829898;21.072237565829898;21.074163034697115;0.0019254688672170062;1
21.082197862531807;ue_1;adas;21.08129905256338;21.08129905256338;21.082197862531807;0.000898809968425951;1
21.134440311141287;ue_4;adas;21.131089218479612;21.131089218479612;21.134440311141287;0.0033510926616742154;1
21.437484783977588;ue_2;adas;21.435929802488857;21.435929802488857;21.437484783977588;0.001554981488730789;1
21.488699695568165;ue_9;adas;21.487127695050685;21.487127695050685;21.488699695568165;0.0015720005174806317;1
21.48991927527462;ue_5;adas;21.48836429378589;21.48836429378589;21.48991927527462;0.001554981488730789;1
21.490585402215615;ue_6;adas;21.489030420726884;21.489030420726884;21.490585402215615;0.001554981488730789;1
21.503926816876486;ue_7;adas;21.502371835387756;21.502371835387756;21.503926816876486;0.001554981488730789;1
21.513126757661887;ue_8;adas;21.51169148587156;21.51169148587156;21.513126757661887;0.0014352717903278744;1
21.569566969707246;ue_3;adas;21.566746426126596;21.566746426126596;21.569566969707246;0.0028205435806505363;1
21.574163034697115;ue_0;adas;21.572237565829898;21.572237565829898;21.574163034697115;0.0019254688672170062;1
21.582197862531807;ue_1;adas;21.58129905256338;21.58129905256338;21.582197862531807;0.000898809968425951;1
21.634440311141287;ue_4;adas;21.631089218479612;21.631089218479612;21.634440311141287;0.0033510926616742154;1
21.937484783977588;ue_2;adas;21.935929802488857;21.935929802488857;21.937484783977588;0.001554981488730789;1
21.988699695568165;ue_9;adas;21.987127695050685;21.987127695050685;21.988699695568165;0.0015720005174806317;1
21.98991927527462;ue_5;adas;21.98836429378589;21.98836429378589;21.98991927527462;0.001554981488730789;1
21.990585402215615;ue_6;adas;21.989030420726884;21.989030420726884;21.990585402215615;0.001554981488730789;1
22.003926816876486;ue_7;adas;22.002371835387756;22.002371835387756;22.003926816876486;0.001554981488730789;1
22.013126757661887;ue_8;adas;22.01169148587156;22.01169148587156;22.013126757661887;0.0014352717903278744;1
22.069566969707246;ue_3;adas;22.066746426126596;22.066746426126596;22.069566969707246;0.0028205435806505363;1
22.074163034697115;ue_0;adas;22.072237565829898;22.072237565829898;22.074163034697115;0.0019254688672170062;1
22.082197862531807;ue_1;adas;22.08129905256338;22.08129905256338;22.082197862531807;0.000898809968425951;1
22.134440311141287;ue_4;adas;22.131089218479612;22.131089218479612;22.134440311141287;0.0033510926616742154;1
22.437484783977588;ue_2;adas;22.435929802488857;22.435929802488857;22.437484783977588;0.001554981488730789;1
22.488699695568165;ue_9;adas;22.487127695050685;22.487127695050685;22.488699695568165;0.0015720005174806317;1
22.48991927527462;ue_5;adas;22.48836429378589;22.48836429378589;22.48991927527462;0.001554981488730789;1
22.490585402215615;ue_6;adas;22.489030420726884;22.489030420726884;22.490585402215615;0.001554981488730789;1
22.503926816876486;ue_7;adas;22.502371835387756;22.502371835387756;22.503926816876486;0.001554981488730789;1
22.513126757661887;ue_8;adas;22.51169148587156;22.51169148587156;22.513126757661887;0.0014352717903278744;1
22.569566969707246;ue_3;adas;22.566746426126596;22.566746426126596;22.569566969707246;0.0028205435806505363;1
22.574163034697115;ue_0;adas;22.572237565829898;22.572237565829898;22.574163034697115;0.0019254688672170062;1
22.582197862531807;ue_1;adas;22.58129905256338;22.58129905256338;22.582197862531807;0.000898809968425951;1
22.634440311141287;ue_4;adas;22.631089218479612;22.631089218479612;22.634440311141287;0.0033510926616742154;1
22.937484783977588;ue_2;adas;22.935929802488857;22.935929802488857;22.937484783977588;0.001554981488730789;1
22.987938695309428;ue_9;adas;22.987127695050685;22.987127695050685;22.987938695309428;0.0008110002587429221;1
22.98991927527462;ue_5;adas;22.98836429378589;22.98836429378589;22.98991927527462;0.001554981488730789;1
22.990585402215615;ue_6;adas;22.989030420726884;22.989030420726884;22.990585402215615;0.001554981488730789;1
24.203926816876486;ue_7;adas;23.002371835387756;24.202371835387755;24.203926816876486;1.20155498148873;1
24.205431798365215;ue_7;adas;23.502371835387756;24.202371835387755;24.205431798365215;0.7030599629774592;1
24.206936779853944;ue_7;adas;24.002371835387756;24.202371835387755;24.206936779853944;0.20456494446618834;1
24.213126757661886;ue_8;adas;23.01169148587156;24.211691485871558;24.213126757661886;1.2014352717903272;1
24.214512029452212;ue_8;adas;23.51169148587156;24.211691485871558;24.214512029452212;0.7028205435806534;1
24.21589730124254;ue_8;adas;24.01169148587156;24.211691485871558;24.21589730124254;0.2042058153709796;1
24.269566969707245;ue_3;adas;23.066746426126596;24.266746426126595;24.269566969707245;1.2028205435806498;1
24.272337513287894;ue_3;adas;23.566746426126596;24.266746426126595;24.272337513287894;0.7055910871612987;1
24.27322530026351;ue_0;adas;23.072237565829898;24.272237565829897;24.27322530026351;1.2009877344336104;1
24.274163034697118;ue_0;adas;23.572237565829898;24.272237565829897;24.274163034697118;0.7019254688672198;1
24.275100769130727;ue_0;adas;24.072237565829898;24.272237565829897;24.275100769130727;0.2028632033008293;1
24.275108056868543;ue_3;adas;24.066746426126596;24.266746426126595;24.275108056868543;0.20836163074194758;1
24.282197862531806;ue_1;adas;23.08129905256338;24.28129905256338;24.282197862531806;1.2008988099684252;1
24.28304667250023;ue_1;adas;23.58129905256338;24.28129905256338;24.28304667250023;0.7017476199368495;1
24.283895482468655;ue_1;adas;24.08129905256338;24.28129905256338;24.283895482468655;0.20259642990527382;1
24.334440311141286;ue_4;adas;23.131089218479612;24.33108921847961;24.334440311141286;1.2033510926616735;1
24.33774140380296;ue_4;adas;23.631089218479612;24.33108921847961;24.33774140380296;0.7066521853233461;1
24.34104249646463;ue_4;adas;24.131089218479612;24.33108921847961;24.34104249646463;0.20995327798501862;1
24.503926816876486;ue_7;adas;24.502371835387756;24.502371835387756;24.503926816876486;0.001554981488730789;1
24.513126757661887;ue_8;adas;24.51169148587156;24.51169148587156;24.513126757661887;0.0014352717903278744;1
24.569566969707246;ue_3;adas;24.566746426126596;24.566746426126596;24.569566969707246;0.0028205435806505363;1
24.574163034697115;ue_0;adas;24.572237565829898;24.572237565829898;24.574163034697115;0.0019254688672170062;1
24.582197862531807;ue_1;adas;24.58129905256338;24.58129905256338;24.582197862531807;0.000898809968425951;1
24.634440311141287;ue_4;adas;24.631089218479612;24.631089218479612;24.634440311141287;0.0033510926616742154;1
24.637484783977587;ue_2;adas;23.435929802488857;24.635929802488857;24.637484783977587;1.20155498148873;1
24.638989765466317;ue_2;adas;23.935929802488857;24.635929802488857;24.638989765466317;0.7030599629774592;1
24.640494746955046;ue_2;adas;24.435929802488857;24.635929802488857;24.640494746955046;0.20456494446618834;1
24.688699695568165;ue_9;adas;23.487127695050685;24.687127695050684;24.688699695568165;1.20157200051748;1
24.68991927527462;ue_5;adas;23.48836429378589;24.688364293785888;24.68991927527462;1.20155498148873;1
24.690221696085644;ue_9;adas;23.987127695050685;24.687127695050684;24.690221696085644;0.7030940010349589;1
24.690585402215614;ue_6;adas;23.489030420726884;24.689030420726883;24.690585402215614;1.20155498148873;1
24.691424256763348;ue_5;adas;23.98836429378589;24.688364293785888;24.691424256763348;0.7030599629774592;1
24.691743696603123;ue_9;adas;24.487127695050685;24.687127695050684;24.691743696603123;0.20461600155243787;1
24.692090383704343;ue_6;adas;23.989030420726884;24.689030420726883;24.692090383704343;0.7030599629774592;1
24.692929238252077;ue_5;adas;24.48836429378589;24.688364293785888;24.692929238252077;0.20456494446618834;1
24.693595365193072;ue_6;adas;24.489030420726884;24.689030420726883;24.693595365193072;0.20456494446618834;1
24.937484783977588;ue_2;adas;24.935929802488857;24.935929802488857;24.937484783977588;0.001554981488730789;1
24.988699695568165;ue_9;adas;24.987127695050685;24.987127695050685;24.988699695568165;0.0015720005174806317;1
24.98991927527462;ue_5;adas;24.98836429378589;24.98836429378589;24.98991927527462;0.001554981488730789;1
24.990585402215615;ue_6;adas;24.989030420726884;24.989030420726884;24.990585402215615;0.001554981488730789;1
25.004072381718593;ue_7;adas;25.002371835387756;25.002371835387756;25.004072381718593;0.0017005463308379376;1
25.013126757661887;ue_8;adas;25.01169148587156;25.01169148587156;25.013126757661887;0.0014352717903278744;1
25.06935901741891;ue_3;adas;25.066746426126596;25.066746426126596;25.06935901741891;0.0026125912923156136;1
25.07436380534489;ue_0;adas;25.072237565829898;25.072237565829898;25.07436380534489;0.0021262395149932445;1
25.08224919118473;ue_1;adas;25.08129905256338;25.08129905256338;25.08224919118473;0.0009501386213486285;1
25.134801551385674;ue_4;adas;25.131089218479612;25.131089218479612;25.134801551385674;0.003712332906061988;1
25.437365074279185;ue_2;adas;25.435929802488857;25.435929802488857;25.437365074279185;0.0014352717903278744;1
25.48878370796303;ue_9;adas;25.487127695050685;25.487127695050685;25.48878370796303;0.001656012912345517;1
25.489799565576217;ue_5;adas;25.48836429378589;25.48836429378589;25.489799565576217;0.0014352717903278744;1
25.490730967057722;ue_6;adas;25.489030420726884;25.489030420726884;25.490730967057722;0.0017005463308379376;1
25.504072381718593;ue_7;adas;25.502371835387756;25.502371835387756;25.504072381718593;0.0017005463308379376;1
25.513126757661887;ue_8;adas;25.51169148587156;25.51169148587156;25.513126757661887;0.0014352717903278744;1
25.56935901741891;ue_3;adas;25.566746426126596;25.566746426126596;25.56935901741891;0.0026125912923156136;1
25.57436380534489;ue_0;adas;25.572237565829898;25.572237565829898;25.57436380534489;0.0021262395149932445;1
25.58224919118473;ue_1;adas;25.58129905256338;25.58129905256338;25.58224919118473;0.0009501386213486285;1
25.634801551385674;ue_4;adas;25.631089218479612;25.631089218479612;25.634801551385674;0.003712332906061988;1
25.937365074279185;ue_2;adas;25.935929802488857;25.935929802488857;25.937365074279185;0.0014352717903278744;1
25.98878370796303;ue_9;adas;25.987127695050685;25.987127695050685;25.98878370796303;0.001656012912345517;1
25.989799565576217;ue_5;adas;25.98836429378589;25.98836429378589;25.989799565576217;0.0014352717903278744;1
25.990730967057722;ue_6;adas;25.989030420726884;25.989030420726884;25.990730967057722;0.0017005463308379376;1
26.004072381718593;ue_7;adas;26.002371835387756;26.002371835387756;26.004072381718593;0.0017005463308379376;1
26.013126757661887;ue_8;adas;26.01169148587156;26.01169148587156;26.013126757661887;0.0014352717903278744;1
26.06935901741891;ue_3;adas;26.066746426126596;26.066746426126596;26.06935901741891;0.0026125912923156136;1
26.07436380534489;ue_0;adas;26.072237565829898;26.072237565829898;26.07436380534489;0.0021262395149932445;1
26.08224919118473;ue_1;adas;26.08129905256338;26.08129905256338;26.08224919118473;0.0009501386213486285;1
26.134801551385674;ue_4;adas;26.131089218479612;26.131089218479612;26.134801551385674;0.003712332906061988;1
26.437365074279185;ue_2;adas;26.435929802488857;26.435929802488857;26.437365074279185;0.0014352717903278744;1
26.48878370796303;ue_9;adas;26.487127695050685;26.487127695050685;26.48878370796303;0.001656012912345517;1
26.489799565576217;ue_5;adas;26.48836429378589;26.48836429378589;26.489799565576217;0.0014352717903278744;1
26.490730967057722;ue_6;adas;26.489030420726884;26.489030420726884;26.490730967057722;0.0017005463308379376;1
26.504072381718593;ue_7;adas;26.502371835387756;26.502371835387756;26.504072381718593;0.0017005463308379376;1
26.513126757661887;ue_8;adas;26.51169148587156;26.51169148587156;26.513126757661887;0.0014352717903278744;1
26.56935901741891;ue_3;adas;26.566746426126596;26.566746426126596;26.56935901741891;0.0026125912923156136;1
26.57436380534489;ue_0;adas;26.572237565829898;26.572237565829898;26.57436380534489;0.0021262395149932445;1
26.58224919118473;ue_1;adas;26.58129905256338;26.58129905256338;26.58224919118473;0.0009501386213486285;1
26.634801551385674;ue_4;adas;26.631089218479612;26.631089218479612;26.634801551385674;0.003712332906061988;1
26.937365074279185;ue_2;adas;26.935929802488857;26.935929802488857;26.937365074279185;0.0014352717903278744;1
26.98878370796303;ue_9;adas;26.987127695050685;26.987127695050685;26.98878370796303;0.001656012912345517;1
26.989799565576217;ue_5;adas;26.98836429378589;26.98836429378589;26.989799565576217;0.0014352717903278744;1
26.990730967057722;ue_6;adas;26.989030420726884;26.989030420726884;26.990730967057722;0.0017005463308379376;1
27.004072381718593;ue_7;adas;27.002371835387756;27.002371835387756;27.004072381718593;0.0017005463308379376;1
27.013126757661887;ue_8;adas;27.01169148587156;27.01169148587156;27.013126757661887;0.0014352717903278744;1
27.06935901741891;ue_3;adas;27.066746426126596;27.066746426126596;27.06935901741891;0.0026125912923156136;1
27.07436380534489;ue_0;adas;27.072237565829898;27.072237565829898;27.07436380534489;0.0021262395149932445;1
27.08224919118473;ue_1;adas;27.08129905256338;27.08129905256338;27.08224919118473;0.0009501386213486285;1
27.134801551385674;ue_4;adas;27.131089218479612;27.131089218479612;27.134801551385674;0.003712332906061988;1
27.437365074279185;ue_2;adas;27.435929802488857;27.435929802488857;27.437365074279185;0.0014352717903278744;1
27.48878370796303;ue_9;adas;27.487127695050685;27.487127695050685;27.48878370796303;0.001656012912345517;1
27.489799565576217;ue_5;adas;27.48836429378589;27.48836429378589;27.489799565576217;0.0014352717903278744;1
27.490730967057722;ue_6;adas;27.489030420726884;27.489030420726884;27.490730967057722;0.0017005463308379376;1
27.504072381718593;ue_7;adas;27.502371835387756;27.502371835387756;27.504072381718593;0.0017005463308379376;1
27.513126757661887;ue_8;adas;27.51169148587156;27.51169148587156;27.513126757661887;0.0014352717903278744;1
27.56935901741891;ue_3;adas;27.566746426126596;27.566746426126596;27.56935901741891;0.0026125912923156136;1
27.57436380534489;ue_0;adas;27.572237565829898;27.572237565829898;27.57436380534489;0.0021262395149932445;1
27.58224919118473;ue_1;adas;27.58129905256338;27.58129905256338;27.58224919118473;0.0009501386213486285;1
27.634801551385674;ue_4;adas;27.631089218479612;27.631089218479612;27.634801551385674;0.003712332906061988;1
27.937365074279185;ue_2;adas;27.935929802488857;27.935929802488857;27.937365074279185;0.0014352717903278744;1
27.98878370796303;ue_9;adas;27.987127695050685;27.987127695050685;27.98878370796303;0.001656012912345517;1
27.989799565576217;ue_5;adas;27.98836429378589;27.98836429378589;27.989799565576217;0.0014352717903278744;1
27.990730967057722;ue_6;adas;27.989030420726884;27.989030420726884;27.990730967057722;0.0017005463308379376;1
28.004072381718593;ue_7;adas;28.002371835387756;28.002371835387756;28.004072381718593;0.0017005463308379376;1
28.013126757661887;ue_8;adas;28.01169148587156;28.01169148587156;28.013126757661887;0.0014352717903278744;1
28.06935901741891;ue_3;adas;28.066746426126596;28.066746426126596;28.06935901741891;0.0026125912923156136;1
28.07436380534489;ue_0;adas;28.072237565829898;28.072237565829898;28.07436380534489;0.0021262395149932445;1
28.08224919118473;ue_1;adas;28.08129905256338;28.08129905256338;28.08224919118473;0.0009501386213486285;1
28.134801551385674;ue_4;adas;28.131089218479612;28.131089218479612;28.134801551385674;0.003712332906061988;1
28.437365074279185;ue_2;adas;28.435929802488857;28.435929802488857;28.437365074279185;0.0014352717903278744;1
28.48878370796303;ue_9;adas;28.487127695050685;28.487127695050685;28.48878370796303;0.001656012912345517;1
28.489799565576217;ue_5;adas;28.48836429378589;28.48836429378589;28.489799565576217;0.0014352717903278744;1
28.490730967057722;ue_6;adas;28.489030420726884;28.489030420726884;28.490730967057722;0.0017005463308379376;1
28.504072381718593;ue_7;adas;28.502371835387756;28.502371835387756;28.504072381718593;0.0017005463308379376;1
28.513126757661887;ue_8;adas;28.51169148587156;28.51169148587156;28.513126757661887;0.0014352717903278744;1
28.56935901741891;ue_3;adas;28.566746426126596;28.566746426126596;28.56935901741891;0.0026125912923156136;1
28.57436380534489;ue_0;adas;28.572237565829898;28.572237565829898;28.57436380534489;0.0021262395149932445;1
28.58224919118473;ue_1;adas;28.58129905256338;28.58129905256338;28.58224919118473;0.0009501386213486285;1
28.634801551385674;ue_4;adas;28.631089218479612;28.631089218479612;28.634801551385674;0.003712332906061988;1
28.937365074279185;ue_2;adas;28.935929802488857;28.935929802488857;28.937365074279185;0.0014352717903278744;1
28.98878370796303;ue_9;adas;28.987127695050685;28.987127695050685;28.98878370796303;0.001656012912345517;1
28.989799565576217;ue_5;adas;28.98836429378589;28.98836429378589;28.989799565576217;0.0014352717903278744;1
28.990730967057722;ue_6;adas;28.989030420726884;28.989030420726884;28.990730967057722;0.0017005463308379376;1
29.004072381718593;ue_7;adas;29.002371835387756;29.002371835387756;29.004072381718593;0.0017005463308379376;1
29.013126757661887;ue_8;adas;29.01169148587156;29.01169148587156;29.013126757661887;0.0014352717903278744;1
29.06935901741891;ue_3;adas;29.066746426126596;29.066746426126596;29.06935901741891;0.0026125912923156136;1
29.07436380534489;ue_0;adas;29.072237565829898;29.072237565829898;29.07436380534489;0.0021262395149932445;1
29.08224919118473;ue_1;adas;29.08129905256338;29.08129905256338;29.08224919118473;0.0009501386213486285;1
29.134801551385674;ue_4;adas;29.131089218479612;29.131089218479612;29.134801551385674;0.003712332906061988;1
29.437365074279185;ue_2;adas;29.435929802488857;29.435929802488857;29.437365074279185;0.0014352717903278744;1
29.48878370796303;ue_9;adas;29.487127695050685;29.487127695050685;29.48878370796303;0.001656012912345517;1
29.489799565576217;ue_5;adas;29.48836429378589;29.48836429378589;29.489799565576217;0.0014352717903278744;1
29.490730967057722;ue_6;adas;29.489030420726884;29.489030420726884;29.490730967057722;0.0017005463308379376;1
29.504072381718593;ue_7;adas;29.502371835387756;29.502371835387756;29.504072381718593;0.0017005463308379376;1
29.513126757661887;ue_8;adas;29.51169148587156;29.51169148587156;29.513126757661887;0.0014352717903278744;1
29.56935901741891;ue_3;adas;29.566746426126596;29.566746426126596;29.56935901741891;0.0026125912923156136;1
29.57436380534489;ue_0;adas;29.572237565829898;29.572237565829898;29.57436380534489;0.0021262395149932445;1
29.58224919118473;ue_1;adas;29.58129905256338;29.58129905256338;29.58224919118473;0.0009501386213486285;1
29.634801551385674;ue_4;adas;29.631089218479612;29.631089218479612;29.634801551385674;0.003712332906061988;1
29.937365074279185;ue_2;adas;29.935929802488857;29.935929802488857;29.937365074279185;0.0014352717903278744;1
29.98878370796303;ue_9;adas;29.987127695050685;29.987127695050685;29.98878370796303;0.001656012912345517;1
29.989799565576217;ue_5;adas;29.98836429378589;29.98836429378589;29.989799565576217;0.0014352717903278744;1
29.990730967057722;ue_6;adas;29.989030420726884;29.989030420726884;29.990730967057722;0.0017005463308379376;1
