time;ue_id;ap_id;mcs_index;efficiency;bandwidth;rate
1.0023718353877578;ue_7;ap_9;0;0.2344;100000000.0;23440000.0
1.0023718353877578;ue_7;ap_9;16;4.2129;100000000.0;421290000.00000006
1.011691485871557;ue_8;ap_6;0;0.2344;100000000.0;23440000.0
1.011691485871557;ue_8;ap_6;11;2.7305;100000000.0;273050000.0
1.0667464261265966;ue_3;ap_0;0;0.2344;100000000.0;23440000.0
1.0667464261265966;ue_3;ap_0;11;2.7305;100000000.0;273050000.0
1.0722375658298975;ue_0;ap_5;0;0.2344;100000000.0;23440000.0
1.0722375658298975;ue_0;ap_5;24;6.5703;100000000.0;657030000.0
1.0812990525633788;ue_1;ap_4;0;0.2344;100000000.0;23440000.0
1.0812990525633788;ue_1;ap_4;25;6.9141;100000000.0;691410000.0
1.1310892184796115;ue_3;ap_0;11;2.7305;50000000.0;136525000.0
1.1310892184796115;ue_4;ap_0;0;0.2344;50000000.0;11720000.0
1.1310892184796115;ue_3;ap_0;11;2.7305;50000000.0;136525000.0
1.1310892184796115;ue_4;ap_0;15;3.9023;50000000.0;195115000.0
1.1310892184796115;ue_3;ap_0;11;2.7305;50000000.0;136525000.0
1.1310892184796115;ue_4;ap_0;18;4.8164;50000000.0;240820000.0
1.1310892184796115;ue_3;ap_0;11;2.7305;50000000.0;136525000.0
1.1310892184796115;ue_4;ap_0;15;3.9023;50000000.0;195115000.0
1.1310892184796115;ue_3;ap_0;11;2.7305;50000000.0;136525000.0
1.1310892184796115;ue_4;ap_0;18;4.8164;50000000.0;240820000.0
1.1310892184796115;ue_3;ap_0;11;2.7305;50000000.0;136525000.0
1.1310892184796115;ue_4;ap_0;15;3.9023;50000000.0;195115000.0
1.2667464261265966;ue_3;ap_0;14;3.6094;50000000.0;180470000.0
1.2667464261265966;ue_4;ap_0;15;3.9023;50000000.0;195115000.0
1.2667464261265966;ue_3;ap_0;11;2.7305;50000000.0;136525000.0
1.2667464261265966;ue_4;ap_0;15;3.9023;50000000.0;195115000.0
1.2704087590326578;ue_3;ap_0;14;3.6094;50000000.0;180470000.0
1.2704087590326578;ue_4;ap_0;15;3.9023;50000000.0;195115000.0
1.2704087590326578;ue_3;ap_0;11;2.7305;50000000.0;136525000.0
1.2704087590326578;ue_4;ap_0;15;3.9023;50000000.0;195115000.0
1.274071091938719;ue_3;ap_0;14;3.6094;50000000.0;180470000.0
1.274071091938719;ue_4;ap_0;15;3.9023;50000000.0;195115000.0
1.274071091938719;ue_3;ap_0;11;2.7305;50000000.0;136525000.0
1.274071091938719;ue_4;ap_0;15;3.9023;50000000.0;195115000.0
1.3310892184796115;ue_3;ap_0;11;2.7305;50000000.0;136525000.0
1.3310892184796115;ue_4;ap_0;18;4.8164;50000000.0;240820000.0
1.3310892184796115;ue_3;ap_0;11;2.7305;50000000.0;136525000.0
1.3310892184796115;ue_4;ap_0;15;3.9023;50000000.0;195115000.0
1.3336518097719263;ue_3;ap_0;11;2.7305;50000000.0;136525000.0
1.3336518097719263;ue_4;ap_0;18;4.8164;50000000.0;240820000.0
1.3336518097719263;ue_3;ap_0;11;2.7305;50000000.0;136525000.0
1.3336518097719263;ue_4;ap_0;15;3.9023;50000000.0;195115000.0
1.435929802488856;ue_2;ap_7;0;0.2344;100000000.0;23440000.0
1.435929802488856;ue_2;ap_7;11;2.7305;100000000.0;273050000.0
1.4871276950506847;ue_0;ap_5;24;6.5703;50000000.0;328515000.0
1.4871276950506847;ue_9;ap_5;0;0.2344;50000000.0;11720000.0
1.4871276950506847;ue_0;ap_5;24;6.5703;50000000.0;328515000.0
1.4871276950506847;ue_9;ap_5;23;6.2266;50000000.0;311330000.0
1.4871276950506847;ue_0;ap_5;24;6.5703;50000000.0;328515000.0
1.4871276950506847;ue_9;ap_5;27;7.4063;50000000.0;370315000.0
1.4871276950506847;ue_0;ap_5;24;6.5703;50000000.0;328515000.0
1.4871276950506847;ue_9;ap_5;23;6.2266;50000000.0;311330000.0
1.4871276950506847;ue_0;ap_5;24;6.5703;50000000.0;328515000.0
1.4871276950506847;ue_9;ap_5;27;7.4063;50000000.0;370315000.0
1.4871276950506847;ue_0;ap_5;24;6.5703;50000000.0;328515000.0
1.4871276950506847;ue_9;ap_5;23;6.2266;50000000.0;311330000.0
1.4883642937858899;ue_5;ap_1;0;0.2344;100000000.0;23440000.0
1.4883642937858899;ue_5;ap_1;11;2.7305;100000000.0;273050000.0
1.4890304207268819;ue_6;ap_8;0;0.2344;100000000.0;23440000.0
1.4890304207268819;ue_6;ap_8;16;4.2129;100000000.0;421290000.00000006
1.5704087590326579;ue_3;ap_0;14;3.6094;50000000.0;180470000.0
1.5704087590326579;ue_4;ap_0;15;3.9023;50000000.0;195115000.0
1.5704087590326579;ue_3;ap_0;11;2.7305;50000000.0;136525000.0
1.5704087590326579;ue_4;ap_0;15;3.9023;50000000.0;195115000.0
1.5737595663473776;ue_0;ap_5;27;7.4063;50000000.0;370315000.0
1.5737595663473776;ue_9;ap_5;23;6.2266;50000000.0;311330000.0
1.5737595663473776;ue_0;ap_5;24;6.5703;50000000.0;328515000.0
1.5737595663473776;ue_9;ap_5;23;6.2266;50000000.0;311330000.0
1.6336518097719264;ue_3;ap_0;11;2.7305;50000000.0;136525000.0
1.6336518097719264;ue_4;ap_0;18;4.8164;50000000.0;240820000.0
1.6336518097719264;ue_3;ap_0;11;2.7305;50000000.0;136525000.0
1.6336518097719264;ue_4;ap_0;15;3.9023;50000000.0;195115000.0
1.6871276950506846;ue_0;ap_5;24;6.5703;50000000.0;328515000.0
1.6871276950506846;ue_9;ap_5;27;7.4063;50000000.0;370315000.0
1.6871276950506846;ue_0;ap_5;24;6.5703;50000000.0;328515000.0
1.6871276950506846;ue_9;ap_5;23;6.2266;50000000.0;311330000.0
1.6887337079630285;ue_0;ap_5;24;6.5703;50000000.0;328515000.0
1.6887337079630285;ue_9;ap_5;27;7.4063;50000000.0;370315000.0
1.6887337079630285;ue_0;ap_5;24;6.5703;50000000.0;328515000.0
1.6887337079630285;ue_9;ap_5;23;6.2266;50000000.0;311330000.0
1.9887337079630285;ue_0;ap_5;24;6.5703;50000000.0;328515000.0
1.9887337079630285;ue_9;ap_5;27;7.4063;50000000.0;370315000.0
1.9887337079630285;ue_0;ap_5;24;6.5703;50000000.0;328515000.0
1.9887337079630285;ue_9;ap_5;23;6.2266;50000000.0;311330000.0
2.0704087590326576;ue_3;ap_0;14;3.6094;50000000.0;180470000.0
2.0704087590326576;ue_4;ap_0;15;3.9023;50000000.0;195115000.0
2.0704087590326576;ue_3;ap_0;11;2.7305;50000000.0;136525000.0
2.0704087590326576;ue_4;ap_0;15;3.9023;50000000.0;195115000.0
2.073759566347378;ue_0;ap_5;27;7.4063;50000000.0;370315000.0
2.073759566347378;ue_9;ap_5;23;6.2266;50000000.0;311330000.0
2.073759566347378;ue_0;ap_5;24;6.5703;50000000.0;328515000.0
2.073759566347378;ue_9;ap_5;23;6.2266;50000000.0;311330000.0
2.1336518097719264;ue_3;ap_0;11;2.7305;50000000.0;136525000.0
2.1336518097719264;ue_4;ap_0;18;4.8164;50000000.0;240820000.0
2.1336518097719264;ue_3;ap_0;11;2.7305;50000000.0;136525000.0
2.1336518097719264;ue_4;ap_0;15;3.9023;50000000.0;195115000.0
2.4887337079630285;ue_0;ap_5;24;6.5703;50000000.0;328515000.0
2.4887337079630285;ue_9;ap_5;27;7.4063;50000000.0;370315000.0
2.4887337079630285;ue_0;ap_5;24;6.5703;50000000.0;328515000.0
2.4887337079630285;ue_9;ap_5;23;6.2266;50000000.0;311330000.0
2.5704087590326576;ue_3;ap_0;14;3.6094;50000000.0;180470000.0
2.5704087590326576;ue_4;ap_0;15;3.9023;50000000.0;195115000.0
2.5704087590326576;ue_3;ap_0;11;2.7305;50000000.0;136525000.0
2.5704087590326576;ue_4;ap_0;15;3.9023;50000000.0;195115000.0
2.573759566347378;ue_0;ap_5;27;7.4063;50000000.0;370315000.0
2.573759566347378;ue_9;ap_5;23;6.2266;50000000.0;311330000.0
2.573759566347378;ue_0;ap_5;24;6.5703;50000000.0;328515000.0
2.573759566347378;ue_9;ap_5;23;6.2266;50000000.0;311330000.0
2.6336518097719264;ue_3;ap_0;11;2.7305;50000000.0;136525000.0
2.6336518097719264;ue_4;ap_0;18;4.8164;50000000.0;240820000.0
2.6336518097719264;ue_3;ap_0;11;2.7305;50000000.0;136525000.0
2.6336518097719264;ue_4;ap_0;15;3.9023;50000000.0;195115000.0
2.9887337079630285;ue_0;ap_5;24;6.5703;50000000.0;328515000.0
2.9887337079630285;ue_9;ap_5;27;7.4063;50000000.0;370315000.0
2.9887337079630285;ue_0;ap_5;24;6.5703;50000000.0;328515000.0
2.9887337079630285;ue_9;ap_5;23;6.2266;50000000.0;311330000.0
3.0704087590326576;ue_3;ap_0;14;3.6094;50000000.0;180470000.0
3.0704087590326576;ue_4;ap_0;15;3.9023;50000000.0;195115000.0
3.0704087590326576;ue_3;ap_0;11;2.7305;50000000.0;136525000.0
3.0704087590326576;ue_4;ap_0;15;3.9023;50000000.0;195115000.0
3.073759566347378;ue_0;ap_5;27;7.4063;50000000.0;370315000.0
3.073759566347378;ue_9;ap_5;23;6.2266;50000000.0;311330000.0
3.073759566347378;ue_0;ap_5;24;6.5703;50000000.0;328515000.0
3.073759566347378;ue_9;ap_5;23;6.2266;50000000.0;311330000.0
3.1336518097719264;ue_3;ap_0;11;2.7305;50000000.0;136525000.0
3.1336518097719264;ue_4;ap_0;18;4.8164;50000000.0;240820000.0
3.1336518097719264;ue_3;ap_0;11;2.7305;50000000.0;136525000.0
3.1336518097719264;ue_4;ap_0;15;3.9023;50000000.0;195115000.0
3.4887337079630285;ue_0;ap_5;24;6.5703;50000000.0;328515000.0
3.4887337079630285;ue_9;ap_5;27;7.4063;50000000.0;370315000.0
3.4887337079630285;ue_0;ap_5;24;6.5703;50000000.0;328515000.0
3.4887337079630285;ue_9;ap_5;23;6.2266;50000000.0;311330000.0
3.5704087590326576;ue_3;ap_0;14;3.6094;50000000.0;180470000.0
3.5704087590326576;ue_4;ap_0;15;3.9023;50000000.0;195115000.0
3.5704087590326576;ue_3;ap_0;11;2.7305;50000000.0;136525000.0
3.5704087590326576;ue_4;ap_0;15;3.9023;50000000.0;195115000.0
3.573759566347378;ue_0;ap_5;27;7.4063;50000000.0;370315000.0
3.573759566347378;ue_9;ap_5;23;6.2266;50000000.0;311330000.0
3.573759566347378;ue_0;ap_5;24;6.5703;50000000.0;328515000.0
3.573759566347378;ue_9;ap_5;23;6.2266;50000000.0;311330000.0
3.6336518097719264;ue_3;ap_0;11;2.7305;50000000.0;136525000.0
3.6336518097719264;ue_4;ap_0;18;4.8164;50000000.0;240820000.0
3.6336518097719264;ue_3;ap_0;11;2.7305;50000000.0;136525000.0
3.6336518097719264;ue_4;ap_0;15;3.9023;50000000.0;195115000.0
3.9887337079630285;ue_0;ap_5;24;6.5703;50000000.0;328515000.0
3.9887337079630285;ue_9;ap_5;27;7.4063;50000000.0;370315000.0
3.9887337079630285;ue_0;ap_5;24;6.5703;50000000.0;328515000.0
3.9887337079630285;ue_9;ap_5;23;6.2266;50000000.0;311330000.0
4.070408759032658;ue_3;ap_0;14;3.6094;50000000.0;180470000.0
4.070408759032658;ue_4;ap_0;15;3.9023;50000000.0;195115000.0
4.070408759032658;ue_3;ap_0;11;2.7305;50000000.0;136525000.0
4.070408759032658;ue_4;ap_0;15;3.9023;50000000.0;195115000.0
4.073759566347378;ue_0;ap_5;27;7.4063;50000000.0;370315000.0
4.073759566347378;ue_9;ap_5;23;6.2266;50000000.0;311330000.0
4.073759566347378;ue_0;ap_5;24;6.5703;50000000.0;328515000.0
4.073759566347378;ue_9;ap_5;23;6.2266;50000000.0;311330000.0
4.133651809771926;ue_3;ap_0;11;2.7305;50000000.0;136525000.0
4.133651809771926;ue_4;ap_0;18;4.8164;50000000.0;240820000.0
4.133651809771926;ue_3;ap_0;11;2.7305;50000000.0;136525000.0
4.133651809771926;ue_4;ap_0;15;3.9023;50000000.0;195115000.0
4.4887337079630285;ue_0;ap_5;24;6.5703;50000000.0;328515000.0
4.4887337079630285;ue_9;ap_5;27;7.4063;50000000.0;370315000.0
4.4887337079630285;ue_0;ap_5;24;6.5703;50000000.0;328515000.0
4.4887337079630285;ue_9;ap_5;23;6.2266;50000000.0;311330000.0
4.570408759032658;ue_3;ap_0;14;3.6094;50000000.0;180470000.0
4.570408759032658;ue_4;ap_0;15;3.9023;50000000.0;195115000.0
4.570408759032658;ue_3;ap_0;11;2.7305;50000000.0;136525000.0
4.570408759032658;ue_4;ap_0;15;3.9023;50000000.0;195115000.0
4.573759566347378;ue_0;ap_5;27;7.4063;50000000.0;370315000.0
4.573759566347378;ue_9;ap_5;23;6.2266;50000000.0;311330000.0
4.573759566347378;ue_0;ap_5;24;6.5703;50000000.0;328515000.0
4.573759566347378;ue_9;ap_5;23;6.2266;50000000.0;311330000.0
4.633651809771926;ue_3;ap_0;11;2.7305;50000000.0;136525000.0
4.633651809771926;ue_4;ap_0;18;4.8164;50000000.0;240820000.0
4.633651809771926;ue_3;ap_0;11;2.7305;50000000.0;136525000.0
4.633651809771926;ue_4;ap_0;15;3.9023;50000000.0;195115000.0
4.9887337079630285;ue_0;ap_5;24;6.5703;50000000.0;328515000.0
4.9887337079630285;ue_9;ap_5;27;7.4063;50000000.0;370315000.0
4.9887337079630285;ue_0;ap_5;24;6.5703;50000000.0;328515000.0
4.9887337079630285;ue_9;ap_5;23;6.2266;50000000.0;311330000.0
5.0;ue_3;ap_0;12;3.0293;50000000.0;151465000.0
5.0;ue_4;ap_0;14;3.6094;50000000.0;180470000.0
5.0;ue_0;ap_5;23;6.2266;50000000.0;311330000.0
5.0;ue_9;ap_5;24;6.5703;50000000.0;328515000.0
5.0;ue_8;ap_6;12;3.0293;100000000.0;302930000.0
5.0;ue_6;ap_8;15;3.9023;100000000.0;390230000.0
5.0;ue_7;ap_9;15;3.9023;100000000.0;390230000.0
5.070047518788267;ue_3;ap_0;15;3.9023;50000000.0;195115000.0
5.070047518788267;ue_4;ap_0;14;3.6094;50000000.0;180470000.0
5.070047518788267;ue_3;ap_0;12;3.0293;50000000.0;151465000.0
5.070047518788267;ue_4;ap_0;14;3.6094;50000000.0;180470000.0
5.073843578742242;ue_0;ap_5;27;7.4063;50000000.0;370315000.0
5.073843578742242;ue_9;ap_5;24;6.5703;50000000.0;328515000.0
5.073843578742242;ue_0;ap_5;23;6.2266;50000000.0;311330000.0
5.073843578742242;ue_9;ap_5;24;6.5703;50000000.0;328515000.0
5.133859762060262;ue_3;ap_0;12;3.0293;50000000.0;151465000.0
5.133859762060262;ue_4;ap_0;17;4.5234;50000000.0;226169999.99999997
5.133859762060262;ue_3;ap_0;12;3.0293;50000000.0;151465000.0
5.133859762060262;ue_4;ap_0;14;3.6094;50000000.0;180470000.0
5.4886496955681645;ue_0;ap_5;23;6.2266;50000000.0;311330000.0
5.4886496955681645;ue_9;ap_5;27;7.4063;50000000.0;370315000.0
5.4886496955681645;ue_0;ap_5;23;6.2266;50000000.0;311330000.0
5.4886496955681645;ue_9;ap_5;24;6.5703;50000000.0;328515000.0
5.570047518788267;ue_3;ap_0;15;3.9023;50000000.0;195115000.0
5.570047518788267;ue_4;ap_0;14;3.6094;50000000.0;180470000.0
5.570047518788267;ue_3;ap_0;12;3.0293;50000000.0;151465000.0
5.570047518788267;ue_4;ap_0;14;3.6094;50000000.0;180470000.0
5.573843578742242;ue_0;ap_5;27;7.4063;50000000.0;370315000.0
5.573843578742242;ue_9;ap_5;24;6.5703;50000000.0;328515000.0
5.573843578742242;ue_0;ap_5;23;6.2266;50000000.0;311330000.0
5.573843578742242;ue_9;ap_5;24;6.5703;50000000.0;328515000.0
5.633859762060262;ue_3;ap_0;12;3.0293;50000000.0;151465000.0
5.633859762060262;ue_4;ap_0;17;4.5234;50000000.0;226169999.99999997
5.633859762060262;ue_3;ap_0;12;3.0293;50000000.0;151465000.0
5.633859762060262;ue_4;ap_0;14;3.6094;50000000.0;180470000.0
5.9886496955681645;ue_0;ap_5;23;6.2266;50000000.0;311330000.0
5.9886496955681645;ue_9;ap_5;27;7.4063;50000000.0;370315000.0
5.9886496955681645;ue_0;ap_5;23;6.2266;50000000.0;311330000.0
5.9886496955681645;ue_9;ap_5;24;6.5703;50000000.0;328515000.0
6.070047518788267;ue_3;ap_0;15;3.9023;50000000.0;195115000.0
6.070047518788267;ue_4;ap_0;14;3.6094;50000000.0;180470000.0
6.070047518788267;ue_3;ap_0;12;3.0293;50000000.0;151465000.0
6.070047518788267;ue_4;ap_0;14;3.6094;50000000.0;180470000.0
6.073843578742242;ue_0;ap_5;27;7.4063;50000000.0;370315000.0
6.073843578742242;ue_9;ap_5;24;6.5703;50000000.0;328515000.0
6.073843578742242;ue_0;ap_5;23;6.2266;50000000.0;311330000.0
6.073843578742242;ue_9;ap_5;24;6.5703;50000000.0;328515000.0
6.133859762060262;ue_3;ap_0;12;3.0293;50000000.0;151465000.0
6.133859762060262;ue_4;ap_0;17;4.5234;50000000.0;226169999.99999997
6.133859762060262;ue_3;ap_0;12;3.0293;50000000.0;151465000.0
6.133859762060262;ue_4;ap_0;14;3.6094;50000000.0;180470000.0
6.4886496955681645;ue_0;ap_5;23;6.2266;50000000.0;311330000.0
6.4886496955681645;ue_9;ap_5;27;7.4063;50000000.0;370315000.0
6.4886496955681645;ue_0;ap_5;23;6.2266;50000000.0;311330000.0
6.4886496955681645;ue_9;ap_5;24;6.5703;50000000.0;328515000.0
6.570047518788267;ue_3;ap_0;15;3.9023;50000000.0;195115000.0
6.570047518788267;ue_4;ap_0;14;3.6094;50000000.0;180470000.0
6.570047518788267;ue_3;ap_0;12;3.0293;50000000.0;151465000.0
6.570047518788267;ue_4;ap_0;14;3.6094;50000000.0;180470000.0
6.573843578742242;ue_0;ap_5;27;7.4063;50000000.0;370315000.0
6.573843578742242;ue_9;ap_5;24;6.5703;50000000.0;328515000.0
6.573843578742242;ue_0;ap_5;23;6.2266;50000000.0;311330000.0
6.573843578742242;ue_9;ap_5;24;6.5703;50000000.0;328515000.0
6.633859762060262;ue_3;ap_0;12;3.0293;50000000.0;151465000.0
6.633859762060262;ue_4;ap_0;17;4.5234;50000000.0;226169999.99999997
6.633859762060262;ue_3;ap_0;12;3.0293;50000000.0;151465000.0
6.633859762060262;ue_4;ap_0;14;3.6094;50000000.0;180470000.0
6.9886496955681645;ue_0;ap_5;23;6.2266;50000000.0;311330000.0
6.9886496955681645;ue_9;ap_5;27;7.4063;50000000.0;370315000.0
6.9886496955681645;ue_0;ap_5;23;6.2266;50000000.0;311330000.0
6.9886496955681645;ue_9;ap_5;24;6.5703;50000000.0;328515000.0
7.070047518788267;ue_3;ap_0;15;3.9023;50000000.0;195115000.0
7.070047518788267;ue_4;ap_0;14;3.6094;50000000.0;180470000.0
7.070047518788267;ue_3;ap_0;12;3.0293;50000000.0;151465000.0
7.070047518788267;ue_4;ap_0;14;3.6094;50000000.0;180470000.0
7.073843578742242;ue_0;ap_5;27;7.4063;50000000.0;370315000.0
7.073843578742242;ue_9;ap_5;24;6.5703;50000000.0;328515000.0
7.073843578742242;ue_0;ap_5;23;6.2266;50000000.0;311330000.0
7.073843578742242;ue_9;ap_5;24;6.5703;50000000.0;328515000.0
7.133859762060262;ue_3;ap_0;12;3.0293;50000000.0;151465000.0
7.133859762060262;ue_4;ap_0;17;4.5234;50000000.0;226169999.99999997
7.133859762060262;ue_3;ap_0;12;3.0293;50000000.0;151465000.0
7.133859762060262;ue_4;ap_0;14;3.6094;50000000.0;180470000.0
7.4886496955681645;ue_0;ap_5;23;6.2266;50000000.0;311330000.0
7.4886496955681645;ue_9;ap_5;27;7.4063;50000000.0;370315000.0
7.4886496955681645;ue_0;ap_5;23;6.2266;50000000.0;311330000.0
7.4886496955681645;ue_9;ap_5;24;6.5703;50000000.0;328515000.0
7.570047518788267;ue_3;ap_0;15;3.9023;50000000.0;195115000.0
7.570047518788267;ue_4;ap_0;14;3.6094;50000000.0;180470000.0
7.570047518788267;ue_3;ap_0;12;3.0293;50000000.0;151465000.0
7.570047518788267;ue_4;ap_0;14;3.6094;50000000.0;180470000.0
7.573843578742242;ue_0;ap_5;27;7.4063;50000000.0;370315000.0
7.573843578742242;ue_9;ap_5;24;6.5703;50000000.0;328515000.0
7.573843578742242;ue_0;ap_5;23;6.2266;50000000.0;311330000.0
7.573843578742242;ue_9;ap_5;24;6.5703;50000000.0;328515000.0
7.633859762060262;ue_3;ap_0;12;3.0293;50000000.0;151465000.0
7.633859762060262;ue_4;ap_0;17;4.5234;50000000.0;226169999.99999997
7.633859762060262;ue_3;ap_0;12;3.0293;50000000.0;151465000.0
7.633859762060262;ue_4;ap_0;14;3.6094;50000000.0;180470000.0
7.9886496955681645;ue_0;ap_5;23;6.2266;50000000.0;311330000.0
7.9886496955681645;ue_9;ap_5;27;7.4063;50000000.0;370315000.0
7.9886496955681645;ue_0;ap_5;23;6.2266;50000000.0;311330000.0
7.9886496955681645;ue_9;ap_5;24;6.5703;50000000.0;328515000.0
8.070047518788266;ue_3;ap_0;15;3.9023;50000000.0;195115000.0
8.070047518788266;ue_4;ap_0;14;3.6094;50000000.0;180470000.0
8.070047518788266;ue_3;ap_0;12;3.0293;50000000.0;151465000.0
8.070047518788266;ue_4;ap_0;14;3.6094;50000000.0;180470000.0
8.073843578742242;ue_0;ap_5;27;7.4063;50000000.0;370315000.0
8.073843578742242;ue_9;ap_5;24;6.5703;50000000.0;328515000.0
8.073843578742242;ue_0;ap_5;23;6.2266;50000000.0;311330000.0
8.073843578742242;ue_9;ap_5;24;6.5703;50000000.0;328515000.0
8.133859762060263;ue_3;ap_0;12;3.0293;50000000.0;151465000.0
8.133859762060263;ue_4;ap_0;17;4.5234;50000000.0;226169999.99999997
8.133859762060263;ue_3;ap_0;12;3.0293;50000000.0;151465000.0
8.133859762060263;ue_4;ap_0;14;3.6094;50000000.0;180470000.0
8.488649695568165;ue_0;ap_5;23;6.2266;50000000.0;311330000.0
8.488649695568165;ue_9;ap_5;27;7.4063;50000000.0;370315000.0
8.488649695568165;ue_0;ap_5;23;6.2266;50000000.0;311330000.0
8.488649695568165;ue_9;ap_5;24;6.5703;50000000.0;328515000.0
8.570047518788266;ue_3;ap_0;15;3.9023;50000000.0;195115000.0
8.570047518788266;ue_4;ap_0;14;3.6094;50000000.0;180470000.0
8.570047518788266;ue_3;ap_0;12;3.0293;50000000.0;151465000.0
8.570047518788266;ue_4;ap_0;14;3.6094;50000000.0;180470000.0
8.573843578742242;ue_0;ap_5;27;7.4063;50000000.0;370315000.0
8.573843578742242;ue_9;ap_5;24;6.5703;50000000.0;328515000.0
8.573843578742242;ue_0;ap_5;23;6.2266;50000000.0;311330000.0
8.573843578742242;ue_9;ap_5;24;6.5703;50000000.0;328515000.0
8.633859762060263;ue_3;ap_0;12;3.0293;50000000.0;151465000.0
8.633859762060263;ue_4;ap_0;17;4.5234;50000000.0;226169999.99999997
8.633859762060263;ue_3;ap_0;12;3.0293;50000000.0;151465000.0
8.633859762060263;ue_4;ap_0;14;3.6094;50000000.0;180470000.0
8.988649695568165;ue_0;ap_5;23;6.2266;50000000.0;311330000.0
8.988649695568165;ue_9;ap_5;27;7.4063;50000000.0;370315000.0
8.988649695568165;ue_0;ap_5;23;6.2266;50000000.0;311330000.0
8.988649695568165;ue_9;ap_5;24;6.5703;50000000.0;328515000.0
9.070047518788266;ue_3;ap_0;15;3.9023;50000000.0;195115000.0
9.070047518788266;ue_4;ap_0;14;3.6094;50000000.0;180470000.0
9.070047518788266;ue_3;ap_0;12;3.0293;50000000.0;151465000.0
9.070047518788266;ue_4;ap_0;14;3.6094;50000000.0;180470000.0
9.073843578742242;ue_0;ap_5;27;7.4063;50000000.0;370315000.0
9.073843578742242;ue_9;ap_5;24;6.5703;50000000.0;328515000.0
9.073843578742242;ue_0;ap_5;23;6.2266;50000000.0;311330000.0
9.073843578742242;ue_9;ap_5;24;6.5703;50000000.0;328515000.0
9.133859762060263;ue_3;ap_0;12;3.0293;50000000.0;151465000.0
9.133859762060263;ue_4;ap_0;17;4.5234;50000000.0;226169999.99999997
9.133859762060263;ue_3;ap_0;12;3.0293;50000000.0;151465000.0
9.133859762060263;ue_4;ap_0;14;3.6094;50000000.0;180470000.0
9.488649695568165;ue_0;ap_5;23;6.2266;50000000.0;311330000.0
9.488649695568165;ue_9;ap_5;27;7.4063;50000000.0;370315000.0
9.488649695568165;ue_0;ap_5;23;6.2266;50000000.0;311330000.0
9.488649695568165;ue_9;ap_5;24;6.5703;50000000.0;328515000.0
9.570047518788266;ue_3;ap_0;15;3.9023;50000000.0;195115000.0
9.570047518788266;ue_4;ap_0;14;3.6094;50000000.0;180470000.0
9.570047518788266;ue_3;ap_0;12;3.0293;50000000.0;151465000.0
9.570047518788266;ue_4;ap_0;14;3.6094;50000000.0;180470000.0
9.573843578742242;ue_0;ap_5;27;7.4063;50000000.0;370315000.0
9.573843578742242;ue_9;ap_5;24;6.5703;50000000.0;328515000.0
9.573843578742242;ue_0;ap_5;23;6.2266;50000000.0;311330000.0
9.573843578742242;ue_9;ap_5;24;6.5703;50000000.0;328515000.0
9.633859762060263;ue_3;ap_0;12;3.0293;50000000.0;151465000.0
9.633859762060263;ue_4;ap_0;17;4.5234;50000000.0;226169999.99999997
9.633859762060263;ue_3;ap_0;12;3.0293;50000000.0;151465000.0
9.633859762060263;ue_4;ap_0;14;3.6094;50000000.0;180470000.0
9.988649695568165;ue_0;ap_5;23;6.2266;50000000.0;311330000.0
9.988649695568165;ue_9;ap_5;27;7.4063;50000000.0;370315000.0
9.988649695568165;ue_0;ap_5;23;6.2266;50000000.0;311330000.0
9.988649695568165;ue_9;ap_5;24;6.5703;50000000.0;328515000.0
10.0;ue_3;ap_0;12;3.0293;50000000.0;151465000.0
10.0;ue_4;ap_0;13;3.3223;50000000.0;166115000.0
10.0;ue_5;ap_1;12;3.0293;100000000.0;302930000.0
10.0;ue_1;ap_4;24;6.5703;100000000.0;657030000.0
10.0;ue_0;ap_5;22;5.8906;50000000.0;294530000.0
10.0;ue_9;ap_5;25;6.9141;50000000.0;345705000.0
10.0;ue_2;ap_7;12;3.0293;100000000.0;302930000.0
10.0;ue_6;ap_8;14;3.6094;100000000.0;360940000.0
10.070047518788266;ue_3;ap_0;16;4.2129;50000000.0;210645000.00000003
10.070047518788266;ue_4;ap_0;13;3.3223;50000000.0;166115000.0
10.070047518788266;ue_3;ap_0;12;3.0293;50000000.0;151465000.0
10.070047518788266;ue_4;ap_0;13;3.3223;50000000.0;166115000.0
10.073935185766747;ue_0;ap_5;25;6.9141;50000000.0;345705000.0
10.073935185766747;ue_9;ap_5;25;6.9141;50000000.0;345705000.0
10.073935185766747;ue_0;ap_5;22;5.8906;50000000.0;294530000.0
10.073935185766747;ue_9;ap_5;25;6.9141;50000000.0;345705000.0
10.134099181457067;ue_3;ap_0;12;3.0293;50000000.0;151465000.0
10.134099181457067;ue_4;ap_0;16;4.2129;50000000.0;210645000.00000003
10.134099181457067;ue_3;ap_0;12;3.0293;50000000.0;151465000.0
10.134099181457067;ue_4;ap_0;13;3.3223;50000000.0;166115000.0
10.488574014889855;ue_0;ap_5;22;5.8906;50000000.0;294530000.0
10.488574014889855;ue_9;ap_5;27;7.4063;50000000.0;370315000.0
10.488574014889855;ue_0;ap_5;22;5.8906;50000000.0;294530000.0
10.488574014889855;ue_9;ap_5;25;6.9141;50000000.0;345705000.0
10.570047518788266;ue_3;ap_0;16;4.2129;50000000.0;210645000.00000003
10.570047518788266;ue_4;ap_0;13;3.3223;50000000.0;166115000.0
10.570047518788266;ue_3;ap_0;12;3.0293;50000000.0;151465000.0
10.570047518788266;ue_4;ap_0;13;3.3223;50000000.0;166115000.0
10.573935185766747;ue_0;ap_5;25;6.9141;50000000.0;345705000.0
10.573935185766747;ue_9;ap_5;25;6.9141;50000000.0;345705000.0
10.573935185766747;ue_0;ap_5;22;5.8906;50000000.0;294530000.0
10.573935185766747;ue_9;ap_5;25;6.9141;50000000.0;345705000.0
10.634099181457067;ue_3;ap_0;12;3.0293;50000000.0;151465000.0
10.634099181457067;ue_4;ap_0;16;4.2129;50000000.0;210645000.00000003
10.634099181457067;ue_3;ap_0;12;3.0293;50000000.0;151465000.0
10.634099181457067;ue_4;ap_0;13;3.3223;50000000.0;166115000.0
10.988574014889855;ue_0;ap_5;22;5.8906;50000000.0;294530000.0
10.988574014889855;ue_9;ap_5;27;7.4063;50000000.0;370315000.0
10.988574014889855;ue_0;ap_5;22;5.8906;50000000.0;294530000.0
10.988574014889855;ue_9;ap_5;25;6.9141;50000000.0;345705000.0
11.070047518788266;ue_3;ap_0;16;4.2129;50000000.0;210645000.00000003
11.070047518788266;ue_4;ap_0;13;3.3223;50000000.0;166115000.0
11.070047518788266;ue_3;ap_0;12;3.0293;50000000.0;151465000.0
11.070047518788266;ue_4;ap_0;13;3.3223;50000000.0;166115000.0
11.073935185766747;ue_0;ap_5;25;6.9141;50000000.0;345705000.0
11.073935185766747;ue_9;ap_5;25;6.9141;50000000.0;345705000.0
11.073935185766747;ue_0;ap_5;22;5.8906;50000000.0;294530000.0
11.073935185766747;ue_9;ap_5;25;6.9141;50000000.0;345705000.0
11.134099181457067;ue_3;ap_0;12;3.0293;50000000.0;151465000.0
11.134099181457067;ue_4;ap_0;16;4.2129;50000000.0;210645000.00000003
11.134099181457067;ue_3;ap_0;12;3.0293;50000000.0;151465000.0
11.134099181457067;ue_4;ap_0;13;3.3223;50000000.0;166115000.0
11.266746426126597;ue_3;ap_0;16;4.2129;50000000.0;210645000.00000003
11.266746426126597;ue_4;ap_0;13;3.3223;50000000.0;166115000.0
11.266746426126597;ue_3;ap_0;12;3.0293;50000000.0;151465000.0
11.266746426126597;ue_4;ap_0;13;3.3223;50000000.0;166115000.0
11.272237565829897;ue_0;ap_5;25;6.9141;50000000.0;345705000.0
11.272237565829897;ue_9;ap_5;25;6.9141;50000000.0;345705000.0
11.272237565829897;ue_0;ap_5;22;5.8906;50000000.0;294530000.0
11.272237565829897;ue_9;ap_5;25;6.9141;50000000.0;345705000.0
11.331089218479612;ue_3;ap_0;12;3.0293;50000000.0;151465000.0
11.331089218479612;ue_4;ap_0;16;4.2129;50000000.0;210645000.00000003
11.331089218479612;ue_3;ap_0;12;3.0293;50000000.0;151465000.0
11.331089218479612;ue_4;ap_0;13;3.3223;50000000.0;166115000.0
11.402371835387758;;ap_9;0;0;0;0
11.411691485871556;;ap_6;0;0;0;0
11.466746426126596;ue_3;ap_0;16;4.2129;50000000.0;210645000.00000003
11.466746426126596;ue_4;ap_0;13;3.3223;50000000.0;166115000.0
11.466746426126596;ue_3;ap_0;12;3.0293;50000000.0;151465000.0
11.466746426126596;ue_4;ap_0;13;3.3223;50000000.0;166115000.0
11.466746426126596;ue_4;ap_0;13;3.3223;100000000.0;332230000.0
11.472237565829897;ue_0;ap_5;25;6.9141;50000000.0;345705000.0
11.472237565829897;ue_9;ap_5;25;6.9141;50000000.0;345705000.0
11.472237565829897;ue_0;ap_5;22;5.8906;50000000.0;294530000.0
11.472237565829897;ue_9;ap_5;25;6.9141;50000000.0;345705000.0
11.472237565829897;ue_9;ap_5;25;6.9141;100000000.0;691410000.0
11.481299052563378;;ap_4;0;0;0;0
11.531089218479611;;ap_0;0;0;0;0
11.835929802488856;;ap_7;0;0;0;0
11.887127695050683;;ap_5;0;0;0;0
11.888364293785889;;ap_1;0;0;0;0
11.88903042072688;;ap_8;0;0;0;0
12.502371835387757;ue_7;ap_9;0;0.2344;100000000.0;23440000.0
12.502371835387757;ue_7;ap_9;15;3.9023;100000000.0;390230000.0
12.511691485871557;ue_8;ap_6;0;0.2344;100000000.0;23440000.0
12.511691485871557;ue_8;ap_6;12;3.0293;100000000.0;302930000.0
12.566746426126596;ue_3;ap_0;0;0.2344;100000000.0;23440000.0
12.566746426126596;ue_3;ap_0;12;3.0293;100000000.0;302930000.0
12.572237565829898;ue_0;ap_5;0;0.2344;100000000.0;23440000.0
12.572237565829898;ue_0;ap_5;22;5.8906;100000000.0;589060000.0
12.581299052563379;ue_1;ap_4;0;0.2344;100000000.0;23440000.0
12.581299052563379;ue_1;ap_4;24;6.5703;100000000.0;657030000.0
12.631089218479612;ue_3;ap_0;12;3.0293;50000000.0;151465000.0
12.631089218479612;ue_4;ap_0;0;0.2344;50000000.0;11720000.0
12.631089218479612;ue_3;ap_0;12;3.0293;50000000.0;151465000.0
12.631089218479612;ue_4;ap_0;13;3.3223;50000000.0;166115000.0
12.631089218479612;ue_3;ap_0;12;3.0293;50000000.0;151465000.0
12.631089218479612;ue_4;ap_0;16;4.2129;50000000.0;210645000.00000003
12.631089218479612;ue_3;ap_0;12;3.0293;50000000.0;151465000.0
12.631089218479612;ue_4;ap_0;13;3.3223;50000000.0;166115000.0
12.631089218479612;ue_3;ap_0;12;3.0293;50000000.0;151465000.0
12.631089218479612;ue_4;ap_0;16;4.2129;50000000.0;210645000.00000003
12.631089218479612;ue_3;ap_0;12;3.0293;50000000.0;151465000.0
12.631089218479612;ue_4;ap_0;13;3.3223;50000000.0;166115000.0
12.766746426126595;ue_3;ap_0;16;4.2129;50000000.0;210645000.00000003
12.766746426126595;ue_4;ap_0;13;3.3223;50000000.0;166115000.0
12.766746426126595;ue_3;ap_0;12;3.0293;50000000.0;151465000.0
12.766746426126595;ue_4;ap_0;13;3.3223;50000000.0;166115000.0
12.770047518788266;ue_3;ap_0;16;4.2129;50000000.0;210645000.00000003
12.770047518788266;ue_4;ap_0;13;3.3223;50000000.0;166115000.0
12.770047518788266;ue_3;ap_0;12;3.0293;50000000.0;151465000.0
12.770047518788266;ue_4;ap_0;13;3.3223;50000000.0;166115000.0
12.773348611449936;ue_3;ap_0;16;4.2129;50000000.0;210645000.00000003
12.773348611449936;ue_4;ap_0;13;3.3223;50000000.0;166115000.0
12.773348611449936;ue_3;ap_0;12;3.0293;50000000.0;151465000.0
12.773348611449936;ue_4;ap_0;13;3.3223;50000000.0;166115000.0
12.776649704111607;ue_3;ap_0;16;4.2129;50000000.0;210645000.00000003
12.776649704111607;ue_4;ap_0;13;3.3223;50000000.0;166115000.0
12.776649704111607;ue_3;ap_0;12;3.0293;50000000.0;151465000.0
12.776649704111607;ue_4;ap_0;13;3.3223;50000000.0;166115000.0
12.831089218479612;ue_3;ap_0;12;3.0293;50000000.0;151465000.0
12.831089218479612;ue_4;ap_0;16;4.2129;50000000.0;210645000.00000003
12.831089218479612;ue_3;ap_0;12;3.0293;50000000.0;151465000.0
12.831089218479612;ue_4;ap_0;13;3.3223;50000000.0;166115000.0
12.834099181457066;ue_3;ap_0;12;3.0293;50000000.0;151465000.0
12.834099181457066;ue_4;ap_0;16;4.2129;50000000.0;210645000.00000003
12.834099181457066;ue_3;ap_0;12;3.0293;50000000.0;151465000.0
12.834099181457066;ue_4;ap_0;13;3.3223;50000000.0;166115000.0
12.837109144434521;ue_3;ap_0;12;3.0293;50000000.0;151465000.0
12.837109144434521;ue_4;ap_0;16;4.2129;50000000.0;210645000.00000003
12.837109144434521;ue_3;ap_0;12;3.0293;50000000.0;151465000.0
12.837109144434521;ue_4;ap_0;13;3.3223;50000000.0;166115000.0
12.840119107411976;ue_3;ap_0;12;3.0293;50000000.0;151465000.0
12.840119107411976;ue_4;ap_0;16;4.2129;50000000.0;210645000.00000003
12.840119107411976;ue_3;ap_0;12;3.0293;50000000.0;151465000.0
12.840119107411976;ue_4;ap_0;13;3.3223;50000000.0;166115000.0
12.935929802488856;ue_2;ap_7;0;0.2344;100000000.0;23440000.0
12.935929802488856;ue_2;ap_7;12;3.0293;100000000.0;302930000.0
12.987127695050685;ue_0;ap_5;22;5.8906;50000000.0;294530000.0
12.987127695050685;ue_9;ap_5;0;0.2344;50000000.0;11720000.0
12.987127695050685;ue_0;ap_5;22;5.8906;50000000.0;294530000.0
12.987127695050685;ue_9;ap_5;25;6.9141;50000000.0;345705000.0
12.987127695050685;ue_0;ap_5;22;5.8906;50000000.0;294530000.0
12.987127695050685;ue_9;ap_5;27;7.4063;50000000.0;370315000.0
12.987127695050685;ue_0;ap_5;22;5.8906;50000000.0;294530000.0
12.987127695050685;ue_9;ap_5;25;6.9141;50000000.0;345705000.0
12.987127695050685;ue_0;ap_5;22;5.8906;50000000.0;294530000.0
12.987127695050685;ue_9;ap_5;27;7.4063;50000000.0;370315000.0
12.987127695050685;ue_0;ap_5;22;5.8906;50000000.0;294530000.0
12.987127695050685;ue_9;ap_5;25;6.9141;50000000.0;345705000.0
12.988364293785889;ue_5;ap_1;0;0.2344;100000000.0;23440000.0
12.988364293785889;ue_5;ap_1;12;3.0293;100000000.0;302930000.0
12.989030420726882;ue_6;ap_8;0;0.2344;100000000.0;23440000.0
12.989030420726882;ue_6;ap_8;14;3.6094;100000000.0;360940000.0
13.070047518788266;ue_3;ap_0;16;4.2129;50000000.0;210645000.00000003
13.070047518788266;ue_4;ap_0;13;3.3223;50000000.0;166115000.0
13.070047518788266;ue_3;ap_0;12;3.0293;50000000.0;151465000.0
13.070047518788266;ue_4;ap_0;13;3.3223;50000000.0;166115000.0
13.073935185766747;ue_0;ap_5;25;6.9141;50000000.0;345705000.0
13.073935185766747;ue_9;ap_5;25;6.9141;50000000.0;345705000.0
13.073935185766747;ue_0;ap_5;22;5.8906;50000000.0;294530000.0
13.073935185766747;ue_9;ap_5;25;6.9141;50000000.0;345705000.0
13.134099181457067;ue_3;ap_0;12;3.0293;50000000.0;151465000.0
13.134099181457067;ue_4;ap_0;16;4.2129;50000000.0;210645000.00000003
13.134099181457067;ue_3;ap_0;12;3.0293;50000000.0;151465000.0
13.134099181457067;ue_4;ap_0;13;3.3223;50000000.0;166115000.0
13.187127695050684;ue_0;ap_5;22;5.8906;50000000.0;294530000.0
13.187127695050684;ue_9;ap_5;27;7.4063;50000000.0;370315000.0
13.187127695050684;ue_0;ap_5;22;5.8906;50000000.0;294530000.0
13.187127695050684;ue_9;ap_5;25;6.9141;50000000.0;345705000.0
13.188574014889854;ue_0;ap_5;22;5.8906;50000000.0;294530000.0
13.188574014889854;ue_9;ap_5;27;7.4063;50000000.0;370315000.0
13.188574014889854;ue_0;ap_5;22;5.8906;50000000.0;294530000.0
13.188574014889854;ue_9;ap_5;25;6.9141;50000000.0;345705000.0
13.190020334729024;ue_0;ap_5;22;5.8906;50000000.0;294530000.0
13.190020334729024;ue_9;ap_5;27;7.4063;50000000.0;370315000.0
13.190020334729024;ue_0;ap_5;22;5.8906;50000000.0;294530000.0
13.190020334729024;ue_9;ap_5;25;6.9141;50000000.0;345705000.0
13.191466654568194;ue_0;ap_5;22;5.8906;50000000.0;294530000.0
13.191466654568194;ue_9;ap_5;27;7.4063;50000000.0;370315000.0
13.191466654568194;ue_0;ap_5;22;5.8906;50000000.0;294530000.0
13.191466654568194;ue_9;ap_5;25;6.9141;50000000.0;345705000.0
13.488574014889855;ue_0;ap_5;22;5.8906;50000000.0;294530000.0
13.488574014889855;ue_9;ap_5;27;7.4063;50000000.0;370315000.0
13.488574014889855;ue_0;ap_5;22;5.8906;50000000.0;294530000.0
13.488574014889855;ue_9;ap_5;25;6.9141;50000000.0;345705000.0
13.570047518788266;ue_3;ap_0;16;4.2129;50000000.0;210645000.00000003
13.570047518788266;ue_4;ap_0;13;3.3223;50000000.0;166115000.0
13.570047518788266;ue_3;ap_0;12;3.0293;50000000.0;151465000.0
13.570047518788266;ue_4;ap_0;13;3.3223;50000000.0;166115000.0
13.573935185766747;ue_0;ap_5;25;6.9141;50000000.0;345705000.0
13.573935185766747;ue_9;ap_5;25;6.9141;50000000.0;345705000.0
13.573935185766747;ue_0;ap_5;22;5.8906;50000000.0;294530000.0
13.573935185766747;ue_9;ap_5;25;6.9141;50000000.0;345705000.0
13.634099181457067;ue_3;ap_0;12;3.0293;50000000.0;151465000.0
13.634099181457067;ue_4;ap_0;16;4.2129;50000000.0;210645000.00000003
13.634099181457067;ue_3;ap_0;12;3.0293;50000000.0;151465000.0
13.634099181457067;ue_4;ap_0;13;3.3223;50000000.0;166115000.0
13.988574014889855;ue_0;ap_5;22;5.8906;50000000.0;294530000.0
13.988574014889855;ue_9;ap_5;27;7.4063;50000000.0;370315000.0
13.988574014889855;ue_0;ap_5;22;5.8906;50000000.0;294530000.0
13.988574014889855;ue_9;ap_5;25;6.9141;50000000.0;345705000.0
14.070047518788266;ue_3;ap_0;16;4.2129;50000000.0;210645000.00000003
14.070047518788266;ue_4;ap_0;13;3.3223;50000000.0;166115000.0
14.070047518788266;ue_3;ap_0;12;3.0293;50000000.0;151465000.0
14.070047518788266;ue_4;ap_0;13;3.3223;50000000.0;166115000.0
14.073935185766747;ue_0;ap_5;25;6.9141;50000000.0;345705000.0
14.073935185766747;ue_9;ap_5;25;6.9141;50000000.0;345705000.0
14.073935185766747;ue_0;ap_5;22;5.8906;50000000.0;294530000.0
14.073935185766747;ue_9;ap_5;25;6.9141;50000000.0;345705000.0
14.134099181457067;ue_3;ap_0;12;3.0293;50000000.0;151465000.0
14.134099181457067;ue_4;ap_0;16;4.2129;50000000.0;210645000.00000003
14.134099181457067;ue_3;ap_0;12;3.0293;50000000.0;151465000.0
14.134099181457067;ue_4;ap_0;13;3.3223;50000000.0;166115000.0
14.488574014889855;ue_0;ap_5;22;5.8906;50000000.0;294530000.0
14.488574014889855;ue_9;ap_5;27;7.4063;50000000.0;370315000.0
14.488574014889855;ue_0;ap_5;22;5.8906;50000000.0;294530000.0
14.488574014889855;ue_9;ap_5;25;6.9141;50000000.0;345705000.0
14.570047518788266;ue_3;ap_0;16;4.2129;50000000.0;210645000.00000003
14.570047518788266;ue_4;ap_0;13;3.3223;50000000.0;166115000.0
14.570047518788266;ue_3;ap_0;12;3.0293;50000000.0;151465000.0
14.570047518788266;ue_4;ap_0;13;3.3223;50000000.0;166115000.0
14.573935185766747;ue_0;ap_5;25;6.9141;50000000.0;345705000.0
14.573935185766747;ue_9;ap_5;25;6.9141;50000000.0;345705000.0
14.573935185766747;ue_0;ap_5;22;5.8906;50000000.0;294530000.0
14.573935185766747;ue_9;ap_5;25;6.9141;50000000.0;345705000.0
14.634099181457067;ue_3;ap_0;12;3.0293;50000000.0;151465000.0
14.634099181457067;ue_4;ap_0;16;4.2129;50000000.0;210645000.00000003
14.634099181457067;ue_3;ap_0;12;3.0293;50000000.0;151465000.0
14.634099181457067;ue_4;ap_0;13;3.3223;50000000.0;166115000.0
14.988574014889855;ue_0;ap_5;22;5.8906;50000000.0;294530000.0
14.988574014889855;ue_9;ap_5;27;7.4063;50000000.0;370315000.0
14.988574014889855;ue_0;ap_5;22;5.8906;50000000.0;294530000.0
14.988574014889855;ue_9;ap_5;25;6.9141;50000000.0;345705000.0
15.0;ue_3;ap_0;13;3.3223;50000000.0;166115000.0
15.0;ue_4;ap_0;13;3.3223;50000000.0;166115000.0
15.0;ue_5;ap_1;13;3.3223;100000000.0;332230000.0
15.0;ue_1;ap_4;23;6.2266;100000000.0;622660000.0
15.0;ue_0;ap_5;21;5.5547;50000000.0;277735000.0
15.0;ue_9;ap_5;25;6.9141;50000000.0;345705000.0
15.0;ue_8;ap_6;13;3.3223;100000000.0;332230000.0
15.0;ue_7;ap_9;14;3.6094;100000000.0;360940000.0
15.06975638910405;ue_3;ap_0;16;4.2129;50000000.0;210645000.00000003
15.06975638910405;ue_4;ap_0;13;3.3223;50000000.0;166115000.0
15.06975638910405;ue_3;ap_0;13;3.3223;50000000.0;166115000.0
15.06975638910405;ue_4;ap_0;13;3.3223;50000000.0;166115000.0
15.074037843072594;ue_0;ap_5;24;6.5703;50000000.0;328515000.0
15.074037843072594;ue_9;ap_5;25;6.9141;50000000.0;345705000.0
15.074037843072594;ue_0;ap_5;21;5.5547;50000000.0;277735000.0
15.074037843072594;ue_9;ap_5;25;6.9141;50000000.0;345705000.0
15.134099181457067;ue_3;ap_0;13;3.3223;50000000.0;166115000.0
15.134099181457067;ue_4;ap_0;16;4.2129;50000000.0;210645000.00000003
15.134099181457067;ue_3;ap_0;13;3.3223;50000000.0;166115000.0
15.134099181457067;ue_4;ap_0;13;3.3223;50000000.0;166115000.0
15.488574014889855;ue_0;ap_5;21;5.5547;50000000.0;277735000.0
15.488574014889855;ue_9;ap_5;27;7.4063;50000000.0;370315000.0
15.488574014889855;ue_0;ap_5;21;5.5547;50000000.0;277735000.0
15.488574014889855;ue_9;ap_5;25;6.9141;50000000.0;345705000.0
15.56975638910405;ue_3;ap_0;16;4.2129;50000000.0;210645000.00000003
15.56975638910405;ue_4;ap_0;13;3.3223;50000000.0;166115000.0
15.56975638910405;ue_3;ap_0;13;3.3223;50000000.0;166115000.0
15.56975638910405;ue_4;ap_0;13;3.3223;50000000.0;166115000.0
15.574037843072594;ue_0;ap_5;24;6.5703;50000000.0;328515000.0
15.574037843072594;ue_9;ap_5;25;6.9141;50000000.0;345705000.0
15.574037843072594;ue_0;ap_5;21;5.5547;50000000.0;277735000.0
15.574037843072594;ue_9;ap_5;25;6.9141;50000000.0;345705000.0
15.634099181457067;ue_3;ap_0;13;3.3223;50000000.0;166115000.0
15.634099181457067;ue_4;ap_0;16;4.2129;50000000.0;210645000.00000003
15.634099181457067;ue_3;ap_0;13;3.3223;50000000.0;166115000.0
15.634099181457067;ue_4;ap_0;13;3.3223;50000000.0;166115000.0
15.988574014889855;ue_0;ap_5;21;5.5547;50000000.0;277735000.0
15.988574014889855;ue_9;ap_5;27;7.4063;50000000.0;370315000.0
15.988574014889855;ue_0;ap_5;21;5.5547;50000000.0;277735000.0
15.988574014889855;ue_9;ap_5;25;6.9141;50000000.0;345705000.0
16.06975638910405;ue_3;ap_0;16;4.2129;50000000.0;210645000.00000003
16.06975638910405;ue_4;ap_0;13;3.3223;50000000.0;166115000.0
16.06975638910405;ue_3;ap_0;13;3.3223;50000000.0;166115000.0
16.06975638910405;ue_4;ap_0;13;3.3223;50000000.0;166115000.0
16.074037843072592;ue_0;ap_5;24;6.5703;50000000.0;328515000.0
16.074037843072592;ue_9;ap_5;25;6.9141;50000000.0;345705000.0
16.074037843072592;ue_0;ap_5;21;5.5547;50000000.0;277735000.0
16.074037843072592;ue_9;ap_5;25;6.9141;50000000.0;345705000.0
16.134099181457067;ue_3;ap_0;13;3.3223;50000000.0;166115000.0
16.134099181457067;ue_4;ap_0;16;4.2129;50000000.0;210645000.00000003
16.134099181457067;ue_3;ap_0;13;3.3223;50000000.0;166115000.0
16.134099181457067;ue_4;ap_0;13;3.3223;50000000.0;166115000.0
16.488574014889853;ue_0;ap_5;21;5.5547;50000000.0;277735000.0
16.488574014889853;ue_9;ap_5;27;7.4063;50000000.0;370315000.0
16.488574014889853;ue_0;ap_5;21;5.5547;50000000.0;277735000.0
16.488574014889853;ue_9;ap_5;25;6.9141;50000000.0;345705000.0
16.56975638910405;ue_3;ap_0;16;4.2129;50000000.0;210645000.00000003
16.56975638910405;ue_4;ap_0;13;3.3223;50000000.0;166115000.0
16.56975638910405;ue_3;ap_0;13;3.3223;50000000.0;166115000.0
16.56975638910405;ue_4;ap_0;13;3.3223;50000000.0;166115000.0
16.574037843072592;ue_0;ap_5;24;6.5703;50000000.0;328515000.0
16.574037843072592;ue_9;ap_5;25;6.9141;50000000.0;345705000.0
16.574037843072592;ue_0;ap_5;21;5.5547;50000000.0;277735000.0
16.574037843072592;ue_9;ap_5;25;6.9141;50000000.0;345705000.0
16.634099181457067;ue_3;ap_0;13;3.3223;50000000.0;166115000.0
16.634099181457067;ue_4;ap_0;16;4.2129;50000000.0;210645000.00000003
16.634099181457067;ue_3;ap_0;13;3.3223;50000000.0;166115000.0
16.634099181457067;ue_4;ap_0;13;3.3223;50000000.0;166115000.0
16.988574014889853;ue_0;ap_5;21;5.5547;50000000.0;277735000.0
16.988574014889853;ue_9;ap_5;27;7.4063;50000000.0;370315000.0
16.988574014889853;ue_0;ap_5;21;5.5547;50000000.0;277735000.0
16.988574014889853;ue_9;ap_5;25;6.9141;50000000.0;345705000.0
17.06975638910405;ue_3;ap_0;16;4.2129;50000000.0;210645000.00000003
17.06975638910405;ue_4;ap_0;13;3.3223;50000000.0;166115000.0
17.06975638910405;ue_3;ap_0;13;3.3223;50000000.0;166115000.0
17.06975638910405;ue_4;ap_0;13;3.3223;50000000.0;166115000.0
17.074037843072592;ue_0;ap_5;24;6.5703;50000000.0;328515000.0
17.074037843072592;ue_9;ap_5;25;6.9141;50000000.0;345705000.0
17.074037843072592;ue_0;ap_5;21;5.5547;50000000.0;277735000.0
17.074037843072592;ue_9;ap_5;25;6.9141;50000000.0;345705000.0
17.134099181457067;ue_3;ap_0;13;3.3223;50000000.0;166115000.0
17.134099181457067;ue_4;ap_0;16;4.2129;50000000.0;210645000.00000003
17.134099181457067;ue_3;ap_0;13;3.3223;50000000.0;166115000.0
17.134099181457067;ue_4;ap_0;13;3.3223;50000000.0;166115000.0
17.488574014889853;ue_0;ap_5;21;5.5547;50000000.0;277735000.0
17.488574014889853;ue_9;ap_5;27;7.4063;50000000.0;370315000.0
17.488574014889853;ue_0;ap_5;21;5.5547;50000000.0;277735000.0
17.488574014889853;ue_9;ap_5;25;6.9141;50000000.0;345705000.0
17.56975638910405;ue_3;ap_0;16;4.2129;50000000.0;210645000.00000003
17.56975638910405;ue_4;ap_0;13;3.3223;50000000.0;166115000.0
17.56975638910405;ue_3;ap_0;13;3.3223;50000000.0;166115000.0
17.56975638910405;ue_4;ap_0;13;3.3223;50000000.0;166115000.0
17.574037843072592;ue_0;ap_5;24;6.5703;50000000.0;328515000.0
17.574037843072592;ue_9;ap_5;25;6.9141;50000000.0;345705000.0
17.574037843072592;ue_0;ap_5;21;5.5547;50000000.0;277735000.0
17.574037843072592;ue_9;ap_5;25;6.9141;50000000.0;345705000.0
17.634099181457067;ue_3;ap_0;13;3.3223;50000000.0;166115000.0
17.634099181457067;ue_4;ap_0;16;4.2129;50000000.0;210645000.00000003
17.634099181457067;ue_3;ap_0;13;3.3223;50000000.0;166115000.0
17.634099181457067;ue_4;ap_0;13;3.3223;50000000.0;166115000.0
17.988574014889853;ue_0;ap_5;21;5.5547;50000000.0;277735000.0
17.988574014889853;ue_9;ap_5;27;7.4063;50000000.0;370315000.0
17.988574014889853;ue_0;ap_5;21;5.5547;50000000.0;277735000.0
17.988574014889853;ue_9;ap_5;25;6.9141;50000000.0;345705000.0
18.06975638910405;ue_3;ap_0;16;4.2129;50000000.0;210645000.00000003
18.06975638910405;ue_4;ap_0;13;3.3223;50000000.0;166115000.0
18.06975638910405;ue_3;ap_0;13;3.3223;50000000.0;166115000.0
18.06975638910405;ue_4;ap_0;13;3.3223;50000000.0;166115000.0
18.074037843072592;ue_0;ap_5;24;6.5703;50000000.0;328515000.0
18.074037843072592;ue_9;ap_5;25;6.9141;50000000.0;345705000.0
18.074037843072592;ue_0;ap_5;21;5.5547;50000000.0;277735000.0
18.074037843072592;ue_9;ap_5;25;6.9141;50000000.0;345705000.0
18.134099181457067;ue_3;ap_0;13;3.3223;50000000.0;166115000.0
18.134099181457067;ue_4;ap_0;16;4.2129;50000000.0;210645000.00000003
18.134099181457067;ue_3;ap_0;13;3.3223;50000000.0;166115000.0
18.134099181457067;ue_4;ap_0;13;3.3223;50000000.0;166115000.0
18.488574014889853;ue_0;ap_5;21;5.5547;50000000.0;277735000.0
18.488574014889853;ue_9;ap_5;27;7.4063;50000000.0;370315000.0
18.488574014889853;ue_0;ap_5;21;5.5547;50000000.0;277735000.0
18.488574014889853;ue_9;ap_5;25;6.9141;50000000.0;345705000.0
18.56975638910405;ue_3;ap_0;16;4.2129;50000000.0;210645000.00000003
18.56975638910405;ue_4;ap_0;13;3.3223;50000000.0;166115000.0
18.56975638910405;ue_3;ap_0;13;3.3223;50000000.0;166115000.0
18.56975638910405;ue_4;ap_0;13;3.3223;50000000.0;166115000.0
18.574037843072592;ue_0;ap_5;24;6.5703;50000000.0;328515000.0
18.574037843072592;ue_9;ap_5;25;6.9141;50000000.0;345705000.0
18.574037843072592;ue_0;ap_5;21;5.5547;50000000.0;277735000.0
18.574037843072592;ue_9;ap_5;25;6.9141;50000000.0;345705000.0
18.634099181457067;ue_3;ap_0;13;3.3223;50000000.0;166115000.0
18.634099181457067;ue_4;ap_0;16;4.2129;50000000.0;210645000.00000003
18.634099181457067;ue_3;ap_0;13;3.3223;50000000.0;166115000.0
18.634099181457067;ue_4;ap_0;13;3.3223;50000000.0;166115000.0
18.988574014889853;ue_0;ap_5;21;5.5547;50000000.0;277735000.0
18.988574014889853;ue_9;ap_5;27;7.4063;50000000.0;370315000.0
18.988574014889853;ue_0;ap_5;21;5.5547;50000000.0;277735000.0
18.988574014889853;ue_9;ap_5;25;6.9141;50000000.0;345705000.0
19.06975638910405;ue_3;ap_0;16;4.2129;50000000.0;210645000.00000003
19.06975638910405;ue_4;ap_0;13;3.3223;50000000.0;166115000.0
19.06975638910405;ue_3;ap_0;13;3.3223;50000000.0;166115000.0
19.06975638910405;ue_4;ap_0;13;3.3223;50000000.0;166115000.0
19.074037843072592;ue_0;ap_5;24;6.5703;50000000.0;328515000.0
19.074037843072592;ue_9;ap_5;25;6.9141;50000000.0;345705000.0
19.074037843072592;ue_0;ap_5;21;5.5547;50000000.0;277735000.0
19.074037843072592;ue_9;ap_5;25;6.9141;50000000.0;345705000.0
19.134099181457067;ue_3;ap_0;13;3.3223;50000000.0;166115000.0
19.134099181457067;ue_4;ap_0;16;4.2129;50000000.0;210645000.00000003
19.134099181457067;ue_3;ap_0;13;3.3223;50000000.0;166115000.0
19.134099181457067;ue_4;ap_0;13;3.3223;50000000.0;166115000.0
19.488574014889853;ue_0;ap_5;21;5.5547;50000000.0;277735000.0
19.488574014889853;ue_9;ap_5;27;7.4063;50000000.0;370315000.0
19.488574014889853;ue_0;ap_5;21;5.5547;50000000.0;277735000.0
19.488574014889853;ue_9;ap_5;25;6.9141;50000000.0;345705000.0
19.56975638910405;ue_3;ap_0;16;4.2129;50000000.0;210645000.00000003
19.56975638910405;ue_4;ap_0;13;3.3223;50000000.0;166115000.0
19.56975638910405;ue_3;ap_0;13;3.3223;50000000.0;166115000.0
19.56975638910405;ue_4;ap_0;13;3.3223;50000000.0;166115000.0
19.574037843072592;ue_0;ap_5;24;6.5703;50000000.0;328515000.0
19.574037843072592;ue_9;ap_5;25;6.9141;50000000.0;345705000.0
19.574037843072592;ue_0;ap_5;21;5.5547;50000000.0;277735000.0
19.574037843072592;ue_9;ap_5;25;6.9141;50000000.0;345705000.0
19.634099181457067;ue_3;ap_0;13;3.3223;50000000.0;166115000.0
19.634099181457067;ue_4;ap_0;16;4.2129;50000000.0;210645000.00000003
19.634099181457067;ue_3;ap_0;13;3.3223;50000000.0;166115000.0
19.634099181457067;ue_4;ap_0;13;3.3223;50000000.0;166115000.0
19.988574014889853;ue_0;ap_5;21;5.5547;50000000.0;277735000.0
19.988574014889853;ue_9;ap_5;27;7.4063;50000000.0;370315000.0
19.988574014889853;ue_0;ap_5;21;5.5547;50000000.0;277735000.0
19.988574014889853;ue_9;ap_5;25;6.9141;50000000.0;345705000.0
20.0;ue_3;ap_0;14;3.6094;50000000.0;180470000.0
20.0;ue_4;ap_0;12;3.0293;50000000.0;151465000.0
20.0;ue_1;ap_4;22;5.8906;100000000.0;589060000.0
20.0;ue_0;ap_5;20;5.332;50000000.0;266600000.0
20.0;ue_9;ap_5;24;6.5703;50000000.0;328515000.0
20.0;ue_8;ap_6;14;3.6094;100000000.0;360940000.0
20.0;ue_2;ap_7;13;3.3223;100000000.0;332230000.0
20.0;ue_6;ap_8;13;3.3223;100000000.0;332230000.0
20.0;ue_7;ap_9;13;3.3223;100000000.0;332230000.0
20.069516969707244;ue_3;ap_0;17;4.5234;50000000.0;226169999.99999997
20.069516969707244;ue_4;ap_0;12;3.0293;50000000.0;151465000.0
20.069516969707244;ue_3;ap_0;14;3.6094;50000000.0;180470000.0
20.069516969707244;ue_4;ap_0;12;3.0293;50000000.0;151465000.0
20.074113034697113;ue_0;ap_5;23;6.2266;50000000.0;311330000.0
20.074113034697113;ue_9;ap_5;24;6.5703;50000000.0;328515000.0
20.074113034697113;ue_0;ap_5;20;5.332;50000000.0;266600000.0
20.074113034697113;ue_9;ap_5;24;6.5703;50000000.0;328515000.0
20.134390311141285;ue_3;ap_0;14;3.6094;50000000.0;180470000.0
20.134390311141285;ue_4;ap_0;15;3.9023;50000000.0;195115000.0
20.134390311141285;ue_3;ap_0;14;3.6094;50000000.0;180470000.0
20.134390311141285;ue_4;ap_0;12;3.0293;50000000.0;151465000.0
20.488649695568164;ue_0;ap_5;20;5.332;50000000.0;266600000.0
20.488649695568164;ue_9;ap_5;27;7.4063;50000000.0;370315000.0
20.488649695568164;ue_0;ap_5;20;5.332;50000000.0;266600000.0
20.488649695568164;ue_9;ap_5;24;6.5703;50000000.0;328515000.0
20.569516969707244;ue_3;ap_0;17;4.5234;50000000.0;226169999.99999997
20.569516969707244;ue_4;ap_0;12;3.0293;50000000.0;151465000.0
20.569516969707244;ue_3;ap_0;14;3.6094;50000000.0;180470000.0
20.569516969707244;ue_4;ap_0;12;3.0293;50000000.0;151465000.0
20.574113034697113;ue_0;ap_5;23;6.2266;50000000.0;311330000.0
20.574113034697113;ue_9;ap_5;24;6.5703;50000000.0;328515000.0
20.574113034697113;ue_0;ap_5;20;5.332;50000000.0;266600000.0
20.574113034697113;ue_9;ap_5;24;6.5703;50000000.0;328515000.0
20.634390311141285;ue_3;ap_0;14;3.6094;50000000.0;180470000.0
20.634390311141285;ue_4;ap_0;15;3.9023;50000000.0;195115000.0
20.634390311141285;ue_3;ap_0;14;3.6094;50000000.0;180470000.0
20.634390311141285;ue_4;ap_0;12;3.0293;50000000.0;151465000.0
20.988649695568164;ue_0;ap_5;20;5.332;50000000.0;266600000.0
20.988649695568164;ue_9;ap_5;27;7.4063;50000000.0;370315000.0
20.988649695568164;ue_0;ap_5;20;5.332;50000000.0;266600000.0
20.988649695568164;ue_9;ap_5;24;6.5703;50000000.0;328515000.0
21.069516969707244;ue_3;ap_0;17;4.5234;50000000.0;226169999.99999997
21.069516969707244;ue_4;ap_0;12;3.0293;50000000.0;151465000.0
21.069516969707244;ue_3;ap_0;14;3.6094;50000000.0;180470000.0
21.069516969707244;ue_4;ap_0;12;3.0293;50000000.0;151465000.0
21.074113034697113;ue_0;ap_5;23;6.2266;50000000.0;311330000.0
21.074113034697113;ue_9;ap_5;24;6.5703;50000000.0;328515000.0
21.074113034697113;ue_0;ap_5;20;5.332;50000000.0;266600000.0
21.074113034697113;ue_9;ap_5;24;6.5703;50000000.0;328515000.0
21.134390311141285;ue_3;ap_0;14;3.6094;50000000.0;180470000.0
21.134390311141285;ue_4;ap_0;15;3.9023;50000000.0;195115000.0
21.134390311141285;ue_3;ap_0;14;3.6094;50000000.0;180470000.0
21.134390311141285;ue_4;ap_0;12;3.0293;50000000.0;151465000.0
21.488649695568164;ue_0;ap_5;20;5.332;50000000.0;266600000.0
21.488649695568164;ue_9;ap_5;27;7.4063;50000000.0;370315000.0
21.488649695568164;ue_0;ap_5;20;5.332;50000000.0;266600000.0
21.488649695568164;ue_9;ap_5;24;6.5703;50000000.0;328515000.0
21.569516969707244;ue_3;ap_0;17;4.5234;50000000.0;226169999.99999997
21.569516969707244;ue_4;ap_0;12;3.0293;50000000.0;151465000.0
21.569516969707244;ue_3;ap_0;14;3.6094;50000000.0;180470000.0
21.569516969707244;ue_4;ap_0;12;3.0293;50000000.0;151465000.0
21.574113034697113;ue_0;ap_5;23;6.2266;50000000.0;311330000.0
21.574113034697113;ue_9;ap_5;24;6.5703;50000000.0;328515000.0
21.574113034697113;ue_0;ap_5;20;5.332;50000000.0;266600000.0
21.574113034697113;ue_9;ap_5;24;6.5703;50000000.0;328515000.0
21.634390311141285;ue_3;ap_0;14;3.6094;50000000.0;180470000.0
21.634390311141285;ue_4;ap_0;15;3.9023;50000000.0;195115000.0
21.634390311141285;ue_3;ap_0;14;3.6094;50000000.0;180470000.0
21.634390311141285;ue_4;ap_0;12;3.0293;50000000.0;151465000.0
21.988649695568164;ue_0;ap_5;20;5.332;50000000.0;266600000.0
21.988649695568164;ue_9;ap_5;27;7.4063;50000000.0;370315000.0
21.988649695568164;ue_0;ap_5;20;5.332;50000000.0;266600000.0
21.988649695568164;ue_9;ap_5;24;6.5703;50000000.0;328515000.0
22.069516969707244;ue_3;ap_0;17;4.5234;50000000.0;226169999.99999997
22.069516969707244;ue_4;ap_0;12;3.0293;50000000.0;151465000.0
22.069516969707244;ue_3;ap_0;14;3.6094;50000000.0;180470000.0
22.069516969707244;ue_4;ap_0;12;3.0293;50000000.0;151465000.0
22.074113034697113;ue_0;ap_5;23;6.2266;50000000.0;311330000.0
22.074113034697113;ue_9;ap_5;24;6.5703;50000000.0;328515000.0
22.074113034697113;ue_0;ap_5;20;5.332;50000000.0;266600000.0
22.074113034697113;ue_9;ap_5;24;6.5703;50000000.0;328515000.0
22.134390311141285;ue_3;ap_0;14;3.6094;50000000.0;180470000.0
22.134390311141285;ue_4;ap_0;15;3.9023;50000000.0;195115000.0
22.134390311141285;ue_3;ap_0;14;3.6094;50000000.0;180470000.0
22.134390311141285;ue_4;ap_0;12;3.0293;50000000.0;151465000.0
22.488649695568164;ue_0;ap_5;20;5.332;50000000.0;266600000.0
22.488649695568164;ue_9;ap_5;27;7.4063;50000000.0;370315000.0
22.488649695568164;ue_0;ap_5;20;5.332;50000000.0;266600000.0
22.488649695568164;ue_9;ap_5;24;6.5703;50000000.0;328515000.0
22.569516969707244;ue_3;ap_0;17;4.5234;50000000.0;226169999.99999997
22.569516969707244;ue_4;ap_0;12;3.0293;50000000.0;151465000.0
22.569516969707244;ue_3;ap_0;14;3.6094;50000000.0;180470000.0
22.569516969707244;ue_4;ap_0;12;3.0293;50000000.0;151465000.0
22.574113034697113;ue_0;ap_5;23;6.2266;50000000.0;311330000.0
22.574113034697113;ue_9;ap_5;24;6.5703;50000000.0;328515000.0
22.574113034697113;ue_0;ap_5;20;5.332;50000000.0;266600000.0
22.574113034697113;ue_9;ap_5;24;6.5703;50000000.0;328515000.0
22.634390311141285;ue_3;ap_0;14;3.6094;50000000.0;180470000.0
22.634390311141285;ue_4;ap_0;15;3.9023;50000000.0;195115000.0
22.634390311141285;ue_3;ap_0;14;3.6094;50000000.0;180470000.0
22.634390311141285;ue_4;ap_0;12;3.0293;50000000.0;151465000.0
22.766746426126595;ue_3;ap_0;17;4.5234;50000000.0;226169999.99999997
22.766746426126595;ue_4;ap_0;12;3.0293;50000000.0;151465000.0
22.766746426126595;ue_3;ap_0;14;3.6094;50000000.0;180470000.0
22.766746426126595;ue_4;ap_0;12;3.0293;50000000.0;151465000.0
22.772237565829897;ue_0;ap_5;23;6.2266;50000000.0;311330000.0
22.772237565829897;ue_9;ap_5;24;6.5703;50000000.0;328515000.0
22.772237565829897;ue_0;ap_5;20;5.332;50000000.0;266600000.0
22.772237565829897;ue_9;ap_5;24;6.5703;50000000.0;328515000.0
22.83108921847961;ue_3;ap_0;14;3.6094;50000000.0;180470000.0
22.83108921847961;ue_4;ap_0;15;3.9023;50000000.0;195115000.0
22.83108921847961;ue_3;ap_0;14;3.6094;50000000.0;180470000.0
22.83108921847961;ue_4;ap_0;12;3.0293;50000000.0;151465000.0
22.902371835387758;;ap_9;0;0;0;0
22.911691485871554;;ap_6;0;0;0;0
22.966746426126594;ue_3;ap_0;17;4.5234;50000000.0;226169999.99999997
22.966746426126594;ue_4;ap_0;12;3.0293;50000000.0;151465000.0
22.966746426126594;ue_3;ap_0;14;3.6094;50000000.0;180470000.0
22.966746426126594;ue_4;ap_0;12;3.0293;50000000.0;151465000.0
22.966746426126594;ue_4;ap_0;12;3.0293;100000000.0;302930000.0
22.972237565829897;ue_0;ap_5;23;6.2266;50000000.0;311330000.0
22.972237565829897;ue_9;ap_5;24;6.5703;50000000.0;328515000.0
22.972237565829897;ue_0;ap_5;20;5.332;50000000.0;266600000.0
22.972237565829897;ue_9;ap_5;24;6.5703;50000000.0;328515000.0
22.972237565829897;ue_9;ap_5;24;6.5703;100000000.0;657030000.0
22.981299052563376;;ap_4;0;0;0;0
23.03108921847961;;ap_0;0;0;0;0
23.335929802488852;;ap_7;0;0;0;0
23.387127695050683;;ap_5;0;0;0;0
23.388364293785887;;ap_1;0;0;0;0
23.38903042072688;;ap_8;0;0;0;0
24.002371835387756;ue_7;ap_9;0;0.2344;100000000.0;23440000.0
24.002371835387756;ue_7;ap_9;13;3.3223;100000000.0;332230000.0
24.01169148587156;ue_8;ap_6;0;0.2344;100000000.0;23440000.0
24.01169148587156;ue_8;ap_6;14;3.6094;100000000.0;360940000.0
24.066746426126596;ue_3;ap_0;0;0.2344;100000000.0;23440000.0
24.066746426126596;ue_3;ap_0;14;3.6094;100000000.0;360940000.0
24.072237565829898;ue_0;ap_5;0;0.2344;100000000.0;23440000.0
24.072237565829898;ue_0;ap_5;20;5.332;100000000.0;533200000.0
24.08129905256338;ue_1;ap_4;0;0.2344;100000000.0;23440000.0
24.08129905256338;ue_1;ap_4;22;5.8906;100000000.0;589060000.0
24.131089218479612;ue_3;ap_0;14;3.6094;50000000.0;180470000.0
24.131089218479612;ue_4;ap_0;0;0.2344;50000000.0;11720000.0
24.131089218479612;ue_3;ap_0;14;3.6094;50000000.0;180470000.0
24.131089218479612;ue_4;ap_0;12;3.0293;50000000.0;151465000.0
24.131089218479612;ue_3;ap_0;14;3.6094;50000000.0;180470000.0
24.131089218479612;ue_4;ap_0;15;3.9023;50000000.0;195115000.0
24.131089218479612;ue_3;ap_0;14;3.6094;50000000.0;180470000.0
24.131089218479612;ue_4;ap_0;12;3.0293;50000000.0;151465000.0
24.131089218479612;ue_3;ap_0;14;3.6094;50000000.0;180470000.0
24.131089218479612;ue_4;ap_0;15;3.9023;50000000.0;195115000.0
24.131089218479612;ue_3;ap_0;14;3.6094;50000000.0;180470000.0
24.131089218479612;ue_4;ap_0;12;3.0293;50000000.0;151465000.0
24.266746426126595;ue_3;ap_0;17;4.5234;50000000.0;226169999.99999997
24.266746426126595;ue_4;ap_0;12;3.0293;50000000.0;151465000.0
24.266746426126595;ue_3;ap_0;14;3.6094;50000000.0;180470000.0
24.266746426126595;ue_4;ap_0;12;3.0293;50000000.0;151465000.0
24.269516969707244;ue_3;ap_0;17;4.5234;50000000.0;226169999.99999997
24.269516969707244;ue_4;ap_0;12;3.0293;50000000.0;151465000.0
24.269516969707244;ue_3;ap_0;14;3.6094;50000000.0;180470000.0
24.269516969707244;ue_4;ap_0;12;3.0293;50000000.0;151465000.0
24.272287513287893;ue_3;ap_0;17;4.5234;50000000.0;226169999.99999997
24.272287513287893;ue_4;ap_0;12;3.0293;50000000.0;151465000.0
24.272287513287893;ue_3;ap_0;14;3.6094;50000000.0;180470000.0
24.272287513287893;ue_4;ap_0;12;3.0293;50000000.0;151465000.0
24.27505805686854;ue_3;ap_0;17;4.5234;50000000.0;226169999.99999997
24.27505805686854;ue_4;ap_0;12;3.0293;50000000.0;151465000.0
24.27505805686854;ue_3;ap_0;14;3.6094;50000000.0;180470000.0
24.27505805686854;ue_4;ap_0;12;3.0293;50000000.0;151465000.0
24.33108921847961;ue_3;ap_0;14;3.6094;50000000.0;180470000.0
24.33108921847961;ue_4;ap_0;15;3.9023;50000000.0;195115000.0
24.33108921847961;ue_3;ap_0;14;3.6094;50000000.0;180470000.0
24.33108921847961;ue_4;ap_0;12;3.0293;50000000.0;151465000.0
24.334390311141284;ue_3;ap_0;14;3.6094;50000000.0;180470000.0
24.334390311141284;ue_4;ap_0;15;3.9023;50000000.0;195115000.0
24.334390311141284;ue_3;ap_0;14;3.6094;50000000.0;180470000.0
24.334390311141284;ue_4;ap_0;12;3.0293;50000000.0;151465000.0
24.337691403802957;ue_3;ap_0;14;3.6094;50000000.0;180470000.0
24.337691403802957;ue_4;ap_0;15;3.9023;50000000.0;195115000.0
24.337691403802957;ue_3;ap_0;14;3.6094;50000000.0;180470000.0
24.337691403802957;ue_4;ap_0;12;3.0293;50000000.0;151465000.0
24.34099249646463;ue_3;ap_0;14;3.6094;50000000.0;180470000.0
24.34099249646463;ue_4;ap_0;15;3.9023;50000000.0;195115000.0
24.34099249646463;ue_3;ap_0;14;3.6094;50000000.0;180470000.0
24.34099249646463;ue_4;ap_0;12;3.0293;50000000.0;151465000.0
24.435929802488857;ue_2;ap_7;0;0.2344;100000000.0;23440000.0
24.435929802488857;ue_2;ap_7;13;3.3223;100000000.0;332230000.0
24.487127695050685;ue_0;ap_5;20;5.332;50000000.0;266600000.0
24.487127695050685;ue_9;ap_5;0;0.2344;50000000.0;11720000.0
24.487127695050685;ue_0;ap_5;20;5.332;50000000.0;266600000.0
24.487127695050685;ue_9;ap_5;24;6.5703;50000000.0;328515000.0
24.487127695050685;ue_0;ap_5;20;5.332;50000000.0;266600000.0
24.487127695050685;ue_9;ap_5;27;7.4063;50000000.0;370315000.0
24.487127695050685;ue_0;ap_5;20;5.332;50000000.0;266600000.0
24.487127695050685;ue_9;ap_5;24;6.5703;50000000.0;328515000.0
24.487127695050685;ue_0;ap_5;20;5.332;50000000.0;266600000.0
24.487127695050685;ue_9;ap_5;27;7.4063;50000000.0;370315000.0
24.487127695050685;ue_0;ap_5;20;5.332;50000000.0;266600000.0
24.487127695050685;ue_9;ap_5;24;6.5703;50000000.0;328515000.0
24.48836429378589;ue_5;ap_1;0;0.2344;100000000.0;23440000.0
24.48836429378589;ue_5;ap_1;13;3.3223;100000000.0;332230000.0
24.489030420726884;ue_6;ap_8;0;0.2344;100000000.0;23440000.0
24.489030420726884;ue_6;ap_8;13;3.3223;100000000.0;332230000.0
24.569516969707244;ue_3;ap_0;17;4.5234;50000000.0;226169999.99999997
24.569516969707244;ue_4;ap_0;12;3.0293;50000000.0;151465000.0
24.569516969707244;ue_3;ap_0;14;3.6094;50000000.0;180470000.0
24.569516969707244;ue_4;ap_0;12;3.0293;50000000.0;151465000.0
24.574113034697113;ue_0;ap_5;23;6.2266;50000000.0;311330000.0
24.574113034697113;ue_9;ap_5;24;6.5703;50000000.0;328515000.0
24.574113034697113;ue_0;ap_5;20;5.332;50000000.0;266600000.0
24.574113034697113;ue_9;ap_5;24;6.5703;50000000.0;328515000.0
24.634390311141285;ue_3;ap_0;14;3.6094;50000000.0;180470000.0
24.634390311141285;ue_4;ap_0;15;3.9023;50000000.0;195115000.0
24.634390311141285;ue_3;ap_0;14;3.6094;50000000.0;180470000.0
24.634390311141285;ue_4;ap_0;12;3.0293;50000000.0;151465000.0
24.687127695050684;ue_0;ap_5;20;5.332;50000000.0;266600000.0
24.687127695050684;ue_9;ap_5;27;7.4063;50000000.0;370315000.0
24.687127695050684;ue_0;ap_5;20;5.332;50000000.0;266600000.0
24.687127695050684;ue_9;ap_5;24;6.5703;50000000.0;328515000.0
24.688649695568163;ue_0;ap_5;20;5.332;50000000.0;266600000.0
24.688649695568163;ue_9;ap_5;27;7.4063;50000000.0;370315000.0
24.688649695568163;ue_0;ap_5;20;5.332;50000000.0;266600000.0
24.688649695568163;ue_9;ap_5;24;6.5703;50000000.0;328515000.0
24.690171696085642;ue_0;ap_5;20;5.332;50000000.0;266600000.0
24.690171696085642;ue_9;ap_5;27;7.4063;50000000.0;370315000.0
24.690171696085642;ue_0;ap_5;20;5.332;50000000.0;266600000.0
24.690171696085642;ue_9;ap_5;24;6.5703;50000000.0;328515000.0
24.69169369660312;ue_0;ap_5;20;5.332;50000000.0;266600000.0
24.69169369660312;ue_9;ap_5;27;7.4063;50000000.0;370315000.0
24.69169369660312;ue_0;ap_5;20;5.332;50000000.0;266600000.0
24.69169369660312;ue_9;ap_5;24;6.5703;50000000.0;328515000.0
24.988649695568164;ue_0;ap_5;20;5.332;50000000.0;266600000.0
24.988649695568164;ue_9;ap_5;27;7.4063;50000000.0;370315000.0
24.988649695568164;ue_0;ap_5;20;5.332;50000000.0;266600000.0
24.988649695568164;ue_9;ap_5;24;6.5703;50000000.0;328515000.0
25.0;ue_3;ap_0;15;3.9023;50000000.0;195115000.0
25.0;ue_4;ap_0;11;2.7305;50000000.0;136525000.0
25.0;ue_5;ap_1;14;3.6094;100000000.0;360940000.0
25.0;ue_1;ap_4;21;5.5547;100000000.0;555470000.0
25.0;ue_0;ap_5;18;4.8164;50000000.0;240820000.0
25.0;ue_9;ap_5;23;6.2266;50000000.0;311330000.0
25.0;ue_2;ap_7;14;3.6094;100000000.0;360940000.0
25.0;ue_6;ap_8;12;3.0293;100000000.0;302930000.0
25.0;ue_7;ap_9;12;3.0293;100000000.0;302930000.0
25.06930901741891;ue_3;ap_0;18;4.8164;50000000.0;240820000.0
25.06930901741891;ue_4;ap_0;11;2.7305;50000000.0;136525000.0
25.06930901741891;ue_3;ap_0;15;3.9023;50000000.0;195115000.0
25.06930901741891;ue_4;ap_0;11;2.7305;50000000.0;136525000.0
25.07431380534489;ue_0;ap_5;22;5.8906;50000000.0;294530000.0
25.07431380534489;ue_9;ap_5;23;6.2266;50000000.0;311330000.0
25.07431380534489;ue_0;ap_5;18;4.8164;50000000.0;240820000.0
25.07431380534489;ue_9;ap_5;23;6.2266;50000000.0;311330000.0
25.134751551385673;ue_3;ap_0;15;3.9023;50000000.0;195115000.0
25.134751551385673;ue_4;ap_0;15;3.9023;50000000.0;195115000.0
25.134751551385673;ue_3;ap_0;15;3.9023;50000000.0;195115000.0
25.134751551385673;ue_4;ap_0;11;2.7305;50000000.0;136525000.0
25.48873370796303;ue_0;ap_5;18;4.8164;50000000.0;240820000.0
25.48873370796303;ue_9;ap_5;26;7.1602;50000000.0;358010000.0
25.48873370796303;ue_0;ap_5;18;4.8164;50000000.0;240820000.0
25.48873370796303;ue_9;ap_5;23;6.2266;50000000.0;311330000.0
25.56930901741891;ue_3;ap_0;18;4.8164;50000000.0;240820000.0
25.56930901741891;ue_4;ap_0;11;2.7305;50000000.0;136525000.0
25.56930901741891;ue_3;ap_0;15;3.9023;50000000.0;195115000.0
25.56930901741891;ue_4;ap_0;11;2.7305;50000000.0;136525000.0
25.57431380534489;ue_0;ap_5;22;5.8906;50000000.0;294530000.0
25.57431380534489;ue_9;ap_5;23;6.2266;50000000.0;311330000.0
25.57431380534489;ue_0;ap_5;18;4.8164;50000000.0;240820000.0
25.57431380534489;ue_9;ap_5;23;6.2266;50000000.0;311330000.0
25.634751551385673;ue_3;ap_0;15;3.9023;50000000.0;195115000.0
25.634751551385673;ue_4;ap_0;15;3.9023;50000000.0;195115000.0
25.634751551385673;ue_3;ap_0;15;3.9023;50000000.0;195115000.0
25.634751551385673;ue_4;ap_0;11;2.7305;50000000.0;136525000.0
25.98873370796303;ue_0;ap_5;18;4.8164;50000000.0;240820000.0
25.98873370796303;ue_9;ap_5;26;7.1602;50000000.0;358010000.0
25.98873370796303;ue_0;ap_5;18;4.8164;50000000.0;240820000.0
25.98873370796303;ue_9;ap_5;23;6.2266;50000000.0;311330000.0
26.06930901741891;ue_3;ap_0;18;4.8164;50000000.0;240820000.0
26.06930901741891;ue_4;ap_0;11;2.7305;50000000.0;136525000.0
26.06930901741891;ue_3;ap_0;15;3.9023;50000000.0;195115000.0
26.06930901741891;ue_4;ap_0;11;2.7305;50000000.0;136525000.0
26.07431380534489;ue_0;ap_5;22;5.8906;50000000.0;294530000.0
26.07431380534489;ue_9;ap_5;23;6.2266;50000000.0;311330000.0
26.07431380534489;ue_0;ap_5;18;4.8164;50000000.0;240820000.0
26.07431380534489;ue_9;ap_5;23;6.2266;50000000.0;311330000.0
26.134751551385673;ue_3;ap_0;15;3.9023;50000000.0;195115000.0
26.134751551385673;ue_4;ap_0;15;3.9023;50000000.0;195115000.0
26.134751551385673;ue_3;ap_0;15;3.9023;50000000.0;195115000.0
26.134751551385673;ue_4;ap_0;11;2.7305;50000000.0;136525000.0
26.48873370796303;ue_0;ap_5;18;4.8164;50000000.0;240820000.0
26.48873370796303;ue_9;ap_5;26;7.1602;50000000.0;358010000.0
26.48873370796303;ue_0;ap_5;18;4.8164;50000000.0;240820000.0
26.48873370796303;ue_9;ap_5;23;6.2266;50000000.0;311330000.0
26.56930901741891;ue_3;ap_0;18;4.8164;50000000.0;240820000.0
26.56930901741891;ue_4;ap_0;11;2.7305;50000000.0;136525000.0
26.56930901741891;ue_3;ap_0;15;3.9023;50000000.0;195115000.0
26.56930901741891;ue_4;ap_0;11;2.7305;50000000.0;136525000.0
26.57431380534489;ue_0;ap_5;22;5.8906;50000000.0;294530000.0
26.57431380534489;ue_9;ap_5;23;6.2266;50000000.0;311330000.0
26.57431380534489;ue_0;ap_5;18;4.8164;50000000.0;240820000.0
26.57431380534489;ue_9;ap_5;23;6.2266;50000000.0;311330000.0
26.634751551385673;ue_3;ap_0;15;3.9023;50000000.0;195115000.0
26.634751551385673;ue_4;ap_0;15;3.9023;50000000.0;195115000.0
26.634751551385673;ue_3;ap_0;15;3.9023;50000000.0;195115000.0
26.634751551385673;ue_4;ap_0;11;2.7305;50000000.0;136525000.0
26.98873370796303;ue_0;ap_5;18;4.8164;50000000.0;240820000.0
26.98873370796303;ue_9;ap_5;26;7.1602;50000000.0;358010000.0
26.98873370796303;ue_0;ap_5;18;4.8164;50000000.0;240820000.0
26.98873370796303;ue_9;ap_5;23;6.2266;50000000.0;311330000.0
27.06930901741891;ue_3;ap_0;18;4.8164;50000000.0;240820000.0
27.06930901741891;ue_4;ap_0;11;2.7305;50000000.0;136525000.0
27.06930901741891;ue_3;ap_0;15;3.9023;50000000.0;195115000.0
27.06930901741891;ue_4;ap_0;11;2.7305;50000000.0;136525000.0
27.07431380534489;ue_0;ap_5;22;5.8906;50000000.0;294530000.0
27.07431380534489;ue_9;ap_5;23;6.2266;50000000.0;311330000.0
27.07431380534489;ue_0;ap_5;18;4.8164;50000000.0;240820000.0
27.07431380534489;ue_9;ap_5;23;6.2266;50000000.0;311330000.0
27.134751551385673;ue_3;ap_0;15;3.9023;50000000.0;195115000.0
27.134751551385673;ue_4;ap_0;15;3.9023;50000000.0;195115000.0
27.134751551385673;ue_3;ap_0;15;3.9023;50000000.0;195115000.0
27.134751551385673;ue_4;ap_0;11;2.7305;50000000.0;136525000.0
27.48873370796303;ue_0;ap_5;18;4.8164;50000000.0;240820000.0
27.48873370796303;ue_9;ap_5;26;7.1602;50000000.0;358010000.0
27.48873370796303;ue_0;ap_5;18;4.8164;50000000.0;240820000.0
27.48873370796303;ue_9;ap_5;23;6.2266;50000000.0;311330000.0
27.56930901741891;ue_3;ap_0;18;4.8164;50000000.0;240820000.0
27.56930901741891;ue_4;ap_0;11;2.7305;50000000.0;136525000.0
27.56930901741891;ue_3;ap_0;15;3.9023;50000000.0;195115000.0
27.56930901741891;ue_4;ap_0;11;2.7305;50000000.0;136525000.0
27.57431380534489;ue_0;ap_5;22;5.8906;50000000.0;294530000.0
27.57431380534489;ue_9;ap_5;23;6.2266;50000000.0;311330000.0
27.57431380534489;ue_0;ap_5;18;4.8164;50000000.0;240820000.0
27.57431380534489;ue_9;ap_5;23;6.2266;50000000.0;311330000.0
27.634751551385673;ue_3;ap_0;15;3.9023;50000000.0;195115000.0
27.634751551385673;ue_4;ap_0;15;3.9023;50000000.0;195115000.0
27.634751551385673;ue_3;ap_0;15;3.9023;50000000.0;195115000.0
27.634751551385673;ue_4;ap_0;11;2.7305;50000000.0;136525000.0
27.98873370796303;ue_0;ap_5;18;4.8164;50000000.0;240820000.0
27.98873370796303;ue_9;ap_5;26;7.1602;50000000.0;358010000.0
27.98873370796303;ue_0;ap_5;18;4.8164;50000000.0;240820000.0
27.98873370796303;ue_9;ap_5;23;6.2266;50000000.0;311330000.0
28.06930901741891;ue_3;ap_0;18;4.8164;50000000.0;240820000.0
28.06930901741891;ue_4;ap_0;11;2.7305;50000000.0;136525000.0
28.06930901741891;ue_3;ap_0;15;3.9023;50000000.0;195115000.0
28.06930901741891;ue_4;ap_0;11;2.7305;50000000.0;136525000.0
28.07431380534489;ue_0;ap_5;22;5.8906;50000000.0;294530000.0
28.07431380534489;ue_9;ap_5;23;6.2266;50000000.0;311330000.0
28.07431380534489;ue_0;ap_5;18;4.8164;50000000.0;240820000.0
28.07431380534489;ue_9;ap_5;23;6.2266;50000000.0;311330000.0
28.134751551385673;ue_3;ap_0;15;3.9023;50000000.0;195115000.0
28.134751551385673;ue_4;ap_0;15;3.9023;50000000.0;195115000.0
28.134751551385673;ue_3;ap_0;15;3.9023;50000000.0;195115000.0
28.134751551385673;ue_4;ap_0;11;2.7305;50000000.0;136525000.0
28.48873370796303;ue_0;ap_5;18;4.8164;50000000.0;240820000.0
28.48873370796303;ue_9;ap_5;26;7.1602;50000000.0;358010000.0
28.48873370796303;ue_0;ap_5;18;4.8164;50000000.0;240820000.0
28.48873370796303;ue_9;ap_5;23;6.2266;50000000.0;311330000.0
28.56930901741891;ue_3;ap_0;18;4.8164;50000000.0;240820000.0
28.56930901741891;ue_4;ap_0;11;2.7305;50000000.0;136525000.0
28.56930901741891;ue_3;ap_0;15;3.9023;50000000.0;195115000.0
28.56930901741891;ue_4;ap_0;11;2.7305;50000000.0;136525000.0
28.57431380534489;ue_0;ap_5;22;5.8906;50000000.0;294530000.0
28.57431380534489;ue_9;ap_5;23;6.2266;50000000.0;311330000.0
28.57431380534489;ue_0;ap_5;18;4.8164;50000000.0;240820000.0
28.57431380534489;ue_9;ap_5;23;6.2266;50000000.0;311330000.0
28.634751551385673;ue_3;ap_0;15;3.9023;50000000.0;195115000.0
28.634751551385673;ue_4;ap_0;15;3.9023;50000000.0;195115000.0
28.634751551385673;ue_3;ap_0;15;3.9023;50000000.0;195115000.0
28.634751551385673;ue_4;ap_0;11;2.7305;50000000.0;136525000.0
28.98873370796303;ue_0;ap_5;18;4.8164;50000000.0;240820000.0
28.98873370796303;ue_9;ap_5;26;7.1602;50000000.0;358010000.0
28.98873370796303;ue_0;ap_5;18;4.8164;50000000.0;240820000.0
28.98873370796303;ue_9;ap_5;23;6.2266;50000000.0;311330000.0
29.06930901741891;ue_3;ap_0;18;4.8164;50000000.0;240820000.0
29.06930901741891;ue_4;ap_0;11;2.7305;50000000.0;136525000.0
29.06930901741891;ue_3;ap_0;15;3.9023;50000000.0;195115000.0
29.06930901741891;ue_4;ap_0;11;2.7305;50000000.0;136525000.0
29.07431380534489;ue_0;ap_5;22;5.8906;50000000.0;294530000.0
29.07431380534489;ue_9;ap_5;23;6.2266;50000000.0;311330000.0
29.07431380534489;ue_0;ap_5;18;4.8164;50000000.0;240820000.0
29.07431380534489;ue_9;ap_5;23;6.2266;50000000.0;311330000.0
29.134751551385673;ue_3;ap_0;15;3.9023;50000000.0;195115000.0
29.134751551385673;ue_4;ap_0;15;3.9023;50000000.0;195115000.0
29.134751551385673;ue_3;ap_0;15;3.9023;50000000.0;195115000.0
29.134751551385673;ue_4;ap_0;11;2.7305;50000000.0;136525000.0
29.48873370796303;ue_0;ap_5;18;4.8164;50000000.0;240820000.0
29.48873370796303;ue_9;ap_5;26;7.1602;50000000.0;358010000.0
29.48873370796303;ue_0;ap_5;18;4.8164;50000000.0;240820000.0
29.48873370796303;ue_9;ap_5;23;6.2266;50000000.0;311330000.0
29.56930901741891;ue_3;ap_0;18;4.8164;50000000.0;240820000.0
29.56930901741891;ue_4;ap_0;11;2.7305;50000000.0;136525000.0
29.56930901741891;ue_3;ap_0;15;3.9023;50000000.0;195115000.0
29.56930901741891;ue_4;ap_0;11;2.7305;50000000.0;136525000.0
29.57431380534489;ue_0;ap_5;22;5.8906;50000000.0;294530000.0
29.57431380534489;ue_9;ap_5;23;6.2266;50000000.0;311330000.0
29.57431380534489;ue_0;ap_5;18;4.8164;50000000.0;240820000.0
29.57431380534489;ue_9;ap_5;23;6.2266;50000000.0;311330000.0
29.634751551385673;ue_3;ap_0;15;3.9023;50000000.0;195115000.0
29.634751551385673;ue_4;ap_0;15;3.9023;50000000.0;195115000.0
29.634751551385673;ue_3;ap_0;15;3.9023;50000000.0;195115000.0
29.634751551385673;ue_4;ap_0;11;2.7305;50000000.0;136525000.0
29.98873370796303;ue_0;ap_5;18;4.8164;50000000.0;240820000.0
29.98873370796303;ue_9;ap_5;26;7.1602;50000000.0;358010000.0
29.98873370796303;ue_0;ap_5;18;4.8164;50000000.0;240820000.0
29.98873370796303;ue_9;ap_5;23;6.2266;50000000.0;311330000.0
