time;classic_power;classic_u;edc_id;lite_power;lite_u;shortcut_power;shortcut_u;u_shortcut_vs_classic;u_lite_vs_classic;u_lite_vs_shortcut;power_shortcut_vs_classic;power_lite_vs_classic;power_lite_vs_shortcut
0.0;0.0;0;edc_2;0.0;0;0.0;0;0;0;0;0.0;0.0;0.0
1.0;176.557510375977;0;edc_2;176.557510375977;0;176.557510375977;0;0;0;0;0.0;0.0;0.0
1.2;185.543907165527;20;edc_2;185.543907165527;20;185.543907165527;20;0;0;0;0.0;0.0;0.0
1.5;185.543907165527;20;edc_2;273.822662353516;20;185.543907165527;20;0;0;0;0.0;88.27875518798902;88.27875518798902
1.50199245019795;185.543907165527;20;edc_2;273.822662353516;20;273.822662353516;20;0;0;0;88.27875518798902;88.27875518798902;0.0
1.5020300954441599;273.822662353516;20;edc_2;273.822662353516;20;273.822662353516;20;0;0;0;0.0;0.0;0.0
11.4;273.822662353516;20;edc_2;264.836265563965;0;264.836265563965;0;-20;-20;0;-8.986396789551009;-8.986396789551009;0.0
11.400008170733098;264.836265563965;0;edc_2;264.836265563965;0;264.836265563965;0;0;0;0;0.0;0.0;0.0
12.1;264.836265563965;0;edc_2;273.822662353516;20;264.836265563965;0;0;20;20;0.0;8.986396789551009;8.986396789551009
12.2;264.836265563965;0;edc_2;185.543907165527;20;176.557510375977;0;0;20;20;-88.27875518798803;-79.29235839843801;8.986396789550014
12.2000081707331;176.557510375977;0;edc_2;185.543907165527;20;176.557510375977;0;0;20;20;0.0;8.986396789550014;8.986396789550014
12.2019924501979;176.557510375977;0;edc_2;185.543907165527;20;185.543907165527;20;20;20;0;8.986396789550014;8.986396789550014;0.0
12.2020300954442;185.543907165527;20;edc_2;185.543907165527;20;185.543907165527;20;0;0;0;0.0;0.0;0.0
13.2;185.543907165527;20;edc_2;273.822662353516;20;273.822662353516;20;0;0;0;88.27875518798902;88.27875518798902;0.0
13.2000081707331;273.822662353516;20;edc_2;273.822662353516;20;273.822662353516;20;0;0;0;0.0;0.0;0.0
22.3;273.822662353516;20;edc_2;264.836265563965;0;273.822662353516;20;0;-20;-20;0.0;-8.986396789551009;-8.986396789551009
22.4019924501979;273.822662353516;20;edc_2;264.836265563965;0;264.836265563965;0;-20;-20;0;-8.986396789551009;-8.986396789551009;0.0
22.4020382661772;264.836265563965;0;edc_2;264.836265563965;0;264.836265563965;0;0;0;0;0.0;0.0;0.0
23.0;264.836265563965;0;edc_2;273.822662353516;20;264.836265563965;0;0;20;20;0.0;8.986396789551009;8.986396789551009
23.1;264.836265563965;0;edc_2;185.543907165527;20;264.836265563965;0;0;20;20;0.0;-79.29235839843801;-79.29235839843801
23.201992450197896;264.836265563965;0;edc_2;185.543907165527;20;185.543907165527;20;20;20;0;-79.29235839843801;-79.29235839843801;0.0
23.202030095444197;273.822662353516;20;edc_2;185.543907165527;20;185.543907165527;20;0;0;0;-88.27875518798902;-88.27875518798902;0.0
23.2020382661772;185.543907165527;20;edc_2;185.543907165527;20;185.543907165527;20;0;0;0;0.0;0.0;0.0
24.1;185.543907165527;20;edc_2;273.822662353516;20;185.543907165527;20;0;0;0;0.0;88.27875518798902;88.27875518798902
24.201992450197896;185.543907165527;20;edc_2;273.822662353516;20;273.822662353516;20;0;0;0;88.27875518798902;88.27875518798902;0.0
24.2020382661772;273.822662353516;20;edc_2;273.822662353516;20;273.822662353516;20;0;0;0;0.0;0.0;0.0
33.2;273.822662353516;20;edc_2;264.836265563965;0;273.822662353516;20;0;-20;-20;0.0;-8.986396789551009;-8.986396789551009
33.401992450198;273.822662353516;20;edc_2;264.836265563965;0;264.836265563965;0;-20;-20;0;-8.986396789551009;-8.986396789551009;0.0
33.4020382661772;264.836265563965;0;edc_2;264.836265563965;0;264.836265563965;0;0;0;0;0.0;0.0;0.0
33.9;264.836265563965;0;edc_2;273.822662353516;20;264.836265563965;0;0;20;20;0.0;8.986396789551009;8.986396789551009
34.0;264.836265563965;0;edc_2;185.543907165527;20;264.836265563965;0;0;20;20;0.0;-79.29235839843801;-79.29235839843801
34.2019924501979;264.836265563965;0;edc_2;185.543907165527;20;176.557510375977;0;0;20;20;-88.27875518798803;-79.29235839843801;8.986396789550014
34.201992450198;264.836265563965;0;edc_2;185.543907165527;20;185.543907165527;20;20;20;0;-79.29235839843801;-79.29235839843801;0.0
34.2020300954441;273.822662353516;20;edc_2;185.543907165527;20;185.543907165527;20;0;0;0;-88.27875518798902;-88.27875518798902;0.0
34.202038266177205;185.543907165527;20;edc_2;185.543907165527;20;185.543907165527;20;0;0;0;0.0;0.0;0.0
35.0;185.543907165527;20;edc_2;273.822662353516;20;185.543907165527;20;0;0;0;0.0;88.27875518798902;88.27875518798902
35.2019924501979;185.543907165527;20;edc_2;273.822662353516;20;273.822662353516;20;0;0;0;88.27875518798902;88.27875518798902;0.0
35.202038266177205;273.822662353516;20;edc_2;273.822662353516;20;273.822662353516;20;0;0;0;0.0;0.0;0.0
44.1;273.822662353516;20;edc_2;264.836265563965;0;273.822662353516;20;0;-20;-20;0.0;-8.986396789551009;-8.986396789551009
44.401992450198;273.822662353516;20;edc_2;264.836265563965;0;264.836265563965;0;-20;-20;0;-8.986396789551009;-8.986396789551009;0.0
44.40203826617721;264.836265563965;0;edc_2;264.836265563965;0;264.836265563965;0;0;0;0;0.0;0.0;0.0
44.8;264.836265563965;0;edc_2;273.822662353516;20;264.836265563965;0;0;20;20;0.0;8.986396789551009;8.986396789551009
44.9;264.836265563965;0;edc_2;185.543907165527;20;264.836265563965;0;0;20;20;0.0;-79.29235839843801;-79.29235839843801
45.201992450198;264.836265563965;0;edc_2;185.543907165527;20;185.543907165527;20;20;20;0;-79.29235839843801;-79.29235839843801;0.0
45.202030095444094;273.822662353516;20;edc_2;185.543907165527;20;185.543907165527;20;0;0;0;-88.27875518798902;-88.27875518798902;0.0
45.202038266177205;185.543907165527;20;edc_2;185.543907165527;20;185.543907165527;20;0;0;0;0.0;0.0;0.0
45.9;185.543907165527;20;edc_2;273.822662353516;20;185.543907165527;20;0;0;0;0.0;88.27875518798902;88.27875518798902
46.201992450198;185.543907165527;20;edc_2;273.822662353516;20;273.822662353516;20;0;0;0;88.27875518798902;88.27875518798902;0.0
46.202038266177205;273.822662353516;20;edc_2;273.822662353516;20;273.822662353516;20;0;0;0;0.0;0.0;0.0
55.0;273.822662353516;20;edc_2;264.836265563965;0;273.822662353516;20;0;-20;-20;0.0;-8.986396789551009;-8.986396789551009
55.401992450198;273.822662353516;20;edc_2;264.836265563965;0;264.836265563965;0;-20;-20;0;-8.986396789551009;-8.986396789551009;0.0
55.40203826617721;264.836265563965;0;edc_2;264.836265563965;0;264.836265563965;0;0;0;0;0.0;0.0;0.0
55.7;264.836265563965;0;edc_2;273.822662353516;20;264.836265563965;0;0;20;20;0.0;8.986396789551009;8.986396789551009
55.8;264.836265563965;0;edc_2;185.543907165527;20;264.836265563965;0;0;20;20;0.0;-79.29235839843801;-79.29235839843801
56.201992450198;264.836265563965;0;edc_2;185.543907165527;20;185.543907165527;20;20;20;0;-79.29235839843801;-79.29235839843801;0.0
56.202030095444094;273.822662353516;20;edc_2;185.543907165527;20;185.543907165527;20;0;0;0;-88.27875518798902;-88.27875518798902;0.0
56.202038266177205;185.543907165527;20;edc_2;185.543907165527;20;185.543907165527;20;0;0;0;0.0;0.0;0.0
56.8;185.543907165527;20;edc_2;273.822662353516;20;185.543907165527;20;0;0;0;0.0;88.27875518798902;88.27875518798902
57.201992450198;185.543907165527;20;edc_2;273.822662353516;20;273.822662353516;20;0;0;0;88.27875518798902;88.27875518798902;0.0
57.202038266177205;273.822662353516;20;edc_2;273.822662353516;20;273.822662353516;20;0;0;0;0.0;0.0;0.0
65.9;273.822662353516;20;edc_2;264.836265563965;0;273.822662353516;20;0;-20;-20;0.0;-8.986396789551009;-8.986396789551009
66.40199245019801;273.822662353516;20;edc_2;264.836265563965;0;264.836265563965;0;-20;-20;0;-8.986396789551009;-8.986396789551009;0.0
66.4020382661772;264.836265563965;0;edc_2;264.836265563965;0;264.836265563965;0;0;0;0;0.0;0.0;0.0
66.6;264.836265563965;0;edc_2;273.822662353516;20;264.836265563965;0;0;20;20;0.0;8.986396789551009;8.986396789551009
66.7;264.836265563965;0;edc_2;185.543907165527;20;264.836265563965;0;0;20;20;0.0;-79.29235839843801;-79.29235839843801
67.20199245019789;264.836265563965;0;edc_2;185.543907165527;20;273.822662353516;20;20;20;0;8.986396789551009;-79.29235839843801;-88.27875518798902
67.201992450198;264.836265563965;0;edc_2;185.543907165527;20;185.543907165527;20;20;20;0;-79.29235839843801;-79.29235839843801;0.0
67.2020300954441;273.822662353516;20;edc_2;185.543907165527;20;185.543907165527;20;0;0;0;-88.27875518798902;-88.27875518798902;0.0
67.20203826617721;185.543907165527;20;edc_2;185.543907165527;20;185.543907165527;20;0;0;0;0.0;0.0;0.0
67.7;185.543907165527;20;edc_2;273.822662353516;20;185.543907165527;20;0;0;0;0.0;88.27875518798902;88.27875518798902
68.201992450198;185.543907165527;20;edc_2;273.822662353516;20;273.822662353516;20;0;0;0;88.27875518798902;88.27875518798902;0.0
68.20203826617721;273.822662353516;20;edc_2;273.822662353516;20;273.822662353516;20;0;0;0;0.0;0.0;0.0
76.8;273.822662353516;20;edc_2;264.836265563965;0;273.822662353516;20;0;-20;-20;0.0;-8.986396789551009;-8.986396789551009
77.40199245019801;273.822662353516;20;edc_2;264.836265563965;0;264.836265563965;0;-20;-20;0;-8.986396789551009;-8.986396789551009;0.0
77.4020382661772;264.836265563965;0;edc_2;264.836265563965;0;264.836265563965;0;0;0;0;0.0;0.0;0.0
77.5;264.836265563965;0;edc_2;273.822662353516;20;264.836265563965;0;0;20;20;0.0;8.986396789551009;8.986396789551009
77.6;264.836265563965;0;edc_2;185.543907165527;20;264.836265563965;0;0;20;20;0.0;-79.29235839843801;-79.29235839843801
78.2019924501979;264.836265563965;0;edc_2;185.543907165527;20;185.543907165527;20;20;20;0;-79.29235839843801;-79.29235839843801;0.0
78.2020300954441;273.822662353516;20;edc_2;185.543907165527;20;185.543907165527;20;0;0;0;-88.27875518798902;-88.27875518798902;0.0
78.20203826617721;185.543907165527;20;edc_2;185.543907165527;20;185.543907165527;20;0;0;0;0.0;0.0;0.0
78.6;185.543907165527;20;edc_2;273.822662353516;20;185.543907165527;20;0;0;0;0.0;88.27875518798902;88.27875518798902
79.2019924501979;185.543907165527;20;edc_2;273.822662353516;20;273.822662353516;20;0;0;0;88.27875518798902;88.27875518798902;0.0
79.20203826617721;273.822662353516;20;edc_2;273.822662353516;20;273.822662353516;20;0;0;0;0.0;0.0;0.0
87.8;273.822662353516;20;edc_2;264.836265563965;0;273.822662353516;20;0;-20;-20;0.0;-8.986396789551009;-8.986396789551009
88.40199245019801;273.822662353516;20;edc_2;264.836265563965;0;264.836265563965;0;-20;-20;0;-8.986396789551009;-8.986396789551009;0.0
88.40203818128641;264.836265563965;0;edc_2;264.836265563965;0;264.836265563965;0;0;0;0;0.0;0.0;0.0
88.5;264.836265563965;0;edc_2;273.822662353516;20;264.836265563965;0;0;20;20;0.0;8.986396789551009;8.986396789551009
88.6;264.836265563965;0;edc_2;185.543907165527;20;264.836265563965;0;0;20;20;0.0;-79.29235839843801;-79.29235839843801
89.2019923700242;264.836265563965;0;edc_2;185.543907165527;20;273.822662353516;20;20;20;0;8.986396789551009;-79.29235839843801;-88.27875518798902
89.2019924501979;264.836265563965;0;edc_2;185.543907165527;20;185.543907165527;20;20;20;0;-79.29235839843801;-79.29235839843801;0.0
89.20202918158421;273.822662353516;20;edc_2;185.543907165527;20;185.543907165527;20;0;0;0;-88.27875518798902;-88.27875518798902;0.0
89.20203818128641;185.543907165527;20;edc_2;185.543907165527;20;185.543907165527;20;0;0;0;0.0;0.0;0.0
89.6;185.543907165527;20;edc_2;273.822662353516;20;185.543907165527;20;0;0;0;0.0;88.27875518798902;88.27875518798902
90.2019924501979;185.543907165527;20;edc_2;273.822662353516;20;273.822662353516;20;0;0;0;88.27875518798902;88.27875518798902;0.0
90.20203818128641;273.822662353516;20;edc_2;273.822662353516;20;273.822662353516;20;0;0;0;0.0;0.0;0.0
98.7;273.822662353516;20;edc_2;264.836265563965;0;273.822662353516;20;0;-20;-20;0.0;-8.986396789551009;-8.986396789551009
99.4;273.822662353516;20;edc_2;273.822662353516;20;273.822662353516;20;0;0;0;0.0;0.0;0.0
99.4019923700242;273.822662353516;20;edc_2;273.822662353516;20;264.836265563965;0;-20;0;20;-8.986396789551009;0.0;8.986396789551009
99.4020369411047;264.836265563965;0;edc_2;273.822662353516;20;264.836265563965;0;0;20;20;0.0;8.986396789551009;8.986396789551009
99.5;264.836265563965;0;edc_2;185.543907165527;20;264.836265563965;0;0;20;20;0.0;-79.29235839843801;-79.29235839843801
100.201992328378;264.836265563965;0;edc_2;185.543907165527;20;273.822662353516;20;20;20;0;8.986396789551009;-79.29235839843801;-88.27875518798902
100.201992370024;264.836265563965;0;edc_2;185.543907165527;20;185.543907165527;20;20;20;0;-79.29235839843801;-79.29235839843801;0.0
100.202028751248;273.822662353516;20;edc_2;185.543907165527;20;185.543907165527;20;0;0;0;-88.27875518798902;-88.27875518798902;0.0
100.202036941105;185.543907165527;20;edc_2;185.543907165527;20;185.543907165527;20;0;0;0;0.0;0.0;0.0
100.5;185.543907165527;20;edc_2;273.822662353516;20;185.543907165527;20;0;0;0;0.0;88.27875518798902;88.27875518798902
101.201992370024;185.543907165527;20;edc_2;273.822662353516;20;273.822662353516;20;0;0;0;88.27875518798902;88.27875518798902;0.0
101.202036941105;273.822662353516;20;edc_2;273.822662353516;20;273.822662353516;20;0;0;0;0.0;0.0;0.0
109.6;273.822662353516;20;edc_2;264.836265563965;0;273.822662353516;20;0;-20;-20;0.0;-8.986396789551009;-8.986396789551009
110.3;273.822662353516;20;edc_2;273.822662353516;20;273.822662353516;20;0;0;0;0.0;0.0;0.0
110.4;273.822662353516;20;edc_2;185.543907165527;20;273.822662353516;20;0;0;0;0.0;-88.27875518798902;-88.27875518798902
110.40199232837799;273.822662353516;20;edc_2;185.543907165527;20;264.836265563965;0;-20;0;20;-8.986396789551009;-88.27875518798902;-79.29235839843801
110.40203636092;264.836265563965;0;edc_2;185.543907165527;20;264.836265563965;0;0;20;20;0.0;-79.29235839843801;-79.29235839843801
111.20199228571501;264.836265563965;0;edc_2;185.543907165527;20;273.822662353516;20;20;20;0;8.986396789551009;-79.29235839843801;-88.27875518798902
111.201992328378;264.836265563965;0;edc_2;185.543907165527;20;185.543907165527;20;20;20;0;-79.29235839843801;-79.29235839843801;0.0
111.20202834803499;273.822662353516;20;edc_2;185.543907165527;20;185.543907165527;20;0;0;0;-88.27875518798902;-88.27875518798902;0.0
111.20203636091999;185.543907165527;20;edc_2;185.543907165527;20;185.543907165527;20;0;0;0;0.0;0.0;0.0
111.4;185.543907165527;20;edc_2;273.822662353516;20;185.543907165527;20;0;0;0;0.0;88.27875518798902;88.27875518798902
112.201992328378;185.543907165527;20;edc_2;273.822662353516;20;273.822662353516;20;0;0;0;88.27875518798902;88.27875518798902;0.0
112.20203636091999;273.822662353516;20;edc_2;273.822662353516;20;273.822662353516;20;0;0;0;0.0;0.0;0.0
120.5;273.822662353516;20;edc_2;264.836265563965;0;273.822662353516;20;0;-20;-20;0.0;-8.986396789551009;-8.986396789551009
121.2;273.822662353516;20;edc_2;273.822662353516;20;273.822662353516;20;0;0;0;0.0;0.0;0.0
121.3;273.822662353516;20;edc_2;185.543907165527;20;273.822662353516;20;0;0;0;0.0;-88.27875518798902;-88.27875518798902
121.40199228571501;273.822662353516;20;edc_2;185.543907165527;20;264.836265563965;0;-20;0;20;-8.986396789551009;-88.27875518798902;-79.29235839843801
121.402035707271;264.836265563965;0;edc_2;185.543907165527;20;264.836265563965;0;0;20;20;0.0;-79.29235839843801;-79.29235839843801
122.201992104951;264.836265563965;0;edc_2;185.543907165527;20;273.822662353516;20;20;20;0;8.986396789551009;-79.29235839843801;-88.27875518798902
122.20199228571501;264.836265563965;0;edc_2;185.543907165527;20;185.543907165527;20;20;20;0;-79.29235839843801;-79.29235839843801;0.0
122.20202727872801;273.822662353516;20;edc_2;185.543907165527;20;185.543907165527;20;0;0;0;-88.27875518798902;-88.27875518798902;0.0
122.20203570727101;185.543907165527;20;edc_2;185.543907165527;20;185.543907165527;20;0;0;0;0.0;0.0;0.0
122.3;185.543907165527;20;edc_2;273.822662353516;20;185.543907165527;20;0;0;0;0.0;88.27875518798902;88.27875518798902
123.20199228571501;185.543907165527;20;edc_2;273.822662353516;20;273.822662353516;20;0;0;0;88.27875518798902;88.27875518798902;0.0
123.20203570727101;273.822662353516;20;edc_2;273.822662353516;20;273.822662353516;20;0;0;0;0.0;0.0;0.0
131.4;273.822662353516;20;edc_2;264.836265563965;0;273.822662353516;20;0;-20;-20;0.0;-8.986396789551009;-8.986396789551009
132.1;273.822662353516;20;edc_2;273.822662353516;20;273.822662353516;20;0;0;0;0.0;0.0;0.0
132.2;273.822662353516;20;edc_2;185.543907165527;20;273.822662353516;20;0;0;0;0.0;-88.27875518798902;-88.27875518798902
132.401992104951;273.822662353516;20;edc_2;185.543907165527;20;264.836265563965;0;-20;0;20;-8.986396789551009;-88.27875518798902;-79.29235839843801
132.402034462112;264.836265563965;0;edc_2;185.543907165527;20;264.836265563965;0;0;20;20;0.0;-79.29235839843801;-79.29235839843801
133.2;264.836265563965;0;edc_2;273.822662353516;20;264.836265563965;0;0;20;20;0.0;8.986396789551009;8.986396789551009
133.201992104395;264.836265563965;0;edc_2;273.822662353516;20;273.822662353516;20;20;20;0;8.986396789551009;8.986396789551009;0.0
133.201992104951;264.836265563965;0;edc_2;273.822662353516;20;185.543907165527;20;20;20;0;-79.29235839843801;8.986396789551009;88.27875518798902
133.202027284362;273.822662353516;20;edc_2;273.822662353516;20;185.543907165527;20;0;0;0;-88.27875518798902;0.0;88.27875518798902
133.202034462112;185.543907165527;20;edc_2;273.822662353516;20;185.543907165527;20;0;0;0;0.0;88.27875518798902;88.27875518798902
134.201992104951;185.543907165527;20;edc_2;273.822662353516;20;273.822662353516;20;0;0;0;88.27875518798902;88.27875518798902;0.0
134.202034462112;273.822662353516;20;edc_2;273.822662353516;20;273.822662353516;20;0;0;0;0.0;0.0;0.0
142.3;273.822662353516;20;edc_2;264.836265563965;0;273.822662353516;20;0;-20;-20;0.0;-8.986396789551009;-8.986396789551009
143.0;273.822662353516;20;edc_2;273.822662353516;20;273.822662353516;20;0;0;0;0.0;0.0;0.0
143.1;273.822662353516;20;edc_2;185.543907165527;20;273.822662353516;20;0;0;0;0.0;-88.27875518798902;-88.27875518798902
143.40199210439502;273.822662353516;20;edc_2;185.543907165527;20;264.836265563965;0;-20;0;20;-8.986396789551009;-88.27875518798902;-79.29235839843801
143.402034469602;264.836265563965;0;edc_2;185.543907165527;20;264.836265563965;0;0;20;20;0.0;-79.29235839843801;-79.29235839843801
144.1;264.836265563965;0;edc_2;273.822662353516;20;264.836265563965;0;0;20;20;0.0;8.986396789551009;8.986396789551009
144.20199210411698;264.836265563965;0;edc_2;273.822662353516;20;273.822662353516;20;20;20;0;8.986396789551009;8.986396789551009;0.0
144.201992104395;264.836265563965;0;edc_2;273.822662353516;20;185.543907165527;20;20;20;0;-79.29235839843801;8.986396789551009;88.27875518798902
144.20202728718098;273.822662353516;20;edc_2;273.822662353516;20;185.543907165527;20;0;0;0;-88.27875518798902;0.0;88.27875518798902
144.20203446960198;185.543907165527;20;edc_2;273.822662353516;20;185.543907165527;20;0;0;0;0.0;88.27875518798902;88.27875518798902
145.201992104395;185.543907165527;20;edc_2;273.822662353516;20;273.822662353516;20;0;0;0;88.27875518798902;88.27875518798902;0.0
145.20203446960198;273.822662353516;20;edc_2;273.822662353516;20;273.822662353516;20;0;0;0;0.0;0.0;0.0
147.2;273.822662353516;20;edc_2;281.749771118164;40;273.822662353516;20;0;20;20;0.0;7.927108764647983;7.927108764647983
147.701994855594;273.822662353516;20;edc_2;281.749771118164;40;281.749771118164;40;20;20;0;7.927108764647983;7.927108764647983;0.0
148.70202520200502;281.749771118164;40;edc_2;281.749771118164;40;281.749771118164;40;0;0;0;0.0;0.0;0.0
153.2;281.749771118164;40;edc_2;273.822662353516;20;281.749771118164;40;0;-20;-20;0.0;-7.927108764647983;-7.927108764647983
153.9;281.749771118164;40;edc_2;281.749771118164;40;281.749771118164;40;0;0;0;0.0;0.0;0.0
154.401992104117;281.749771118164;40;edc_2;281.749771118164;40;273.822662353516;20;-20;0;20;-7.927108764647983;0.0;7.927108764647983
154.40203444418898;273.822662353516;20;edc_2;281.749771118164;40;273.822662353516;20;0;20;20;0.0;7.927108764647983;7.927108764647983
155.201992055482;273.822662353516;20;edc_2;281.749771118164;40;281.749771118164;40;20;20;0;7.927108764647983;7.927108764647983;0.0
155.202027094289;281.749771118164;40;edc_2;281.749771118164;40;281.749771118164;40;0;0;0;0.0;0.0;0.0
157.4;281.749771118164;40;edc_2;273.822662353516;20;281.749771118164;40;0;-20;-20;0.0;-7.927108764647983;-7.927108764647983
157.901994855594;281.749771118164;40;edc_2;273.822662353516;20;273.822662353516;20;-20;-20;0;-7.927108764647983;-7.927108764647983;0.0
158.1;281.749771118164;40;edc_2;281.749771118164;40;273.822662353516;20;-20;0;20;-7.927108764647983;0.0;7.927108764647983
158.70199464546602;281.749771118164;40;edc_2;281.749771118164;40;281.749771118164;40;0;0;0;0.0;0.0;0.0
158.902033652413;273.822662353516;20;edc_2;281.749771118164;40;281.749771118164;40;20;20;0;7.927108764647983;7.927108764647983;0.0
159.702023819488;281.749771118164;40;edc_2;281.749771118164;40;281.749771118164;40;0;0;0;0.0;0.0;0.0
164.1;281.749771118164;40;edc_2;273.822662353516;20;281.749771118164;40;0;-20;-20;0.0;-7.927108764647983;-7.927108764647983
164.8;281.749771118164;40;edc_2;281.749771118164;40;281.749771118164;40;0;0;0;0.0;0.0;0.0
165.401992055482;281.749771118164;40;edc_2;281.749771118164;40;273.822662353516;20;-20;0;20;-7.927108764647983;0.0;7.927108764647983
165.402034269746;273.822662353516;20;edc_2;281.749771118164;40;273.822662353516;20;0;20;20;0.0;7.927108764647983;7.927108764647983
166.20199200289;273.822662353516;20;edc_2;281.749771118164;40;281.749771118164;40;20;20;0;7.927108764647983;7.927108764647983;0.0
166.202027278196;281.749771118164;40;edc_2;281.749771118164;40;281.749771118164;40;0;0;0;0.0;0.0;0.0
168.3;281.749771118164;40;edc_2;273.822662353516;20;281.749771118164;40;0;-20;-20;0.0;-7.927108764647983;-7.927108764647983
168.901994645466;281.749771118164;40;edc_2;273.822662353516;20;273.822662353516;20;-20;-20;0;-7.927108764647983;-7.927108764647983;0.0
169.0;281.749771118164;40;edc_2;281.749771118164;40;273.822662353516;20;-20;0;20;-7.927108764647983;0.0;7.927108764647983
169.701994606578;281.749771118164;40;edc_2;281.749771118164;40;281.749771118164;40;0;0;0;0.0;0.0;0.0
169.902032008942;273.822662353516;20;edc_2;281.749771118164;40;281.749771118164;40;20;20;0;7.927108764647983;7.927108764647983;0.0
170.702023648217;281.749771118164;40;edc_2;281.749771118164;40;281.749771118164;40;0;0;0;0.0;0.0;0.0
175.0;281.749771118164;40;edc_2;273.822662353516;20;281.749771118164;40;0;-20;-20;0.0;-7.927108764647983;-7.927108764647983
175.7;281.749771118164;40;edc_2;281.749771118164;40;281.749771118164;40;0;0;0;0.0;0.0;0.0
176.40199200288998;281.749771118164;40;edc_2;281.749771118164;40;273.822662353516;20;-20;0;20;-7.927108764647983;0.0;7.927108764647983
176.402034743896;273.822662353516;20;edc_2;281.749771118164;40;273.822662353516;20;0;20;20;0.0;7.927108764647983;7.927108764647983
177.20199188614498;273.822662353516;20;edc_2;281.749771118164;40;281.749771118164;40;20;20;0;7.927108764647983;7.927108764647983;0.0
177.202028376169;281.749771118164;40;edc_2;281.749771118164;40;281.749771118164;40;0;0;0;0.0;0.0;0.0
179.2;281.749771118164;40;edc_2;273.822662353516;20;281.749771118164;40;0;-20;-20;0.0;-7.927108764647983;-7.927108764647983
179.9;281.749771118164;40;edc_2;281.749771118164;40;281.749771118164;40;0;0;0;0.0;0.0;0.0
179.901994606578;281.749771118164;40;edc_2;281.749771118164;40;273.822662353516;20;-20;0;20;-7.927108764647983;0.0;7.927108764647983
180.70199456391398;281.749771118164;40;edc_2;281.749771118164;40;281.749771118164;40;0;0;0;0.0;0.0;0.0
180.90203180453;273.822662353516;20;edc_2;281.749771118164;40;281.749771118164;40;20;20;0;7.927108764647983;7.927108764647983;0.0
181.702023593428;281.749771118164;40;edc_2;281.749771118164;40;281.749771118164;40;0;0;0;0.0;0.0;0.0
185.9;281.749771118164;40;edc_2;273.822662353516;20;281.749771118164;40;0;-20;-20;0.0;-7.927108764647983;-7.927108764647983
186.6;281.749771118164;40;edc_2;281.749771118164;40;281.749771118164;40;0;0;0;0.0;0.0;0.0
187.40199188614497;281.749771118164;40;edc_2;281.749771118164;40;273.822662353516;20;-20;0;20;-7.927108764647983;0.0;7.927108764647983
187.40203624006;273.822662353516;20;edc_2;281.749771118164;40;273.822662353516;20;0;20;20;0.0;7.927108764647983;7.927108764647983
188.20199182215902;273.822662353516;20;edc_2;281.749771118164;40;281.749771118164;40;20;20;0;7.927108764647983;7.927108764647983;0.0
188.202029088413;281.749771118164;40;edc_2;281.749771118164;40;281.749771118164;40;0;0;0;0.0;0.0;0.0
190.1;281.749771118164;40;edc_2;273.822662353516;20;281.749771118164;40;0;-20;-20;0.0;-7.927108764647983;-7.927108764647983
190.8;281.749771118164;40;edc_2;281.749771118164;40;281.749771118164;40;0;0;0;0.0;0.0;0.0
190.901994563914;281.749771118164;40;edc_2;281.749771118164;40;273.822662353516;20;-20;0;20;-7.927108764647983;0.0;7.927108764647983
191.70199446761;281.749771118164;40;edc_2;281.749771118164;40;281.749771118164;40;0;0;0;0.0;0.0;0.0
191.902031803058;273.822662353516;20;edc_2;281.749771118164;40;281.749771118164;40;20;20;0;7.927108764647983;7.927108764647983;0.0
192.70202370828602;281.749771118164;40;edc_2;281.749771118164;40;281.749771118164;40;0;0;0;0.0;0.0;0.0
196.8;281.749771118164;40;edc_2;273.822662353516;20;281.749771118164;40;0;-20;-20;0.0;-7.927108764647983;-7.927108764647983
197.5;281.749771118164;40;edc_2;281.749771118164;40;281.749771118164;40;0;0;0;0.0;0.0;0.0
198.401991822159;281.749771118164;40;edc_2;281.749771118164;40;273.822662353516;20;-20;0;20;-7.927108764647983;0.0;7.927108764647983
198.402037442913;273.822662353516;20;edc_2;281.749771118164;40;273.822662353516;20;0;20;20;0.0;7.927108764647983;7.927108764647983
199.201991577431;273.822662353516;20;edc_2;281.749771118164;40;281.749771118164;40;20;20;0;7.927108764647983;7.927108764647983;0.0
199.202030520504;281.749771118164;40;edc_2;281.749771118164;40;281.749771118164;40;0;0;0;0.0;0.0;0.0
201.0;281.749771118164;40;edc_2;273.822662353516;20;281.749771118164;40;0;-20;-20;0.0;-7.927108764647983;-7.927108764647983
201.7;281.749771118164;40;edc_2;281.749771118164;40;281.749771118164;40;0;0;0;0.0;0.0;0.0
201.90199446761002;281.749771118164;40;edc_2;281.749771118164;40;273.822662353516;20;-20;0;20;-7.927108764647983;0.0;7.927108764647983
202.701994414161;281.749771118164;40;edc_2;281.749771118164;40;281.749771118164;40;0;0;0;0.0;0.0;0.0
202.90203200166698;273.822662353516;20;edc_2;281.749771118164;40;281.749771118164;40;20;20;0;7.927108764647983;7.927108764647983;0.0
203.702023908786;281.749771118164;40;edc_2;281.749771118164;40;281.749771118164;40;0;0;0;0.0;0.0;0.0
207.7;281.749771118164;40;edc_2;273.822662353516;20;281.749771118164;40;0;-20;-20;0.0;-7.927108764647983;-7.927108764647983
208.4;281.749771118164;40;edc_2;281.749771118164;40;281.749771118164;40;0;0;0;0.0;0.0;0.0
209.401991577431;281.749771118164;40;edc_2;281.749771118164;40;273.822662353516;20;-20;0;20;-7.927108764647983;0.0;7.927108764647983
209.40203938445998;273.822662353516;20;edc_2;281.749771118164;40;273.822662353516;20;0;20;20;0.0;7.927108764647983;7.927108764647983
210.20199144807498;273.822662353516;20;edc_2;281.749771118164;40;281.749771118164;40;20;20;0;7.927108764647983;7.927108764647983;0.0
210.20203126161098;281.749771118164;40;edc_2;281.749771118164;40;281.749771118164;40;0;0;0;0.0;0.0;0.0
211.9;281.749771118164;40;edc_2;273.822662353516;20;281.749771118164;40;0;-20;-20;0.0;-7.927108764647983;-7.927108764647983
212.901994414161;281.749771118164;40;edc_2;273.822662353516;20;273.822662353516;20;-20;-20;0;-7.927108764647983;-7.927108764647983;0.0
213.902032465616;273.822662353516;20;edc_2;273.822662353516;20;273.822662353516;20;0;0;0;0.0;0.0;0.0
218.6;273.822662353516;20;edc_2;264.836265563965;0;273.822662353516;20;0;-20;-20;0.0;-8.986396789551009;-8.986396789551009
219.3;273.822662353516;20;edc_2;273.822662353516;20;273.822662353516;20;0;0;0;0.0;0.0;0.0
219.4;273.822662353516;20;edc_2;185.543907165527;20;273.822662353516;20;0;0;0;0.0;-88.27875518798902;-88.27875518798902
220.4;273.822662353516;20;edc_2;273.822662353516;20;273.822662353516;20;0;0;0;0.0;0.0;0.0
220.401991448075;273.822662353516;20;edc_2;273.822662353516;20;264.836265563965;0;-20;0;20;-8.986396789551009;0.0;8.986396789551009
220.40204030177003;264.836265563965;0;edc_2;273.822662353516;20;264.836265563965;0;0;20;20;0.0;8.986396789551009;8.986396789551009
221.201991447562;264.836265563965;0;edc_2;273.822662353516;20;273.822662353516;20;20;20;0;8.986396789551009;8.986396789551009;0.0
221.20199144807498;264.836265563965;0;edc_2;273.822662353516;20;185.543907165527;20;20;20;0;-79.29235839843801;8.986396789551009;88.27875518798902
221.202031271652;273.822662353516;20;edc_2;273.822662353516;20;185.543907165527;20;0;0;0;-88.27875518798902;0.0;88.27875518798902
221.20204030177;185.543907165527;20;edc_2;273.822662353516;20;185.543907165527;20;0;0;0;0.0;88.27875518798902;88.27875518798902
222.20199144807498;185.543907165527;20;edc_2;273.822662353516;20;273.822662353516;20;0;0;0;88.27875518798902;88.27875518798902;0.0
222.20204030177;273.822662353516;20;edc_2;273.822662353516;20;273.822662353516;20;0;0;0;0.0;0.0;0.0
229.5;273.822662353516;20;edc_2;264.836265563965;0;273.822662353516;20;0;-20;-20;0.0;-8.986396789551009;-8.986396789551009
230.2;273.822662353516;20;edc_2;273.822662353516;20;273.822662353516;20;0;0;0;0.0;0.0;0.0
230.3;273.822662353516;20;edc_2;185.543907165527;20;273.822662353516;20;0;0;0;0.0;-88.27875518798902;-88.27875518798902
231.3;273.822662353516;20;edc_2;273.822662353516;20;273.822662353516;20;0;0;0;0.0;0.0;0.0
231.40199144756198;273.822662353516;20;edc_2;273.822662353516;20;264.836265563965;0;-20;0;20;-8.986396789551009;0.0;8.986396789551009
231.402040314981;264.836265563965;0;edc_2;273.822662353516;20;264.836265563965;0;0;20;20;0.0;8.986396789551009;8.986396789551009
232.201991447305;264.836265563965;0;edc_2;273.822662353516;20;273.822662353516;20;20;20;0;8.986396789551009;8.986396789551009;0.0
232.201991447562;264.836265563965;0;edc_2;273.822662353516;20;185.543907165527;20;20;20;0;-79.29235839843801;8.986396789551009;88.27875518798902
232.20203127668498;273.822662353516;20;edc_2;273.822662353516;20;185.543907165527;20;0;0;0;-88.27875518798902;0.0;88.27875518798902
232.202040314981;185.543907165527;20;edc_2;273.822662353516;20;185.543907165527;20;0;0;0;0.0;88.27875518798902;88.27875518798902
233.201991447562;185.543907165527;20;edc_2;273.822662353516;20;273.822662353516;20;0;0;0;88.27875518798902;88.27875518798902;0.0
233.202040314981;273.822662353516;20;edc_2;273.822662353516;20;273.822662353516;20;0;0;0;0.0;0.0;0.0
240.4;273.822662353516;20;edc_2;264.836265563965;0;273.822662353516;20;0;-20;-20;0.0;-8.986396789551009;-8.986396789551009
241.1;273.822662353516;20;edc_2;273.822662353516;20;273.822662353516;20;0;0;0;0.0;0.0;0.0
241.2;273.822662353516;20;edc_2;185.543907165527;20;273.822662353516;20;0;0;0;0.0;-88.27875518798902;-88.27875518798902
242.2;273.822662353516;20;edc_2;273.822662353516;20;273.822662353516;20;0;0;0;0.0;0.0;0.0
242.401991447305;273.822662353516;20;edc_2;273.822662353516;20;264.836265563965;0;-20;0;20;-8.986396789551009;0.0;8.986396789551009
242.40204032319198;264.836265563965;0;edc_2;273.822662353516;20;264.836265563965;0;0;20;20;0.0;8.986396789551009;8.986396789551009
243.201991446789;264.836265563965;0;edc_2;273.822662353516;20;273.822662353516;20;20;20;0;8.986396789551009;8.986396789551009;0.0
243.201991447305;264.836265563965;0;edc_2;273.822662353516;20;185.543907165527;20;20;20;0;-79.29235839843801;8.986396789551009;88.27875518798902
243.202031286773;273.822662353516;20;edc_2;273.822662353516;20;185.543907165527;20;0;0;0;-88.27875518798902;0.0;88.27875518798902
243.202040323192;185.543907165527;20;edc_2;273.822662353516;20;185.543907165527;20;0;0;0;0.0;88.27875518798902;88.27875518798902
244.201991447305;185.543907165527;20;edc_2;273.822662353516;20;273.822662353516;20;0;0;0;88.27875518798902;88.27875518798902;0.0
244.202040323192;273.822662353516;20;edc_2;273.822662353516;20;273.822662353516;20;0;0;0;0.0;0.0;0.0
251.3;273.822662353516;20;edc_2;264.836265563965;0;273.822662353516;20;0;-20;-20;0.0;-8.986396789551009;-8.986396789551009
252.0;273.822662353516;20;edc_2;273.822662353516;20;273.822662353516;20;0;0;0;0.0;0.0;0.0
252.1;273.822662353516;20;edc_2;185.543907165527;20;273.822662353516;20;0;0;0;0.0;-88.27875518798902;-88.27875518798902
253.1;273.822662353516;20;edc_2;273.822662353516;20;273.822662353516;20;0;0;0;0.0;0.0;0.0
253.40199144678903;273.822662353516;20;edc_2;273.822662353516;20;264.836265563965;0;-20;0;20;-8.986396789551009;0.0;8.986396789551009
253.40204033646302;264.836265563965;0;edc_2;273.822662353516;20;264.836265563965;0;0;20;20;0.0;8.986396789551009;8.986396789551009
254.20199144627202;264.836265563965;0;edc_2;273.822662353516;20;273.822662353516;20;20;20;0;8.986396789551009;8.986396789551009;0.0
254.201991446789;264.836265563965;0;edc_2;273.822662353516;20;185.543907165527;20;20;20;0;-79.29235839843801;8.986396789551009;88.27875518798902
254.202031296891;273.822662353516;20;edc_2;273.822662353516;20;185.543907165527;20;0;0;0;-88.27875518798902;0.0;88.27875518798902
254.202040336463;185.543907165527;20;edc_2;273.822662353516;20;185.543907165527;20;0;0;0;0.0;88.27875518798902;88.27875518798902
255.201991446789;185.543907165527;20;edc_2;273.822662353516;20;273.822662353516;20;0;0;0;88.27875518798902;88.27875518798902;0.0
255.202040336463;273.822662353516;20;edc_2;273.822662353516;20;273.822662353516;20;0;0;0;0.0;0.0;0.0
262.2;273.822662353516;20;edc_2;264.836265563965;0;273.822662353516;20;0;-20;-20;0.0;-8.986396789551009;-8.986396789551009
262.9;273.822662353516;20;edc_2;273.822662353516;20;273.822662353516;20;0;0;0;0.0;0.0;0.0
263.0;273.822662353516;20;edc_2;185.543907165527;20;273.822662353516;20;0;0;0;0.0;-88.27875518798902;-88.27875518798902
264.0;273.822662353516;20;edc_2;273.822662353516;20;273.822662353516;20;0;0;0;0.0;0.0;0.0
264.401991446272;273.822662353516;20;edc_2;273.822662353516;20;264.836265563965;0;-20;0;20;-8.986396789551009;0.0;8.986396789551009
264.402040350839;264.836265563965;0;edc_2;273.822662353516;20;264.836265563965;0;0;20;20;0.0;8.986396789551009;8.986396789551009
265.201991446013;264.836265563965;0;edc_2;273.822662353516;20;273.822662353516;20;20;20;0;8.986396789551009;8.986396789551009;0.0
265.201991446272;264.836265563965;0;edc_2;273.822662353516;20;185.543907165527;20;20;20;0;-79.29235839843801;8.986396789551009;88.27875518798902
265.202031301962;273.822662353516;20;edc_2;273.822662353516;20;185.543907165527;20;0;0;0;-88.27875518798902;0.0;88.27875518798902
265.202040350839;185.543907165527;20;edc_2;273.822662353516;20;185.543907165527;20;0;0;0;0.0;88.27875518798902;88.27875518798902
266.201991446272;185.543907165527;20;edc_2;273.822662353516;20;273.822662353516;20;0;0;0;88.27875518798902;88.27875518798902;0.0
266.202040350839;273.822662353516;20;edc_2;273.822662353516;20;273.822662353516;20;0;0;0;0.0;0.0;0.0
273.1;273.822662353516;20;edc_2;264.836265563965;0;273.822662353516;20;0;-20;-20;0.0;-8.986396789551009;-8.986396789551009
273.8;273.822662353516;20;edc_2;273.822662353516;20;273.822662353516;20;0;0;0;0.0;0.0;0.0
273.9;273.822662353516;20;edc_2;185.543907165527;20;273.822662353516;20;0;0;0;0.0;-88.27875518798902;-88.27875518798902
274.9;273.822662353516;20;edc_2;273.822662353516;20;273.822662353516;20;0;0;0;0.0;0.0;0.0
275.40199144601297;273.822662353516;20;edc_2;273.822662353516;20;264.836265563965;0;-20;0;20;-8.986396789551009;0.0;8.986396789551009
275.402040431128;264.836265563965;0;edc_2;273.822662353516;20;264.836265563965;0;0;20;20;0.0;8.986396789551009;8.986396789551009
276.201991349609;264.836265563965;0;edc_2;273.822662353516;20;273.822662353516;20;20;20;0;8.986396789551009;8.986396789551009;0.0
276.201991446013;264.836265563965;0;edc_2;273.822662353516;20;185.543907165527;20;20;20;0;-79.29235839843801;8.986396789551009;88.27875518798902
276.202031951616;273.822662353516;20;edc_2;273.822662353516;20;185.543907165527;20;0;0;0;-88.27875518798902;0.0;88.27875518798902
276.202040431128;185.543907165527;20;edc_2;273.822662353516;20;185.543907165527;20;0;0;0;0.0;88.27875518798902;88.27875518798902
277.201991446013;185.543907165527;20;edc_2;273.822662353516;20;273.822662353516;20;0;0;0;88.27875518798902;88.27875518798902;0.0
277.202040431128;273.822662353516;20;edc_2;273.822662353516;20;273.822662353516;20;0;0;0;0.0;0.0;0.0
284.0;273.822662353516;20;edc_2;264.836265563965;0;273.822662353516;20;0;-20;-20;0.0;-8.986396789551009;-8.986396789551009
284.7;273.822662353516;20;edc_2;273.822662353516;20;273.822662353516;20;0;0;0;0.0;0.0;0.0
284.8;273.822662353516;20;edc_2;185.543907165527;20;273.822662353516;20;0;0;0;0.0;-88.27875518798902;-88.27875518798902
285.8;273.822662353516;20;edc_2;273.822662353516;20;273.822662353516;20;0;0;0;0.0;0.0;0.0
286.401991349609;273.822662353516;20;edc_2;273.822662353516;20;264.836265563965;0;-20;0;20;-8.986396789551009;0.0;8.986396789551009
286.402041380895;264.836265563965;0;edc_2;273.822662353516;20;264.836265563965;0;0;20;20;0.0;8.986396789551009;8.986396789551009
287.201991300619;264.836265563965;0;edc_2;273.822662353516;20;273.822662353516;20;20;20;0;8.986396789551009;8.986396789551009;0.0
287.201991349609;264.836265563965;0;edc_2;273.822662353516;20;185.543907165527;20;20;20;0;-79.29235839843801;8.986396789551009;88.27875518798902
287.202032281831;273.822662353516;20;edc_2;273.822662353516;20;185.543907165527;20;0;0;0;-88.27875518798902;0.0;88.27875518798902
287.202041380895;185.543907165527;20;edc_2;273.822662353516;20;185.543907165527;20;0;0;0;0.0;88.27875518798902;88.27875518798902
288.201991349609;185.543907165527;20;edc_2;273.822662353516;20;273.822662353516;20;0;0;0;88.27875518798902;88.27875518798902;0.0
288.202041380895;273.822662353516;20;edc_2;273.822662353516;20;273.822662353516;20;0;0;0;0.0;0.0;0.0
294.9;273.822662353516;20;edc_2;264.836265563965;0;273.822662353516;20;0;-20;-20;0.0;-8.986396789551009;-8.986396789551009
295.6;273.822662353516;20;edc_2;273.822662353516;20;273.822662353516;20;0;0;0;0.0;0.0;0.0
295.7;273.822662353516;20;edc_2;185.543907165527;20;273.822662353516;20;0;0;0;0.0;-88.27875518798902;-88.27875518798902
296.7;273.822662353516;20;edc_2;273.822662353516;20;273.822662353516;20;0;0;0;0.0;0.0;0.0
297.401991300619;273.822662353516;20;edc_2;273.822662353516;20;264.836265563965;0;-20;0;20;-8.986396789551009;0.0;8.986396789551009
297.402041863467;264.836265563965;0;edc_2;273.822662353516;20;264.836265563965;0;0;20;20;0.0;8.986396789551009;8.986396789551009
298.201991251115;264.836265563965;0;edc_2;273.822662353516;20;273.822662353516;20;20;20;0;8.986396789551009;8.986396789551009;0.0
298.201991300619;264.836265563965;0;edc_2;273.822662353516;20;185.543907165527;20;20;20;0;-79.29235839843801;8.986396789551009;88.27875518798902
298.202032614912;273.822662353516;20;edc_2;273.822662353516;20;185.543907165527;20;0;0;0;-88.27875518798902;0.0;88.27875518798902
298.202041863467;185.543907165527;20;edc_2;273.822662353516;20;185.543907165527;20;0;0;0;0.0;88.27875518798902;88.27875518798902
299.201991300619;185.543907165527;20;edc_2;273.822662353516;20;273.822662353516;20;0;0;0;88.27875518798902;88.27875518798902;0.0
299.202041863467;273.822662353516;20;edc_2;273.822662353516;20;273.822662353516;20;0;0;0;0.0;0.0;0.0
305.8;273.822662353516;20;edc_2;264.836265563965;0;273.822662353516;20;0;-20;-20;0.0;-8.986396789551009;-8.986396789551009
306.5;273.822662353516;20;edc_2;273.822662353516;20;273.822662353516;20;0;0;0;0.0;0.0;0.0
306.6;273.822662353516;20;edc_2;185.543907165527;20;273.822662353516;20;0;0;0;0.0;-88.27875518798902;-88.27875518798902
307.6;273.822662353516;20;edc_2;273.822662353516;20;273.822662353516;20;0;0;0;0.0;0.0;0.0
308.401991251115;273.822662353516;20;edc_2;273.822662353516;20;264.836265563965;0;-20;0;20;-8.986396789551009;0.0;8.986396789551009
308.402042427792;264.836265563965;0;edc_2;273.822662353516;20;264.836265563965;0;0;20;20;0.0;8.986396789551009;8.986396789551009
309.201991150599;264.836265563965;0;edc_2;273.822662353516;20;273.822662353516;20;20;20;0;8.986396789551009;8.986396789551009;0.0
309.201991251115;264.836265563965;0;edc_2;273.822662353516;20;185.543907165527;20;20;20;0;-79.29235839843801;8.986396789551009;88.27875518798902
309.202030434408;273.822662353516;20;edc_2;273.822662353516;20;185.543907165527;20;0;0;0;-88.27875518798902;0.0;88.27875518798902
309.20204242779204;185.543907165527;20;edc_2;273.822662353516;20;185.543907165527;20;0;0;0;0.0;88.27875518798902;88.27875518798902
310.201991251115;185.543907165527;20;edc_2;273.822662353516;20;273.822662353516;20;0;0;0;88.27875518798902;88.27875518798902;0.0
310.20204242779204;273.822662353516;20;edc_2;273.822662353516;20;273.822662353516;20;0;0;0;0.0;0.0;0.0
316.7;273.822662353516;20;edc_2;264.836265563965;0;273.822662353516;20;0;-20;-20;0.0;-8.986396789551009;-8.986396789551009
317.4;273.822662353516;20;edc_2;273.822662353516;20;273.822662353516;20;0;0;0;0.0;0.0;0.0
317.5;273.822662353516;20;edc_2;185.543907165527;20;273.822662353516;20;0;0;0;0.0;-88.27875518798902;-88.27875518798902
318.5;273.822662353516;20;edc_2;273.822662353516;20;273.822662353516;20;0;0;0;0.0;0.0;0.0
319.401991150599;273.822662353516;20;edc_2;273.822662353516;20;264.836265563965;0;-20;0;20;-8.986396789551009;0.0;8.986396789551009
319.402037864164;264.836265563965;0;edc_2;273.822662353516;20;264.836265563965;0;0;20;20;0.0;8.986396789551009;8.986396789551009
320.201991099605;264.836265563965;0;edc_2;273.822662353516;20;273.822662353516;20;20;20;0;8.986396789551009;8.986396789551009;0.0
320.201991150599;264.836265563965;0;edc_2;273.822662353516;20;185.543907165527;20;20;20;0;-79.29235839843801;8.986396789551009;88.27875518798902
320.202030136436;273.822662353516;20;edc_2;273.822662353516;20;185.543907165527;20;0;0;0;-88.27875518798902;0.0;88.27875518798902
320.202037864164;185.543907165527;20;edc_2;273.822662353516;20;185.543907165527;20;0;0;0;0.0;88.27875518798902;88.27875518798902
321.201991150599;185.543907165527;20;edc_2;273.822662353516;20;273.822662353516;20;0;0;0;88.27875518798902;88.27875518798902;0.0
321.202037864164;273.822662353516;20;edc_2;273.822662353516;20;273.822662353516;20;0;0;0;0.0;0.0;0.0
327.6;273.822662353516;20;edc_2;264.836265563965;0;273.822662353516;20;0;-20;-20;0.0;-8.986396789551009;-8.986396789551009
328.3;273.822662353516;20;edc_2;273.822662353516;20;273.822662353516;20;0;0;0;0.0;0.0;0.0
328.4;273.822662353516;20;edc_2;185.543907165527;20;273.822662353516;20;0;0;0;0.0;-88.27875518798902;-88.27875518798902
329.4;273.822662353516;20;edc_2;273.822662353516;20;273.822662353516;20;0;0;0;0.0;0.0;0.0
330.40199109960497;273.822662353516;20;edc_2;273.822662353516;20;264.836265563965;0;-20;0;20;-8.986396789551009;0.0;8.986396789551009
330.40203747011503;264.836265563965;0;edc_2;273.822662353516;20;264.836265563965;0;0;20;20;0.0;8.986396789551009;8.986396789551009
331.201991048132;264.836265563965;0;edc_2;273.822662353516;20;273.822662353516;20;20;20;0;8.986396789551009;8.986396789551009;0.0
331.201991099605;264.836265563965;0;edc_2;273.822662353516;20;185.543907165527;20;20;20;0;-79.29235839843801;8.986396789551009;88.27875518798902
331.202029851553;273.822662353516;20;edc_2;273.822662353516;20;185.543907165527;20;0;0;0;-88.27875518798902;0.0;88.27875518798902
331.202037470115;185.543907165527;20;edc_2;273.822662353516;20;185.543907165527;20;0;0;0;0.0;88.27875518798902;88.27875518798902
332.201991099605;185.543907165527;20;edc_2;273.822662353516;20;273.822662353516;20;0;0;0;88.27875518798902;88.27875518798902;0.0
332.202037470115;273.822662353516;20;edc_2;273.822662353516;20;273.822662353516;20;0;0;0;0.0;0.0;0.0
338.5;273.822662353516;20;edc_2;264.836265563965;0;273.822662353516;20;0;-20;-20;0.0;-8.986396789551009;-8.986396789551009
339.2;273.822662353516;20;edc_2;273.822662353516;20;273.822662353516;20;0;0;0;0.0;0.0;0.0
339.3;273.822662353516;20;edc_2;185.543907165527;20;273.822662353516;20;0;0;0;0.0;-88.27875518798902;-88.27875518798902
340.3;273.822662353516;20;edc_2;273.822662353516;20;273.822662353516;20;0;0;0;0.0;0.0;0.0
341.401991048132;273.822662353516;20;edc_2;273.822662353516;20;264.836265563965;0;-20;0;20;-8.986396789551009;0.0;8.986396789551009
341.402037118796;264.836265563965;0;edc_2;273.822662353516;20;264.836265563965;0;0;20;20;0.0;8.986396789551009;8.986396789551009
342.201991008153;264.836265563965;0;edc_2;273.822662353516;20;273.822662353516;20;20;20;0;8.986396789551009;8.986396789551009;0.0
342.201991048132;264.836265563965;0;edc_2;273.822662353516;20;185.543907165527;20;20;20;0;-79.29235839843801;8.986396789551009;88.27875518798902
342.20202961645305;273.822662353516;20;edc_2;273.822662353516;20;185.543907165527;20;0;0;0;-88.27875518798902;0.0;88.27875518798902
342.202037118796;185.543907165527;20;edc_2;273.822662353516;20;185.543907165527;20;0;0;0;0.0;88.27875518798902;88.27875518798902
343.201991048132;185.543907165527;20;edc_2;273.822662353516;20;273.822662353516;20;0;0;0;88.27875518798902;88.27875518798902;0.0
343.202037118796;273.822662353516;20;edc_2;273.822662353516;20;273.822662353516;20;0;0;0;0.0;0.0;0.0
349.4;273.822662353516;20;edc_2;264.836265563965;0;273.822662353516;20;0;-20;-20;0.0;-8.986396789551009;-8.986396789551009
350.1;273.822662353516;20;edc_2;273.822662353516;20;273.822662353516;20;0;0;0;0.0;0.0;0.0
350.2;273.822662353516;20;edc_2;185.543907165527;20;273.822662353516;20;0;0;0;0.0;-88.27875518798902;-88.27875518798902
351.2;273.822662353516;20;edc_2;273.822662353516;20;273.822662353516;20;0;0;0;0.0;0.0;0.0
352.401991008153;273.822662353516;20;edc_2;273.822662353516;20;264.836265563965;0;-20;0;20;-8.986396789551009;0.0;8.986396789551009
352.40203680663103;264.836265563965;0;edc_2;273.822662353516;20;264.836265563965;0;0;20;20;0.0;8.986396789551009;8.986396789551009
353.20199098803596;264.836265563965;0;edc_2;273.822662353516;20;273.822662353516;20;20;20;0;8.986396789551009;8.986396789551009;0.0
353.201991008153;264.836265563965;0;edc_2;273.822662353516;20;185.543907165527;20;20;20;0;-79.29235839843801;8.986396789551009;88.27875518798902
353.20202950248495;273.822662353516;20;edc_2;273.822662353516;20;185.543907165527;20;0;0;0;-88.27875518798902;0.0;88.27875518798902
353.202036806631;185.543907165527;20;edc_2;273.822662353516;20;185.543907165527;20;0;0;0;0.0;88.27875518798902;88.27875518798902
354.201991008153;185.543907165527;20;edc_2;273.822662353516;20;273.822662353516;20;0;0;0;88.27875518798902;88.27875518798902;0.0
354.202036806631;273.822662353516;20;edc_2;273.822662353516;20;273.822662353516;20;0;0;0;0.0;0.0;0.0
360.3;273.822662353516;20;edc_2;264.836265563965;0;273.822662353516;20;0;-20;-20;0.0;-8.986396789551009;-8.986396789551009
361.0;273.822662353516;20;edc_2;273.822662353516;20;273.822662353516;20;0;0;0;0.0;0.0;0.0
361.1;273.822662353516;20;edc_2;185.543907165527;20;273.822662353516;20;0;0;0;0.0;-88.27875518798902;-88.27875518798902
362.1;273.822662353516;20;edc_2;273.822662353516;20;273.822662353516;20;0;0;0;0.0;0.0;0.0
363.40199098803595;273.822662353516;20;edc_2;273.822662353516;20;264.836265563965;0;-20;0;20;-8.986396789551009;0.0;8.986396789551009
363.40203665564104;264.836265563965;0;edc_2;273.822662353516;20;264.836265563965;0;0;20;20;0.0;8.986396789551009;8.986396789551009
364.201990967835;264.836265563965;0;edc_2;273.822662353516;20;273.822662353516;20;20;20;0;8.986396789551009;8.986396789551009;0.0
364.20199098803596;264.836265563965;0;edc_2;273.822662353516;20;185.543907165527;20;20;20;0;-79.29235839843801;8.986396789551009;88.27875518798902
364.20202939102404;273.822662353516;20;edc_2;273.822662353516;20;185.543907165527;20;0;0;0;-88.27875518798902;0.0;88.27875518798902
364.202036655641;185.543907165527;20;edc_2;273.822662353516;20;185.543907165527;20;0;0;0;0.0;88.27875518798902;88.27875518798902
365.20199098803596;185.543907165527;20;edc_2;273.822662353516;20;273.822662353516;20;0;0;0;88.27875518798902;88.27875518798902;0.0
365.202036655641;273.822662353516;20;edc_2;273.822662353516;20;273.822662353516;20;0;0;0;0.0;0.0;0.0
371.2;273.822662353516;20;edc_2;264.836265563965;0;273.822662353516;20;0;-20;-20;0.0;-8.986396789551009;-8.986396789551009
371.9;273.822662353516;20;edc_2;273.822662353516;20;273.822662353516;20;0;0;0;0.0;0.0;0.0
372.0;273.822662353516;20;edc_2;185.543907165527;20;273.822662353516;20;0;0;0;0.0;-88.27875518798902;-88.27875518798902
373.0;273.822662353516;20;edc_2;273.822662353516;20;273.822662353516;20;0;0;0;0.0;0.0;0.0
374.401990967835;273.822662353516;20;edc_2;273.822662353516;20;264.836265563965;0;-20;0;20;-8.986396789551009;0.0;8.986396789551009
374.402036508213;264.836265563965;0;edc_2;273.822662353516;20;264.836265563965;0;0;20;20;0.0;8.986396789551009;8.986396789551009
375.20199094755094;264.836265563965;0;edc_2;273.822662353516;20;273.822662353516;20;20;20;0;8.986396789551009;8.986396789551009;0.0
375.201990967835;264.836265563965;0;edc_2;273.822662353516;20;185.543907165527;20;20;20;0;-79.29235839843801;8.986396789551009;88.27875518798902
375.202029282164;273.822662353516;20;edc_2;273.822662353516;20;185.543907165527;20;0;0;0;-88.27875518798902;0.0;88.27875518798902
375.202036508213;185.543907165527;20;edc_2;273.822662353516;20;185.543907165527;20;0;0;0;0.0;88.27875518798902;88.27875518798902
376.201990967835;185.543907165527;20;edc_2;273.822662353516;20;273.822662353516;20;0;0;0;88.27875518798902;88.27875518798902;0.0
376.202036508213;273.822662353516;20;edc_2;273.822662353516;20;273.822662353516;20;0;0;0;0.0;0.0;0.0
382.1;273.822662353516;20;edc_2;264.836265563965;0;273.822662353516;20;0;-20;-20;0.0;-8.986396789551009;-8.986396789551009
382.8;273.822662353516;20;edc_2;273.822662353516;20;273.822662353516;20;0;0;0;0.0;0.0;0.0
382.9;273.822662353516;20;edc_2;185.543907165527;20;273.822662353516;20;0;0;0;0.0;-88.27875518798902;-88.27875518798902
383.9;273.822662353516;20;edc_2;273.822662353516;20;273.822662353516;20;0;0;0;0.0;0.0;0.0
385.401990947551;273.822662353516;20;edc_2;273.822662353516;20;264.836265563965;0;-20;0;20;-8.986396789551009;0.0;8.986396789551009
385.402036347892;264.836265563965;0;edc_2;273.822662353516;20;264.836265563965;0;0;20;20;0.0;8.986396789551009;8.986396789551009
386.20199090673304;264.836265563965;0;edc_2;273.822662353516;20;273.822662353516;20;20;20;0;8.986396789551009;8.986396789551009;0.0
386.20199094755094;264.836265563965;0;edc_2;273.822662353516;20;185.543907165527;20;20;20;0;-79.29235839843801;8.986396789551009;88.27875518798902
386.20202907261904;273.822662353516;20;edc_2;273.822662353516;20;185.543907165527;20;0;0;0;-88.27875518798902;0.0;88.27875518798902
386.202036347892;185.543907165527;20;edc_2;273.822662353516;20;185.543907165527;20;0;0;0;0.0;88.27875518798902;88.27875518798902
387.20199094755094;185.543907165527;20;edc_2;273.822662353516;20;273.822662353516;20;0;0;0;88.27875518798902;88.27875518798902;0.0
387.202036347892;273.822662353516;20;edc_2;273.822662353516;20;273.822662353516;20;0;0;0;0.0;0.0;0.0
393.0;273.822662353516;20;edc_2;264.836265563965;0;273.822662353516;20;0;-20;-20;0.0;-8.986396789551009;-8.986396789551009
393.7;273.822662353516;20;edc_2;273.822662353516;20;273.822662353516;20;0;0;0;0.0;0.0;0.0
393.8;273.822662353516;20;edc_2;185.543907165527;20;273.822662353516;20;0;0;0;0.0;-88.27875518798902;-88.27875518798902
394.8;273.822662353516;20;edc_2;273.822662353516;20;273.822662353516;20;0;0;0;0.0;0.0;0.0
396.40199090673303;273.822662353516;20;edc_2;273.822662353516;20;264.836265563965;0;-20;0;20;-8.986396789551009;0.0;8.986396789551009
396.402036088609;264.836265563965;0;edc_2;273.822662353516;20;264.836265563965;0;0;20;20;0.0;8.986396789551009;8.986396789551009
397.20199088620103;264.836265563965;0;edc_2;273.822662353516;20;273.822662353516;20;20;20;0;8.986396789551009;8.986396789551009;0.0
397.20199090673304;264.836265563965;0;edc_2;273.822662353516;20;185.543907165527;20;20;20;0;-79.29235839843801;8.986396789551009;88.27875518798902
397.202028972124;273.822662353516;20;edc_2;273.822662353516;20;185.543907165527;20;0;0;0;-88.27875518798902;0.0;88.27875518798902
397.202036088609;185.543907165527;20;edc_2;273.822662353516;20;185.543907165527;20;0;0;0;0.0;88.27875518798902;88.27875518798902
398.20199090673304;185.543907165527;20;edc_2;273.822662353516;20;273.822662353516;20;0;0;0;88.27875518798902;88.27875518798902;0.0
398.202036088609;273.822662353516;20;edc_2;273.822662353516;20;273.822662353516;20;0;0;0;0.0;0.0;0.0
403.9;273.822662353516;20;edc_2;264.836265563965;0;273.822662353516;20;0;-20;-20;0.0;-8.986396789551009;-8.986396789551009
404.6;273.822662353516;20;edc_2;273.822662353516;20;273.822662353516;20;0;0;0;0.0;0.0;0.0
404.7;273.822662353516;20;edc_2;185.543907165527;20;273.822662353516;20;0;0;0;0.0;-88.27875518798902;-88.27875518798902
405.7;273.822662353516;20;edc_2;273.822662353516;20;273.822662353516;20;0;0;0;0.0;0.0;0.0
407.401990886201;273.822662353516;20;edc_2;273.822662353516;20;264.836265563965;0;-20;0;20;-8.986396789551009;0.0;8.986396789551009
407.402035957999;264.836265563965;0;edc_2;273.822662353516;20;264.836265563965;0;0;20;20;0.0;8.986396789551009;8.986396789551009
408.20199087242696;264.836265563965;0;edc_2;273.822662353516;20;273.822662353516;20;20;20;0;8.986396789551009;8.986396789551009;0.0
408.20199088620103;264.836265563965;0;edc_2;273.822662353516;20;185.543907165527;20;20;20;0;-79.29235839843801;8.986396789551009;88.27875518798902
408.20202888773696;273.822662353516;20;edc_2;273.822662353516;20;185.543907165527;20;0;0;0;-88.27875518798902;0.0;88.27875518798902
408.202035957999;185.543907165527;20;edc_2;273.822662353516;20;185.543907165527;20;0;0;0;0.0;88.27875518798902;88.27875518798902
409.20199088620103;185.543907165527;20;edc_2;273.822662353516;20;273.822662353516;20;0;0;0;88.27875518798902;88.27875518798902;0.0
409.202035957999;273.822662353516;20;edc_2;273.822662353516;20;273.822662353516;20;0;0;0;0.0;0.0;0.0
414.8;273.822662353516;20;edc_2;264.836265563965;0;273.822662353516;20;0;-20;-20;0.0;-8.986396789551009;-8.986396789551009
415.5;273.822662353516;20;edc_2;273.822662353516;20;273.822662353516;20;0;0;0;0.0;0.0;0.0
415.6;273.822662353516;20;edc_2;185.543907165527;20;273.822662353516;20;0;0;0;0.0;-88.27875518798902;-88.27875518798902
416.6;273.822662353516;20;edc_2;273.822662353516;20;273.822662353516;20;0;0;0;0.0;0.0;0.0
418.401990872427;273.822662353516;20;edc_2;273.822662353516;20;264.836265563965;0;-20;0;20;-8.986396789551009;0.0;8.986396789551009
418.402035845701;264.836265563965;0;edc_2;273.822662353516;20;264.836265563965;0;0;20;20;0.0;8.986396789551009;8.986396789551009
419.20199085859804;264.836265563965;0;edc_2;273.822662353516;20;273.822662353516;20;20;20;0;8.986396789551009;8.986396789551009;0.0
419.20199087242696;264.836265563965;0;edc_2;273.822662353516;20;185.543907165527;20;20;20;0;-79.29235839843801;8.986396789551009;88.27875518798902
419.20202880496595;273.822662353516;20;edc_2;273.822662353516;20;185.543907165527;20;0;0;0;-88.27875518798902;0.0;88.27875518798902
419.202035845701;185.543907165527;20;edc_2;273.822662353516;20;185.543907165527;20;0;0;0;0.0;88.27875518798902;88.27875518798902
420.20199087242696;185.543907165527;20;edc_2;273.822662353516;20;273.822662353516;20;0;0;0;88.27875518798902;88.27875518798902;0.0
420.202035845701;273.822662353516;20;edc_2;273.822662353516;20;273.822662353516;20;0;0;0;0.0;0.0;0.0
425.7;273.822662353516;20;edc_2;264.836265563965;0;273.822662353516;20;0;-20;-20;0.0;-8.986396789551009;-8.986396789551009
426.4;273.822662353516;20;edc_2;273.822662353516;20;273.822662353516;20;0;0;0;0.0;0.0;0.0
426.5;273.822662353516;20;edc_2;185.543907165527;20;273.822662353516;20;0;0;0;0.0;-88.27875518798902;-88.27875518798902
427.5;273.822662353516;20;edc_2;273.822662353516;20;273.822662353516;20;0;0;0;0.0;0.0;0.0
429.401990858598;273.822662353516;20;edc_2;273.822662353516;20;264.836265563965;0;-20;0;20;-8.986396789551009;0.0;8.986396789551009
429.402035742375;264.836265563965;0;edc_2;273.822662353516;20;264.836265563965;0;0;20;20;0.0;8.986396789551009;8.986396789551009
430.20199084471494;264.836265563965;0;edc_2;273.822662353516;20;273.822662353516;20;20;20;0;8.986396789551009;8.986396789551009;0.0
430.20199085859804;264.836265563965;0;edc_2;273.822662353516;20;185.543907165527;20;20;20;0;-79.29235839843801;8.986396789551009;88.27875518798902
430.202028723858;273.822662353516;20;edc_2;273.822662353516;20;185.543907165527;20;0;0;0;-88.27875518798902;0.0;88.27875518798902
430.202035742375;185.543907165527;20;edc_2;273.822662353516;20;185.543907165527;20;0;0;0;0.0;88.27875518798902;88.27875518798902
431.20199085859804;185.543907165527;20;edc_2;273.822662353516;20;273.822662353516;20;0;0;0;88.27875518798902;88.27875518798902;0.0
431.202035742375;273.822662353516;20;edc_2;273.822662353516;20;273.822662353516;20;0;0;0;0.0;0.0;0.0
436.6;273.822662353516;20;edc_2;264.836265563965;0;273.822662353516;20;0;-20;-20;0.0;-8.986396789551009;-8.986396789551009
437.3;273.822662353516;20;edc_2;273.822662353516;20;273.822662353516;20;0;0;0;0.0;0.0;0.0
437.4;273.822662353516;20;edc_2;185.543907165527;20;273.822662353516;20;0;0;0;0.0;-88.27875518798902;-88.27875518798902
438.4;273.822662353516;20;edc_2;273.822662353516;20;273.822662353516;20;0;0;0;0.0;0.0;0.0
440.401990844715;273.822662353516;20;edc_2;273.822662353516;20;264.836265563965;0;-20;0;20;-8.986396789551009;0.0;8.986396789551009
440.402035634553;264.836265563965;0;edc_2;273.822662353516;20;264.836265563965;0;0;20;20;0.0;8.986396789551009;8.986396789551009
441.201990837753;264.836265563965;0;edc_2;273.822662353516;20;273.822662353516;20;20;20;0;8.986396789551009;8.986396789551009;0.0
441.20199084471494;264.836265563965;0;edc_2;273.822662353516;20;185.543907165527;20;20;20;0;-79.29235839843801;8.986396789551009;88.27875518798902
441.20202868394205;273.822662353516;20;edc_2;273.822662353516;20;185.543907165527;20;0;0;0;-88.27875518798902;0.0;88.27875518798902
441.202035634553;185.543907165527;20;edc_2;273.822662353516;20;185.543907165527;20;0;0;0;0.0;88.27875518798902;88.27875518798902
442.20199084471494;185.543907165527;20;edc_2;273.822662353516;20;273.822662353516;20;0;0;0;88.27875518798902;88.27875518798902;0.0
442.202035634553;273.822662353516;20;edc_2;273.822662353516;20;273.822662353516;20;0;0;0;0.0;0.0;0.0
447.5;273.822662353516;20;edc_2;264.836265563965;0;273.822662353516;20;0;-20;-20;0.0;-8.986396789551009;-8.986396789551009
448.2;273.822662353516;20;edc_2;273.822662353516;20;273.822662353516;20;0;0;0;0.0;0.0;0.0
448.3;273.822662353516;20;edc_2;185.543907165527;20;273.822662353516;20;0;0;0;0.0;-88.27875518798902;-88.27875518798902
449.3;273.822662353516;20;edc_2;273.822662353516;20;273.822662353516;20;0;0;0;0.0;0.0;0.0
451.401990837753;273.822662353516;20;edc_2;273.822662353516;20;264.836265563965;0;-20;0;20;-8.986396789551009;0.0;8.986396789551009
451.40203558154604;264.836265563965;0;edc_2;273.822662353516;20;264.836265563965;0;0;20;20;0.0;8.986396789551009;8.986396789551009
452.201990830777;264.836265563965;0;edc_2;273.822662353516;20;273.822662353516;20;20;20;0;8.986396789551009;8.986396789551009;0.0
452.201990837753;264.836265563965;0;edc_2;273.822662353516;20;185.543907165527;20;20;20;0;-79.29235839843801;8.986396789551009;88.27875518798902
452.202028644461;273.822662353516;20;edc_2;273.822662353516;20;185.543907165527;20;0;0;0;-88.27875518798902;0.0;88.27875518798902
452.202035581546;185.543907165527;20;edc_2;273.822662353516;20;185.543907165527;20;0;0;0;0.0;88.27875518798902;88.27875518798902
453.201990837753;185.543907165527;20;edc_2;273.822662353516;20;273.822662353516;20;0;0;0;88.27875518798902;88.27875518798902;0.0
453.202035581546;273.822662353516;20;edc_2;273.822662353516;20;273.822662353516;20;0;0;0;0.0;0.0;0.0
458.4;273.822662353516;20;edc_2;264.836265563965;0;273.822662353516;20;0;-20;-20;0.0;-8.986396789551009;-8.986396789551009
459.1;273.822662353516;20;edc_2;273.822662353516;20;273.822662353516;20;0;0;0;0.0;0.0;0.0
459.2;273.822662353516;20;edc_2;185.543907165527;20;273.822662353516;20;0;0;0;0.0;-88.27875518798902;-88.27875518798902
460.2;273.822662353516;20;edc_2;273.822662353516;20;273.822662353516;20;0;0;0;0.0;0.0;0.0
462.401990830777;273.822662353516;20;edc_2;273.822662353516;20;264.836265563965;0;-20;0;20;-8.986396789551009;0.0;8.986396789551009
462.402035526595;264.836265563965;0;edc_2;273.822662353516;20;264.836265563965;0;0;20;20;0.0;8.986396789551009;8.986396789551009
463.201990828881;264.836265563965;0;edc_2;273.822662353516;20;273.822662353516;20;20;20;0;8.986396789551009;8.986396789551009;0.0
463.201990830777;264.836265563965;0;edc_2;273.822662353516;20;185.543907165527;20;20;20;0;-79.29235839843801;8.986396789551009;88.27875518798902
463.20202861267995;273.822662353516;20;edc_2;273.822662353516;20;185.543907165527;20;0;0;0;-88.27875518798902;0.0;88.27875518798902
463.202035526595;185.543907165527;20;edc_2;273.822662353516;20;185.543907165527;20;0;0;0;0.0;88.27875518798902;88.27875518798902
464.201990830777;185.543907165527;20;edc_2;273.822662353516;20;273.822662353516;20;0;0;0;88.27875518798902;88.27875518798902;0.0
464.202035526595;273.822662353516;20;edc_2;273.822662353516;20;273.822662353516;20;0;0;0;0.0;0.0;0.0
469.3;273.822662353516;20;edc_2;264.836265563965;0;273.822662353516;20;0;-20;-20;0.0;-8.986396789551009;-8.986396789551009
470.0;273.822662353516;20;edc_2;273.822662353516;20;273.822662353516;20;0;0;0;0.0;0.0;0.0
470.1;273.822662353516;20;edc_2;185.543907165527;20;273.822662353516;20;0;0;0;0.0;-88.27875518798902;-88.27875518798902
471.1;273.822662353516;20;edc_2;273.822662353516;20;273.822662353516;20;0;0;0;0.0;0.0;0.0
473.40199082888097;273.822662353516;20;edc_2;273.822662353516;20;264.836265563965;0;-20;0;20;-8.986396789551009;0.0;8.986396789551009
473.402035488847;264.836265563965;0;edc_2;273.822662353516;20;264.836265563965;0;0;20;20;0.0;8.986396789551009;8.986396789551009
474.20199082793096;264.836265563965;0;edc_2;273.822662353516;20;273.822662353516;20;20;20;0;8.986396789551009;8.986396789551009;0.0
474.201990828881;264.836265563965;0;edc_2;273.822662353516;20;185.543907165527;20;20;20;0;-79.29235839843801;8.986396789551009;88.27875518798902
474.20202859682604;273.822662353516;20;edc_2;273.822662353516;20;185.543907165527;20;0;0;0;-88.27875518798902;0.0;88.27875518798902
474.20203548884695;185.543907165527;20;edc_2;273.822662353516;20;185.543907165527;20;0;0;0;0.0;88.27875518798902;88.27875518798902
475.201990828881;185.543907165527;20;edc_2;273.822662353516;20;273.822662353516;20;0;0;0;88.27875518798902;88.27875518798902;0.0
475.20203548884695;273.822662353516;20;edc_2;273.822662353516;20;273.822662353516;20;0;0;0;0.0;0.0;0.0
480.2;273.822662353516;20;edc_2;264.836265563965;0;273.822662353516;20;0;-20;-20;0.0;-8.986396789551009;-8.986396789551009
480.9;273.822662353516;20;edc_2;273.822662353516;20;273.822662353516;20;0;0;0;0.0;0.0;0.0
481.0;273.822662353516;20;edc_2;185.543907165527;20;273.822662353516;20;0;0;0;0.0;-88.27875518798902;-88.27875518798902
482.0;273.822662353516;20;edc_2;273.822662353516;20;273.822662353516;20;0;0;0;0.0;0.0;0.0
484.401990827931;273.822662353516;20;edc_2;273.822662353516;20;264.836265563965;0;-20;0;20;-8.986396789551009;0.0;8.986396789551009
484.402035464065;264.836265563965;0;edc_2;273.822662353516;20;264.836265563965;0;0;20;20;0.0;8.986396789551009;8.986396789551009
485.201990826025;264.836265563965;0;edc_2;273.822662353516;20;273.822662353516;20;20;20;0;8.986396789551009;8.986396789551009;0.0
485.20199082793096;264.836265563965;0;edc_2;273.822662353516;20;185.543907165527;20;20;20;0;-79.29235839843801;8.986396789551009;88.27875518798902
485.202028565188;273.822662353516;20;edc_2;273.822662353516;20;185.543907165527;20;0;0;0;-88.27875518798902;0.0;88.27875518798902
485.20203546406503;185.543907165527;20;edc_2;273.822662353516;20;185.543907165527;20;0;0;0;0.0;88.27875518798902;88.27875518798902
486.20199082793096;185.543907165527;20;edc_2;273.822662353516;20;273.822662353516;20;0;0;0;88.27875518798902;88.27875518798902;0.0
486.20203546406503;273.822662353516;20;edc_2;273.822662353516;20;273.822662353516;20;0;0;0;0.0;0.0;0.0
491.1;273.822662353516;20;edc_2;264.836265563965;0;273.822662353516;20;0;-20;-20;0.0;-8.986396789551009;-8.986396789551009
491.8;273.822662353516;20;edc_2;273.822662353516;20;273.822662353516;20;0;0;0;0.0;0.0;0.0
491.9;273.822662353516;20;edc_2;185.543907165527;20;273.822662353516;20;0;0;0;0.0;-88.27875518798902;-88.27875518798902
492.9;273.822662353516;20;edc_2;273.822662353516;20;273.822662353516;20;0;0;0;0.0;0.0;0.0
495.401990826025;273.822662353516;20;edc_2;273.822662353516;20;264.836265563965;0;-20;0;20;-8.986396789551009;0.0;8.986396789551009
495.402035417602;264.836265563965;0;edc_2;273.822662353516;20;264.836265563965;0;0;20;20;0.0;8.986396789551009;8.986396789551009
496.201990823154;264.836265563965;0;edc_2;273.822662353516;20;273.822662353516;20;20;20;0;8.986396789551009;8.986396789551009;0.0
496.201990826025;264.836265563965;0;edc_2;273.822662353516;20;185.543907165527;20;20;20;0;-79.29235839843801;8.986396789551009;88.27875518798902
496.202028517916;273.822662353516;20;edc_2;273.822662353516;20;185.543907165527;20;0;0;0;-88.27875518798902;0.0;88.27875518798902
496.202035417602;185.543907165527;20;edc_2;273.822662353516;20;185.543907165527;20;0;0;0;0.0;88.27875518798902;88.27875518798902
497.201990826025;185.543907165527;20;edc_2;273.822662353516;20;273.822662353516;20;0;0;0;88.27875518798902;88.27875518798902;0.0
497.202035417602;273.822662353516;20;edc_2;273.822662353516;20;273.822662353516;20;0;0;0;0.0;0.0;0.0
502.0;273.822662353516;20;edc_2;264.836265563965;0;273.822662353516;20;0;-20;-20;0.0;-8.986396789551009;-8.986396789551009
502.7;273.822662353516;20;edc_2;273.822662353516;20;273.822662353516;20;0;0;0;0.0;0.0;0.0
502.8;273.822662353516;20;edc_2;185.543907165527;20;273.822662353516;20;0;0;0;0.0;-88.27875518798902;-88.27875518798902
503.8;273.822662353516;20;edc_2;273.822662353516;20;273.822662353516;20;0;0;0;0.0;0.0;0.0
506.401990823154;273.822662353516;20;edc_2;273.822662353516;20;264.836265563965;0;-20;0;20;-8.986396789551009;0.0;8.986396789551009
506.40203536145;264.836265563965;0;edc_2;273.822662353516;20;264.836265563965;0;0;20;20;0.0;8.986396789551009;8.986396789551009
507.201990823154;264.836265563965;0;edc_2;273.822662353516;20;185.543907165527;20;20;20;0;-79.29235839843801;8.986396789551009;88.27875518798902
507.202028517916;273.822662353516;20;edc_2;273.822662353516;20;185.543907165527;20;0;0;0;-88.27875518798902;0.0;88.27875518798902
507.20203536145;185.543907165527;20;edc_2;273.822662353516;20;185.543907165527;20;0;0;0;0.0;88.27875518798902;88.27875518798902
508.201990823154;185.543907165527;20;edc_2;273.822662353516;20;273.822662353516;20;0;0;0;88.27875518798902;88.27875518798902;0.0
508.20203536145;273.822662353516;20;edc_2;273.822662353516;20;273.822662353516;20;0;0;0;0.0;0.0;0.0
512.9;273.822662353516;20;edc_2;264.836265563965;0;273.822662353516;20;0;-20;-20;0.0;-8.986396789551009;-8.986396789551009
513.6;273.822662353516;20;edc_2;273.822662353516;20;273.822662353516;20;0;0;0;0.0;0.0;0.0
513.7;273.822662353516;20;edc_2;185.543907165527;20;273.822662353516;20;0;0;0;0.0;-88.27875518798902;-88.27875518798902
514.7;273.822662353516;20;edc_2;273.822662353516;20;273.822662353516;20;0;0;0;0.0;0.0;0.0
517.4019908231539;273.822662353516;20;edc_2;273.822662353516;20;264.836265563965;0;-20;0;20;-8.986396789551009;0.0;8.986396789551009
517.40203536145;264.836265563965;0;edc_2;273.822662353516;20;264.836265563965;0;0;20;20;0.0;8.986396789551009;8.986396789551009
518.201990823154;264.836265563965;0;edc_2;273.822662353516;20;185.543907165527;20;20;20;0;-79.29235839843801;8.986396789551009;88.27875518798902
518.202028517916;273.822662353516;20;edc_2;273.822662353516;20;185.543907165527;20;0;0;0;-88.27875518798902;0.0;88.27875518798902
518.202035361449;185.543907165527;20;edc_2;273.822662353516;20;185.543907165527;20;0;0;0;0.0;88.27875518798902;88.27875518798902
519.201990823154;185.543907165527;20;edc_2;273.822662353516;20;273.822662353516;20;0;0;0;88.27875518798902;88.27875518798902;0.0
519.202035361449;273.822662353516;20;edc_2;273.822662353516;20;273.822662353516;20;0;0;0;0.0;0.0;0.0
523.8;273.822662353516;20;edc_2;264.836265563965;0;273.822662353516;20;0;-20;-20;0.0;-8.986396789551009;-8.986396789551009
524.5;273.822662353516;20;edc_2;273.822662353516;20;273.822662353516;20;0;0;0;0.0;0.0;0.0
524.6;273.822662353516;20;edc_2;185.543907165527;20;273.822662353516;20;0;0;0;0.0;-88.27875518798902;-88.27875518798902
525.6;273.822662353516;20;edc_2;273.822662353516;20;273.822662353516;20;0;0;0;0.0;0.0;0.0
527.201993695168;273.822662353516;20;edc_2;273.822662353516;20;281.749771118164;40;20;0;-20;7.927108764647983;0.0;-7.927108764647983
528.4019908231539;273.822662353516;20;edc_2;273.822662353516;20;273.822662353516;20;0;0;0;0.0;0.0;0.0
528.402035361449;264.836265563965;0;edc_2;273.822662353516;20;273.822662353516;20;20;20;0;8.986396789551009;8.986396789551009;0.0
528.8;264.836265563965;0;edc_2;281.749771118164;40;273.822662353516;20;20;40;20;8.986396789551009;16.91350555419899;7.927108764647983
529.201990823154;264.836265563965;0;edc_2;281.749771118164;40;281.749771118164;40;40;40;0;16.91350555419899;16.91350555419899;0.0
529.202028517916;273.822662353516;20;edc_2;281.749771118164;40;281.749771118164;40;20;20;0;7.927108764647983;7.927108764647983;0.0
529.202035361449;185.543907165527;20;edc_2;281.749771118164;40;281.749771118164;40;20;20;0;96.205863952637;96.205863952637;0.0
530.202035361449;273.822662353516;20;edc_2;281.749771118164;40;281.749771118164;40;20;20;0;7.927108764647983;7.927108764647983;0.0
533.702024507649;281.749771118164;40;edc_2;281.749771118164;40;281.749771118164;40;0;0;0;0.0;0.0;0.0
534.8;281.749771118164;40;edc_2;273.822662353516;20;281.749771118164;40;0;-20;-20;0.0;-7.927108764647983;-7.927108764647983
535.5;281.749771118164;40;edc_2;281.749771118164;40;281.749771118164;40;0;0;0;0.0;0.0;0.0
537.401993695168;281.749771118164;40;edc_2;281.749771118164;40;273.822662353516;20;-20;0;20;-7.927108764647983;0.0;7.927108764647983
538.201993279723;281.749771118164;40;edc_2;281.749771118164;40;281.749771118164;40;0;0;0;0.0;0.0;0.0
539.0;281.749771118164;40;edc_2;273.822662353516;20;281.749771118164;40;0;-20;-20;0.0;-7.927108764647983;-7.927108764647983
539.4019908231539;281.749771118164;40;edc_2;273.822662353516;20;273.822662353516;20;-20;-20;0;-7.927108764647983;-7.927108764647983;0.0
539.40203534022;273.822662353516;20;edc_2;273.822662353516;20;273.822662353516;20;0;0;0;0.0;0.0;0.0
539.7;273.822662353516;20;edc_2;281.749771118164;40;273.822662353516;20;0;20;20;0.0;7.927108764647983;7.927108764647983
540.201990817835;273.822662353516;20;edc_2;281.749771118164;40;281.749771118164;40;20;20;0;7.927108764647983;7.927108764647983;0.0
540.2020284064499;281.749771118164;40;edc_2;281.749771118164;40;281.749771118164;40;0;0;0;0.0;0.0;0.0
543.902033404873;273.822662353516;20;edc_2;281.749771118164;40;281.749771118164;40;20;20;0;7.927108764647983;7.927108764647983;0.0
544.702023702509;281.749771118164;40;edc_2;281.749771118164;40;281.749771118164;40;0;0;0;0.0;0.0;0.0
545.8;281.749771118164;40;edc_2;273.822662353516;20;281.749771118164;40;0;-20;-20;0.0;-7.927108764647983;-7.927108764647983
546.5;281.749771118164;40;edc_2;281.749771118164;40;281.749771118164;40;0;0;0;0.0;0.0;0.0
548.401993279723;281.749771118164;40;edc_2;281.749771118164;40;273.822662353516;20;-20;0;20;-7.927108764647983;0.0;7.927108764647983
549.201993069664;281.749771118164;40;edc_2;281.749771118164;40;281.749771118164;40;0;0;0;0.0;0.0;0.0
549.9;281.749771118164;40;edc_2;273.822662353516;20;281.749771118164;40;0;-20;-20;0.0;-7.927108764647983;-7.927108764647983
550.401990817835;281.749771118164;40;edc_2;273.822662353516;20;273.822662353516;20;-20;-20;0;-7.927108764647983;-7.927108764647983;0.0
550.402035186532;273.822662353516;20;edc_2;273.822662353516;20;273.822662353516;20;0;0;0;0.0;0.0;0.0
550.6;273.822662353516;20;edc_2;281.749771118164;40;273.822662353516;20;0;20;20;0.0;7.927108764647983;7.927108764647983
551.201990812434;273.822662353516;20;edc_2;281.749771118164;40;281.749771118164;40;20;20;0;7.927108764647983;7.927108764647983;0.0
551.202028296089;281.749771118164;40;edc_2;281.749771118164;40;281.749771118164;40;0;0;0;0.0;0.0;0.0
554.902032519463;273.822662353516;20;edc_2;281.749771118164;40;281.749771118164;40;20;20;0;7.927108764647983;7.927108764647983;0.0
555.702023578552;281.749771118164;40;edc_2;281.749771118164;40;281.749771118164;40;0;0;0;0.0;0.0;0.0
556.8;281.749771118164;40;edc_2;273.822662353516;20;281.749771118164;40;0;-20;-20;0.0;-7.927108764647983;-7.927108764647983
557.5;281.749771118164;40;edc_2;281.749771118164;40;281.749771118164;40;0;0;0;0.0;0.0;0.0
559.401993069664;281.749771118164;40;edc_2;281.749771118164;40;273.822662353516;20;-20;0;20;-7.927108764647983;0.0;7.927108764647983
560.201992645541;281.749771118164;40;edc_2;281.749771118164;40;281.749771118164;40;0;0;0;0.0;0.0;0.0
560.8;281.749771118164;40;edc_2;273.822662353516;20;281.749771118164;40;0;-20;-20;0.0;-7.927108764647983;-7.927108764647983
561.401990812434;281.749771118164;40;edc_2;273.822662353516;20;273.822662353516;20;-20;-20;0;-7.927108764647983;-7.927108764647983;0.0
561.4020350139521;273.822662353516;20;edc_2;273.822662353516;20;273.822662353516;20;0;0;0;0.0;0.0;0.0
561.5;273.822662353516;20;edc_2;281.749771118164;40;273.822662353516;20;0;20;20;0.0;7.927108764647983;7.927108764647983
562.201990801389;273.822662353516;20;edc_2;281.749771118164;40;281.749771118164;40;20;20;0;7.927108764647983;7.927108764647983;0.0
562.202028078908;281.749771118164;40;edc_2;281.749771118164;40;281.749771118164;40;0;0;0;0.0;0.0;0.0
565.9020324671089;273.822662353516;20;edc_2;281.749771118164;40;281.749771118164;40;20;20;0;7.927108764647983;7.927108764647983;0.0
566.7020296231871;281.749771118164;40;edc_2;281.749771118164;40;281.749771118164;40;0;0;0;0.0;0.0;0.0
567.8;281.749771118164;40;edc_2;273.822662353516;20;281.749771118164;40;0;-20;-20;0.0;-7.927108764647983;-7.927108764647983
568.5;281.749771118164;40;edc_2;281.749771118164;40;281.749771118164;40;0;0;0;0.0;0.0;0.0
570.401992645541;281.749771118164;40;edc_2;281.749771118164;40;273.822662353516;20;-20;0;20;-7.927108764647983;0.0;7.927108764647983
571.201992645541;281.749771118164;40;edc_2;281.749771118164;40;281.749771118164;40;0;0;0;0.0;0.0;0.0
571.8;281.749771118164;40;edc_2;273.822662353516;20;281.749771118164;40;0;-20;-20;0.0;-7.927108764647983;-7.927108764647983
572.401990801389;281.749771118164;40;edc_2;273.822662353516;20;273.822662353516;20;-20;-20;0;-7.927108764647983;-7.927108764647983;0.0
572.402034735333;273.822662353516;20;edc_2;273.822662353516;20;273.822662353516;20;0;0;0;0.0;0.0;0.0
572.5;273.822662353516;20;edc_2;281.749771118164;40;273.822662353516;20;0;20;20;0.0;7.927108764647983;7.927108764647983
573.201990795744;273.822662353516;20;edc_2;281.749771118164;40;281.749771118164;40;20;20;0;7.927108764647983;7.927108764647983;0.0
573.202027972207;281.749771118164;40;edc_2;281.749771118164;40;281.749771118164;40;0;0;0;0.0;0.0;0.0
576.902036179874;273.822662353516;20;edc_2;281.749771118164;40;281.749771118164;40;20;20;0;7.927108764647983;7.927108764647983;0.0
577.7020296231871;281.749771118164;40;edc_2;281.749771118164;40;281.749771118164;40;0;0;0;0.0;0.0;0.0
578.8;281.749771118164;40;edc_2;273.822662353516;20;281.749771118164;40;0;-20;-20;0.0;-7.927108764647983;-7.927108764647983
579.5;281.749771118164;40;edc_2;281.749771118164;40;281.749771118164;40;0;0;0;0.0;0.0;0.0
581.401992645541;281.749771118164;40;edc_2;281.749771118164;40;273.822662353516;20;-20;0;20;-7.927108764647983;0.0;7.927108764647983
582.201992645541;281.749771118164;40;edc_2;281.749771118164;40;281.749771118164;40;0;0;0;0.0;0.0;0.0
582.8;281.749771118164;40;edc_2;273.822662353516;20;281.749771118164;40;0;-20;-20;0.0;-7.927108764647983;-7.927108764647983
583.401990795744;281.749771118164;40;edc_2;273.822662353516;20;273.822662353516;20;-20;-20;0;-7.927108764647983;-7.927108764647983;0.0
583.4020345884941;273.822662353516;20;edc_2;273.822662353516;20;273.822662353516;20;0;0;0;0.0;0.0;0.0
583.5;273.822662353516;20;edc_2;281.749771118164;40;273.822662353516;20;0;20;20;0.0;7.927108764647983;7.927108764647983
584.201990790018;273.822662353516;20;edc_2;281.749771118164;40;281.749771118164;40;20;20;0;7.927108764647983;7.927108764647983;0.0
584.202027866849;281.749771118164;40;edc_2;281.749771118164;40;281.749771118164;40;0;0;0;0.0;0.0;0.0
587.902036179874;273.822662353516;20;edc_2;281.749771118164;40;281.749771118164;40;20;20;0;7.927108764647983;7.927108764647983;0.0
588.7020296231871;281.749771118164;40;edc_2;281.749771118164;40;281.749771118164;40;0;0;0;0.0;0.0;0.0
589.8;281.749771118164;40;edc_2;273.822662353516;20;281.749771118164;40;0;-20;-20;0.0;-7.927108764647983;-7.927108764647983
590.5;281.749771118164;40;edc_2;281.749771118164;40;281.749771118164;40;0;0;0;0.0;0.0;0.0
592.401992645541;281.749771118164;40;edc_2;281.749771118164;40;273.822662353516;20;-20;0;20;-7.927108764647983;0.0;7.927108764647983
593.201992645541;281.749771118164;40;edc_2;281.749771118164;40;281.749771118164;40;0;0;0;0.0;0.0;0.0
593.8;281.749771118164;40;edc_2;273.822662353516;20;281.749771118164;40;0;-20;-20;0.0;-7.927108764647983;-7.927108764647983
594.401990790019;281.749771118164;40;edc_2;273.822662353516;20;273.822662353516;20;-20;-20;0;-7.927108764647983;-7.927108764647983;0.0
594.402034463209;273.822662353516;20;edc_2;273.822662353516;20;273.822662353516;20;0;0;0;0.0;0.0;0.0
594.5;273.822662353516;20;edc_2;281.749771118164;40;273.822662353516;20;0;20;20;0.0;7.927108764647983;7.927108764647983
595.201990790018;273.822662353516;20;edc_2;281.749771118164;40;281.749771118164;40;20;20;0;7.927108764647983;7.927108764647983;0.0
595.202027866849;281.749771118164;40;edc_2;281.749771118164;40;281.749771118164;40;0;0;0;0.0;0.0;0.0
598.902036179874;273.822662353516;20;edc_2;281.749771118164;40;281.749771118164;40;20;20;0;7.927108764647983;7.927108764647983;0.0
599.7020296231871;281.749771118164;40;edc_2;281.749771118164;40;281.749771118164;40;0;0;0;0.0;0.0;0.0
